date,open,high,low,close,volume
1788617169,0.01,0.01,0.01,0.01,0
1788617469,0.01,0.01,0.01,0.01,0
1788617769,0.01,0.01,0.01,0.01,0
1788618069,0.01,0.01,0.01,0.01,0
1788618369,0.01,0.01,0.01,0.01,0
1788618669,0.01,0.01,0.01,0.01,0
1788618969,0.01,0.01,0.01,0.01,0
1788619269,0.01,0.01,0.01,0.01,0
1788619569,0.01,0.01,0.01,0.01,0
1788619869,0.01,0.01,0.01,0.01,0
1788620169,0.01,0.01,0.01,0.01,0
1788620469,0.01,0.01,0.01,0.01,0
1788620769,0.01,0.01,0.01,0.01,0
1788621069,0.01,0.01,0.01,0.01,0
1788621369,0.01,0.01,0.01,0.01,0
1788621669,0.01,0.01,0.01,0.01,0
1788621969,0.01,0.01,0.01,0.01,0
1788622269,0.01,0.01,0.01,0.01,0
1788622569,0.01,0.01,0.01,0.01,0
1788622869,0.01,0.01,0.01,0.01,0
1788623169,0.01,0.01,0.01,0.01,0
1788623469,0.01,0.01,0.01,0.01,0
1788623769,0.01,0.01,0.01,0.01,0
1788624069,0.01,0.01,0.01,0.01,0
1788624369,0.01,0.01,0.01,0.01,0
1788624669,0.01,0.01,0.01,0.01,0
1788624969,0.01,0.01,0.01,0.01,0
1788625269,0.01,0.01,0.01,0.01,0
1788625569,0.01,0.01,0.01,0.01,0
1788625869,0.01,0.01,0.01,0.01,0
1788626169,0.01,0.01,0.01,0.01,0
1788626469,0.01,0.01,0.01,0.01,0
1788626769,0.01,0.01,0.01,0.01,0
1788627069,0.01,0.01,0.01,0.01,0
1788627369,0.01,0.01,0.01,0.01,0
1788627669,0.01,0.01,0.01,0.01,0
1788627969,0.01,0.01,0.01,0.01,0
1788628269,0.01,0.01,0.01,0.01,0
1788628569,0.01,0.01,0.01,0.01,0
1788628869,0.01,0.01,0.01,0.01,0
1788629169,0.01,0.01,0.01,0.01,0
1788629469,0.01,0.01,0.01,0.01,0
1788629769,0.01,0.01,0.01,0.01,0
1788630069,0.01,0.01,0.01,0.01,0
1788630369,0.01,0.01,0.01,0.01,0
1788630669,0.01,0.01,0.01,0.01,0
1788630969,0.01,0.01,0.01,0.01,0
1788631269,0.01,0.01,0.01,0.01,0
1788631569,0.01,0.01,0.01,0.01,0
1788631869,0.01,0.01,0.01,0.01,0
1788632169,0.01,0.01,0.01,0.01,0
1788632469,0.01,0.01,0.01,0.01,0
1788632769,0.01,0.01,0.01,0.01,0
1788633069,0.01,0.01,0.01,0.01,0
1788633369,0.01,0.01,0.01,0.01,0
1788633669,0.01,0.01,0.01,0.01,0
1788633969,0.01,0.01,0.01,0.01,0
1788634269,0.01,0.01,0.01,0.01,0
1788634569,0.01,0.01,0.01,0.01,0
1788634869,0.01,0.01,0.01,0.01,0
1788635169,0.01,0.01,0.01,0.01,0
1788635469,0.01,0.01,0.01,0.01,0
1788635769,0.01,0.01,0.01,0.01,0
1788636069,0.01,0.01,0.01,0.01,0
1788636369,0.01,0.01,0.01,0.01,0
1788636669,0.01,0.01,0.01,0.01,0
1788636969,0.01,0.01,0.01,0.01,0
1788637269,0.01,0.01,0.01,0.01,0
1788637569,0.01,0.01,0.01,0.01,0
1788637869,0.01,0.01,0.01,0.01,0
1788638169,0.01,0.01,0.01,0.01,0
1788638469,0.01,0.01,0.01,0.01,0
1788638769,0.01,0.01,0.01,0.01,0
1788639069,0.01,0.01,0.01,0.01,0
1788639369,0.01,0.01,0.01,0.01,0
1788639669,0.01,0.01,0.01,0.01,0
1788639969,0.01,0.01,0.01,0.01,0
1788640269,0.01,0.01,0.01,0.01,0
1788640569,0.01,0.01,0.01,0.01,0
1788640869,0.01,0.01,0.01,0.01,0
1788641169,0.01,0.01,0.01,0.01,0
1788641469,0.01,0.01,0.01,0.01,0
1788641769,0.01,0.01,0.01,0.01,0
1788642069,0.01,0.01,0.01,0.01,0
1788642369,0.01,0.01,0.01,0.01,0
1788642669,0.01,0.01,0.01,0.01,0
1788642969,0.01,0.01,0.01,0.01,0
1788643269,0.01,0.01,0.01,0.01,0
1788643569,0.01,0.01,0.01,0.01,0
1788643869,0.01,0.01,0.01,0.01,0
1788644169,0.01,0.01,0.01,0.01,0
1788644469,0.01,0.01,0.01,0.01,0
1788644769,0.01,0.01,0.01,0.01,0
1788645069,0.01,0.01,0.01,0.01,0
1788645369,0.01,0.01,0.01,0.01,0
1788645669,0.01,0.01,0.01,0.01,0
1788645969,0.01,0.01,0.01,0.01,0
1788646269,0.01,0.01,0.01,0.01,0
1788646569,0.01,0.01,0.01,0.01,0
1788646869,0.01,0.01,0.01,0.01,0
1788647169,0.01,0.01,0.01,0.01,0
1788647469,0.01,0.01,0.01,0.01,0
1788647769,0.01,0.01,0.01,0.01,0
1788648069,0.01,0.01,0.01,0.01,0
1788648369,0.01,0.01,0.01,0.01,0
1788648669,0.01,0.01,0.01,0.01,0
1788648969,0.01,0.01,0.01,0.01,0
1788649269,0.01,0.01,0.01,0.01,0
1788649569,0.01,0.01,0.01,0.01,0
1788649869,0.01,0.01,0.01,0.01,0
1788650169,0.01,0.01,0.01,0.01,0
1788650469,0.01,0.01,0.01,0.01,0
1788650769,0.01,0.01,0.01,0.01,0
1788651069,0.01,0.01,0.01,0.01,0
1788651369,0.01,0.01,0.01,0.01,0
1788651669,0.01,0.01,0.01,0.01,0
1788651969,0.01,0.01,0.01,0.01,0
1788652269,0.01,0.01,0.01,0.01,0
1788652569,0.01,0.01,0.01,0.01,0
1788652869,0.01,0.01,0.01,0.01,0
1788653169,0.01,0.01,0.01,0.01,0
1788653469,0.01,0.01,0.01,0.01,0
1788653769,0.01,0.01,0.01,0.01,0
1788654069,0.01,0.01,0.01,0.01,0
1788654369,0.01,0.01,0.01,0.01,0
1788654669,0.01,0.01,0.01,0.01,0
1788654969,0.01,0.01,0.01,0.01,0
1788655269,0.01,0.01,0.01,0.01,0
1788655569,0.01,0.01,0.01,0.01,0
1788655869,0.01,0.01,0.01,0.01,0
1788656169,0.01,0.01,0.01,0.01,0
1788656469,0.01,0.01,0.01,0.01,0
1788656769,0.01,0.01,0.01,0.01,0
1788657069,0.01,0.01,0.01,0.01,0
1788657369,0.01,0.01,0.01,0.01,0
1788657669,0.01,0.01,0.01,0.01,0
1788657969,0.01,0.01,0.01,0.01,0
1788658269,0.01,0.01,0.01,0.01,0
1788658569,0.01,0.01,0.01,0.01,0
1788658869,0.01,0.01,0.01,0.01,0
1788659169,0.01,0.01,0.01,0.01,0
1788659469,0.01,0.01,0.01,0.01,0
1788659769,0.01,0.01,0.01,0.01,0
1788660069,0.01,0.01,0.01,0.01,0
1788660369,0.01,0.01,0.01,0.01,0
1788660669,0.01,0.01,0.01,0.01,0
1788660969,0.01,0.01,0.01,0.01,0
1788661269,0.01,0.01,0.01,0.01,0
1788661569,0.01,0.01,0.01,0.01,0
1788661869,0.01,0.01,0.01,0.01,0
1788662169,0.01,0.01,0.01,0.01,0
1788662469,0.01,0.01,0.01,0.01,0
1788662769,0.01,0.01,0.01,0.01,0
1788663069,0.01,0.01,0.01,0.01,0
1788663369,0.01,0.01,0.01,0.01,0
1788663669,0.01,0.01,0.01,0.01,0
1788663969,0.01,0.01,0.01,0.01,0
1788664269,0.01,0.01,0.01,0.01,0
1788664569,0.01,0.01,0.01,0.01,0
1788664869,0.01,0.01,0.01,0.01,0
1788665169,0.01,0.01,0.01,0.01,0
1788665469,0.01,0.01,0.01,0.01,0
1788665769,0.01,0.01,0.01,0.01,0
1788666069,0.01,0.01,0.01,0.01,0
1788666369,0.01,0.01,0.01,0.01,0
1788666669,0.01,0.01,0.01,0.01,0
1788666969,0.01,0.01,0.01,0.01,0
1788667269,0.01,0.01,0.01,0.01,0
1788667569,0.01,0.01,0.01,0.01,0
1788667869,0.01,0.01,0.01,0.01,0
1788668169,0.01,0.01,0.01,0.01,0
1788668469,0.01,0.01,0.01,0.01,0
1788668769,0.01,0.01,0.01,0.01,0
1788669069,0.01,0.01,0.01,0.01,0
1788669369,0.01,0.01,0.01,0.01,0
1788669669,0.01,0.01,0.01,0.01,0
1788669969,0.01,0.01,0.01,0.01,0
1788670269,0.01,0.01,0.01,0.01,0
1788670569,0.01,0.01,0.01,0.01,0
1788670869,0.01,0.01,0.01,0.01,0
1788671169,0.01,0.01,0.01,0.01,0
1788671469,0.01,0.01,0.01,0.01,0
1788671769,0.01,0.01,0.01,0.01,0
1788672069,0.01,0.01,0.01,0.01,0
1788672369,0.01,0.01,0.01,0.01,0
1788672669,0.01,0.01,0.01,0.01,0
1788672969,0.01,0.01,0.01,0.01,0
1788673269,0.01,0.01,0.01,0.01,0
1788673569,0.01,0.01,0.01,0.01,0
1788673869,0.01,0.01,0.01,0.01,0
1788674169,0.01,0.01,0.01,0.01,0
1788674469,0.01,0.01,0.01,0.01,0
1788674769,0.01,0.01,0.01,0.01,0
1788675069,0.01,0.01,0.01,0.01,0
1788675369,0.01,0.01,0.01,0.01,0
1788675669,0.01,0.01,0.01,0.01,0
1788675969,0.01,0.01,0.01,0.01,0
1788676269,0.01,0.01,0.01,0.01,0
1788676569,0.01,0.01,0.01,0.01,0
1788676869,0.01,0.01,0.01,0.01,0
1788677169,0.01,0.01,0.01,0.01,0
1788677469,0.01,0.01,0.01,0.01,0
1788677769,0.01,0.01,0.01,0.01,0
1788678069,0.01,0.01,0.01,0.01,0
1788678369,0.01,0.01,0.01,0.01,0
1788678669,0.01,0.01,0.01,0.01,0
1788678969,0.01,0.01,0.01,0.01,0
1788679269,0.01,0.01,0.01,0.01,0
1788679569,0.01,0.01,0.01,0.01,0
1788679869,0.01,0.01,0.01,0.01,0
1788680169,0.01,0.01,0.01,0.01,0
1788680469,0.01,0.01,0.01,0.01,0
1788680769,0.01,0.01,0.01,0.01,0
1788681069,0.01,0.01,0.01,0.01,0
1788681369,0.01,0.01,0.01,0.01,0
1788681669,0.01,0.01,0.01,0.01,0
1788681969,0.01,0.01,0.01,0.01,0
1788682269,0.01,0.01,0.01,0.01,0
1788682569,0.01,0.01,0.01,0.01,0
1788682869,0.01,0.01,0.01,0.01,0
1788683169,0.01,0.01,0.01,0.01,0
1788683469,0.01,0.01,0.01,0.01,0
1788683769,0.01,0.01,0.01,0.01,0
1788684069,0.01,0.01,0.01,0.01,0
1788684369,0.01,0.01,0.01,0.01,0
1788684669,0.01,0.01,0.01,0.01,0
1788684969,0.01,0.01,0.01,0.01,0
1788685269,0.01,0.01,0.01,0.01,0
1788685569,0.01,0.01,0.01,0.01,0
1788685869,0.01,0.01,0.01,0.01,0
1788686169,0.01,0.01,0.01,0.01,0
1788686469,0.01,0.01,0.01,0.01,0
1788686769,0.01,0.01,0.01,0.01,0
1788687069,0.01,0.01,0.01,0.01,0
1788687369,0.01,0.01,0.01,0.01,0
1788687669,0.01,0.01,0.01,0.01,0
1788687969,0.01,0.01,0.01,0.01,0
1788688269,0.01,0.01,0.01,0.01,0
1788688569,0.01,0.01,0.01,0.01,0
1788688869,0.01,0.01,0.01,0.01,0
1788689169,0.01,0.01,0.01,0.01,0
1788689469,0.01,0.01,0.01,0.01,0
1788689769,0.01,0.01,0.01,0.01,0
1788690069,0.01,0.01,0.01,0.01,0
1788690369,0.01,0.01,0.01,0.01,0
1788690669,0.01,0.01,0.01,0.01,0
1788690969,0.01,0.01,0.01,0.01,0
1788691269,0.01,0.01,0.01,0.01,0
1788691569,0.01,0.01,0.01,0.01,0
1788691869,0.01,0.01,0.01,0.01,0
1788692169,0.01,0.01,0.01,0.01,0
1788692469,0.01,0.01,0.01,0.01,0
1788692769,0.01,0.01,0.01,0.01,0
1788693069,0.01,0.01,0.01,0.01,0
1788693369,0.01,0.01,0.01,0.01,0
1788693669,0.01,0.01,0.01,0.01,0
1788693969,0.01,0.01,0.01,0.01,0
1788694269,0.01,0.01,0.01,0.01,0
1788694569,0.01,0.01,0.01,0.01,0
1788694869,0.01,0.01,0.01,0.01,0
1788695169,0.01,0.01,0.01,0.01,0
1788695469,0.01,0.01,0.01,0.01,0
1788695769,0.01,0.01,0.01,0.01,0
1788696069,0.01,0.01,0.01,0.01,0
1788696369,0.01,0.01,0.01,0.01,0
1788696669,0.01,0.01,0.01,0.01,0
1788696969,0.01,0.01,0.01,0.01,0
1788697269,0.01,0.01,0.01,0.01,0
1788697569,0.01,0.01,0.01,0.01,0
1788697869,0.01,0.01,0.01,0.01,0
1788698169,0.01,0.01,0.01,0.01,0
1788698469,0.01,0.01,0.01,0.01,0
1788698769,0.01,0.01,0.01,0.01,0
1788699069,0.01,0.01,0.01,0.01,0
1788699369,0.01,0.01,0.01,0.01,0
1788699669,0.01,0.01,0.01,0.01,0
1788699969,0.01,0.01,0.01,0.01,0
1788700269,0.01,0.01,0.01,0.01,0
1788700569,0.01,0.01,0.01,0.01,0
1788700869,0.01,0.01,0.01,0.01,0
1788701169,0.01,0.01,0.01,0.01,0
1788701469,0.01,0.01,0.01,0.01,0
1788701769,0.01,0.01,0.01,0.01,0
1788702069,0.01,0.01,0.01,0.01,0
1788702369,0.01,0.01,0.01,0.01,0
1788702669,0.01,0.01,0.01,0.01,0
1788702969,0.01,0.01,0.01,0.01,0
1788703269,0.01,0.01,0.01,0.01,0
1788703569,0.01,0.01,0.01,0.01,0
1788703869,0.01,0.01,0.01,0.01,0
1788704169,0.01,0.01,0.01,0.01,0
1788704469,0.01,0.01,0.01,0.01,0
1788704769,0.01,0.01,0.01,0.01,0
1788705069,0.01,0.01,0.01,0.01,0
1788705369,0.01,0.01,0.01,0.01,0
1788705669,0.01,0.01,0.01,0.01,0
1788705969,0.01,0.01,0.01,0.01,0
1788706269,0.01,0.01,0.01,0.01,0
1788706569,0.01,0.01,0.01,0.01,0
1788706869,0.01,0.01,0.01,0.01,0
1788707169,0.01,0.01,0.01,0.01,0
1788707469,0.01,0.01,0.01,0.01,0
1788707769,0.01,0.01,0.01,0.01,0
1788708069,0.01,0.01,0.01,0.01,0
1788708369,0.01,0.01,0.01,0.01,0
1788708669,0.01,0.01,0.01,0.01,0
1788708969,0.01,0.01,0.01,0.01,0
1788709269,0.01,0.01,0.01,0.01,0
1788709569,0.01,0.01,0.01,0.01,0
1788709869,0.01,0.01,0.01,0.01,0
1788710169,0.01,0.01,0.01,0.01,0
1788710469,0.01,0.01,0.01,0.01,0
1788710769,0.01,0.01,0.01,0.01,0
1788711069,0.01,0.01,0.01,0.01,0
1788711369,0.01,0.01,0.01,0.01,0
1788711669,0.01,0.01,0.01,0.01,0
1788711969,0.01,0.01,0.01,0.01,0
1788712269,0.01,0.01,0.01,0.01,0
1788712569,0.01,0.01,0.01,0.01,0
1788712869,0.01,0.01,0.01,0.01,0
1788713169,0.01,0.01,0.01,0.01,0
1788713469,0.01,0.01,0.01,0.01,0
1788713769,0.01,0.01,0.01,0.01,0
1788714069,0.01,0.01,0.01,0.01,0
1788714369,0.01,0.01,0.01,0.01,0
1788714669,0.01,0.01,0.01,0.01,0
1788714969,0.01,0.01,0.01,0.01,0
1788715269,0.01,0.01,0.01,0.01,0
1788715569,0.01,0.01,0.01,0.01,0
1788715869,0.01,0.01,0.01,0.01,0
1788716169,0.01,0.01,0.01,0.01,0
1788716469,0.01,0.01,0.01,0.01,0
1788716769,0.01,0.01,0.01,0.01,0
1788717069,0.01,0.01,0.01,0.01,0
1788717369,0.01,0.01,0.01,0.01,0
1788717669,0.01,0.01,0.01,0.01,0
1788717969,0.01,0.01,0.01,0.01,0
1788718269,0.01,0.01,0.01,0.01,0
1788718569,0.01,0.01,0.01,0.01,0
1788718869,0.01,0.01,0.01,0.01,0
1788719169,0.01,0.01,0.01,0.01,0
1788719469,0.01,0.01,0.01,0.01,0
1788719769,0.01,0.01,0.01,0.01,0
1788720069,0.01,0.01,0.01,0.01,0
1788720369,0.01,0.01,0.01,0.01,0
1788720669,0.01,0.01,0.01,0.01,0
1788720969,0.01,0.01,0.01,0.01,0
1788721269,0.01,0.01,0.01,0.01,0
1788721569,0.01,0.01,0.01,0.01,0
1788721869,0.01,0.01,0.01,0.01,0
1788722169,0.01,0.01,0.01,0.01,0
1788722469,0.01,0.01,0.01,0.01,0
1788722769,0.01,0.01,0.01,0.01,0
1788723069,0.01,0.01,0.01,0.01,0
1788723369,0.01,0.01,0.01,0.01,0
1788723669,0.01,0.01,0.01,0.01,0
1788723969,0.01,0.01,0.01,0.01,0
1788724269,0.01,0.01,0.01,0.01,0
1788724569,0.01,0.01,0.01,0.01,0
1788724869,0.01,0.01,0.01,0.01,0
1788725169,0.01,0.01,0.01,0.01,0
1788725469,0.01,0.01,0.01,0.01,0
1788725769,0.01,0.01,0.01,0.01,0
1788726069,0.01,0.01,0.01,0.01,0
1788726369,0.01,0.01,0.01,0.01,0
1788726669,0.01,0.01,0.01,0.01,0
1788726969,0.01,0.01,0.01,0.01,0
1788727269,0.01,0.01,0.01,0.01,0
1788727569,0.01,0.01,0.01,0.01,0
1788727869,0.01,0.01,0.01,0.01,0
1788728169,0.01,0.01,0.01,0.01,0
1788728469,0.01,0.01,0.01,0.01,0
1788728769,0.01,0.01,0.01,0.01,0
1788729069,0.01,0.01,0.01,0.01,0
1788729369,0.01,0.01,0.01,0.01,0
1788729669,0.01,0.01,0.01,0.01,0
1788729969,0.01,0.01,0.01,0.01,0
1788730269,0.01,0.01,0.01,0.01,0
1788730569,0.01,0.01,0.01,0.01,0
1788730869,0.01,0.01,0.01,0.01,0
1788731169,0.01,0.01,0.01,0.01,0
1788731469,0.01,0.01,0.01,0.01,0
1788731769,0.01,0.01,0.01,0.01,0
1788732069,0.01,0.01,0.01,0.01,0
1788732369,0.01,0.01,0.01,0.01,0
1788732669,0.01,0.01,0.01,0.01,0
1788732969,0.01,0.01,0.01,0.01,0
1788733269,0.01,0.01,0.01,0.01,0
1788733569,0.01,0.01,0.01,0.01,0
1788733869,0.01,0.01,0.01,0.01,0
1788734169,0.01,0.01,0.01,0.01,0
1788734469,0.01,0.01,0.01,0.01,0
1788734769,0.01,0.01,0.01,0.01,0
1788735069,0.01,0.01,0.01,0.01,0
1788735369,0.01,0.01,0.01,0.01,0
1788735669,0.01,0.01,0.01,0.01,0
1788735969,0.01,0.01,0.01,0.01,0
1788736269,0.01,0.01,0.01,0.01,0
1788736569,0.01,0.01,0.01,0.01,0
1788736869,0.01,0.01,0.01,0.01,0
1788737169,0.01,0.01,0.01,0.01,0
1788737469,0.01,0.01,0.01,0.01,0
1788737769,0.01,0.01,0.01,0.01,0
1788738069,0.01,0.01,0.01,0.01,0
1788738369,0.01,0.01,0.01,0.01,0
1788738669,0.01,0.01,0.01,0.01,0
1788738969,0.01,0.01,0.01,0.01,0
1788739269,0.01,0.01,0.01,0.01,0
1788739569,0.0099796224,0.0099796224,0.0099796224,0.0099796224,0
1788739869,0.0099116597,0.0099116597,0.0099116597,0.0099116597,0
1788740169,0.0099136826,0.0099136826,0.0099136826,0.0099136826,0
1788740469,0.0099532379,0.0099532379,0.0099532379,0.0099532379,0
1788740769,0.0099273845,0.0099273845,0.0099273845,0.0099273845,0
1788741069,0.0099196157,0.0099196157,0.0099196157,0.0099196157,0
1788741369,0.0099685481,0.0099685481,0.0099685481,0.0099685481,0
1788741669,0.0099698362,0.0099698362,0.0099698362,0.0099698362,0
1788741969,0.01,0.01,0.01,0.01,0
1788742269,0.01,0.01,0.01,0.01,0
1788742569,0.01,0.01,0.01,0.01,0
1788742869,0.01,0.01,0.01,0.01,0
1788743169,0.01,0.01,0.01,0.01,0
1788743469,0.01,0.01,0.01,0.01,0
1788743769,0.01,0.01,0.01,0.01,0
1788744069,0.01,0.01,0.01,0.01,0
1788744369,0.01,0.01,0.01,0.01,0
1788744669,0.01,0.01,0.01,0.01,0
1788744969,0.01,0.01,0.01,0.01,0
1788745269,0.01,0.01,0.01,0.01,0
1788745569,0.01,0.01,0.01,0.01,0
1788745869,0.01,0.01,0.01,0.01,0
1788746169,0.01,0.01,0.01,0.01,0
1788746469,0.01,0.01,0.01,0.01,0
1788746769,0.01,0.01,0.01,0.01,0
1788747069,0.01,0.01,0.01,0.01,0
1788747369,0.01,0.01,0.01,0.01,0
1788747669,0.01,0.01,0.01,0.01,0
1788747969,0.01,0.01,0.01,0.01,0
1788748269,0.01,0.01,0.01,0.01,0
1788748569,0.01,0.01,0.01,0.01,0
1788748869,0.01,0.01,0.01,0.01,0
1788749169,0.01,0.01,0.01,0.01,0
1788749469,0.01,0.01,0.01,0.01,0
1788749769,0.01,0.01,0.01,0.01,0
1788750069,0.01,0.01,0.01,0.01,0
1788750369,0.01,0.01,0.01,0.01,0
1788750669,0.01,0.01,0.01,0.01,0
1788750969,0.01,0.01,0.01,0.01,0
1788751269,0.01,0.01,0.01,0.01,0
1788751569,0.01,0.01,0.01,0.01,0
1788751869,0.01,0.01,0.01,0.01,0
1788752169,0.01,0.01,0.01,0.01,0
1788752469,0.01,0.01,0.01,0.01,0
1788752769,0.01,0.01,0.01,0.01,0
1788753069,0.01,0.01,0.01,0.01,0
1788753369,0.01,0.01,0.01,0.01,0
1788753669,0.01,0.01,0.01,0.01,0
1788753969,0.01,0.01,0.01,0.01,0
1788754269,0.01,0.01,0.01,0.01,0
1788754569,0.01,0.01,0.01,0.01,0
1788754869,0.01,0.01,0.01,0.01,0
1788755169,0.01,0.01,0.01,0.01,0
1788755469,0.01,0.01,0.01,0.01,0
1788755769,0.01,0.01,0.01,0.01,0
1788756069,0.01,0.01,0.01,0.01,0
1788756369,0.01,0.01,0.01,0.01,0
1788756669,0.01,0.01,0.01,0.01,0
1788756969,0.01,0.01,0.01,0.01,0
1788757269,0.01,0.01,0.01,0.01,0
1788757569,0.01,0.01,0.01,0.01,0
1788757869,0.01,0.01,0.01,0.01,0
1788758169,0.01,0.01,0.01,0.01,0
1788758469,0.01,0.01,0.01,0.01,0
1788758769,0.01,0.01,0.01,0.01,0
1788759069,0.01,0.01,0.01,0.01,0
1788759369,0.01,0.01,0.01,0.01,0
1788759669,0.01,0.01,0.01,0.01,0
1788759969,0.01,0.01,0.01,0.01,0
1788760269,0.01,0.01,0.01,0.01,0
1788760569,0.01,0.01,0.01,0.01,0
1788760869,0.01,0.01,0.01,0.01,0
1788761169,0.01,0.01,0.01,0.01,0
1788761469,0.01,0.01,0.01,0.01,0
1788761769,0.01,0.01,0.01,0.01,0
1788762069,0.01,0.01,0.01,0.01,0
1788762369,0.01,0.01,0.01,0.01,0
1788762669,0.01,0.01,0.01,0.01,0
1788762969,0.01,0.01,0.01,0.01,0
1788763269,0.01,0.01,0.01,0.01,0
1788763569,0.01,0.01,0.01,0.01,0
1788763869,0.01,0.01,0.01,0.01,0
1788764169,0.01,0.01,0.01,0.01,0
1788764469,0.01,0.01,0.01,0.01,0
1788764769,0.01,0.01,0.01,0.01,0
1788765069,0.01,0.01,0.01,0.01,0
1788765369,0.01,0.01,0.01,0.01,0
1788765669,0.01,0.01,0.01,0.01,0
1788765969,0.01,0.01,0.01,0.01,0
1788766269,0.01,0.01,0.01,0.01,0
1788766569,0.01,0.01,0.01,0.01,0
1788766869,0.01,0.01,0.01,0.01,0
1788767169,0.01,0.01,0.01,0.01,0
1788767469,0.01,0.01,0.01,0.01,0
1788767769,0.01,0.01,0.01,0.01,0
1788768069,0.01,0.01,0.01,0.01,0
1788768369,0.01,0.01,0.01,0.01,0
1788768669,0.01,0.01,0.01,0.01,0
1788768969,0.01,0.01,0.01,0.01,0
1788769269,0.01,0.01,0.01,0.01,0
1788769569,0.01,0.01,0.01,0.01,0
1788769869,0.01,0.01,0.01,0.01,0
1788770169,0.01,0.01,0.01,0.01,0
1788770469,0.01,0.01,0.01,0.01,0
1788770769,0.01,0.01,0.01,0.01,0
1788771069,0.01,0.01,0.01,0.01,0
1788771369,0.01,0.01,0.01,0.01,0
1788771669,0.01,0.01,0.01,0.01,0
1788771969,0.01,0.01,0.01,0.01,0
1788772269,0.01,0.01,0.01,0.01,0
1788772569,0.01,0.01,0.01,0.01,0
1788772869,0.01,0.01,0.01,0.01,0
1788773169,0.01,0.01,0.01,0.01,0
1788773469,0.01,0.01,0.01,0.01,0
1788773769,0.01,0.01,0.01,0.01,0
1788774069,0.01,0.01,0.01,0.01,0
1788774369,0.01,0.01,0.01,0.01,0
1788774669,0.01,0.01,0.01,0.01,0
1788774969,0.01,0.01,0.01,0.01,0
1788775269,0.01,0.01,0.01,0.01,0
1788775569,0.01,0.01,0.01,0.01,0
1788775869,0.01,0.01,0.01,0.01,0
1788776169,0.01,0.01,0.01,0.01,0
1788776469,0.01,0.01,0.01,0.01,0
1788776769,0.01,0.01,0.01,0.01,0
1788777069,0.01,0.01,0.01,0.01,0
1788777369,0.01,0.01,0.01,0.01,0
1788777669,0.01,0.01,0.01,0.01,0
1788777969,0.01,0.01,0.01,0.01,0
1788778269,0.01,0.01,0.01,0.01,0
1788778569,0.01,0.01,0.01,0.01,0
1788778869,0.01,0.01,0.01,0.01,0
1788779169,0.01,0.01,0.01,0.01,0
1788779469,0.01,0.01,0.01,0.01,0
1788779769,0.01,0.01,0.01,0.01,0
1788780069,0.01,0.01,0.01,0.01,0
1788780369,0.01,0.01,0.01,0.01,0
1788780669,0.01,0.01,0.01,0.01,0
1788780969,0.01,0.01,0.01,0.01,0
1788781269,0.01,0.01,0.01,0.01,0
1788781569,0.01,0.01,0.01,0.01,0
1788781869,0.01,0.01,0.01,0.01,0
1788782169,0.01,0.01,0.01,0.01,0
1788782469,0.01,0.01,0.01,0.01,0
1788782769,0.01,0.01,0.01,0.01,0
1788783069,0.01,0.01,0.01,0.01,0
1788783369,0.01,0.01,0.01,0.01,0
1788783669,0.01,0.01,0.01,0.01,0
1788783969,0.01,0.01,0.01,0.01,0
1788784269,0.01,0.01,0.01,0.01,0
1788784569,0.01,0.01,0.01,0.01,0
1788784869,0.01,0.01,0.01,0.01,0
1788785169,0.01,0.01,0.01,0.01,0
1788785469,0.01,0.01,0.01,0.01,0
1788785769,0.01,0.01,0.01,0.01,0
1788786069,0.01,0.01,0.01,0.01,0
1788786369,0.01,0.01,0.01,0.01,0
1788786669,0.01,0.01,0.01,0.01,0
1788786969,0.01,0.01,0.01,0.01,0
1788787269,0.01,0.01,0.01,0.01,0
1788787569,0.01,0.01,0.01,0.01,0
1788787869,0.01,0.01,0.01,0.01,0
1788788169,0.01,0.01,0.01,0.01,0
1788788469,0.01,0.01,0.01,0.01,0
1788788769,0.01,0.01,0.01,0.01,0
1788789069,0.01,0.01,0.01,0.01,0
1788789369,0.01,0.01,0.01,0.01,0
1788789669,0.01,0.01,0.01,0.01,0
1788789969,0.01,0.01,0.01,0.01,0
1788790269,0.01,0.01,0.01,0.01,0
1788790569,0.01,0.01,0.01,0.01,0
1788790869,0.01,0.01,0.01,0.01,0
1788791169,0.01,0.01,0.01,0.01,0
1788791469,0.01,0.01,0.01,0.01,0
1788791769,0.01,0.01,0.01,0.01,0
1788792069,0.01,0.01,0.01,0.01,0
1788792369,0.01,0.01,0.01,0.01,0
1788792669,0.01,0.01,0.01,0.01,0
1788792969,0.01,0.01,0.01,0.01,0
1788793269,0.01,0.01,0.01,0.01,0
1788793569,0.01,0.01,0.01,0.01,0
1788793869,0.01,0.01,0.01,0.01,0
1788794169,0.01,0.01,0.01,0.01,0
1788794469,0.01,0.01,0.01,0.01,0
1788794769,0.01,0.01,0.01,0.01,0
1788795069,0.01,0.01,0.01,0.01,0
1788795369,0.01,0.01,0.01,0.01,0
1788795669,0.01,0.01,0.01,0.01,0
1788795969,0.01,0.01,0.01,0.01,0
1788796269,0.01,0.01,0.01,0.01,0
1788796569,0.01,0.01,0.01,0.01,0
1788796869,0.01,0.01,0.01,0.01,0
1788797169,0.01,0.01,0.01,0.01,0
1788797469,0.01,0.01,0.01,0.01,0
1788797769,0.01,0.01,0.01,0.01,0
1788798069,0.01,0.01,0.01,0.01,0
1788798369,0.01,0.01,0.01,0.01,0
1788798669,0.01,0.01,0.01,0.01,0
1788798969,0.01,0.01,0.01,0.01,0
1788799269,0.01,0.01,0.01,0.01,0
1788799569,0.01,0.01,0.01,0.01,0
1788799869,0.01,0.01,0.01,0.01,0
1788800169,0.01,0.01,0.01,0.01,0
1788800469,0.01,0.01,0.01,0.01,0
1788800769,0.01,0.01,0.01,0.01,0
1788801069,0.01,0.01,0.01,0.01,0
1788801369,0.01,0.01,0.01,0.01,0
1788801669,0.01,0.01,0.01,0.01,0
1788801969,0.01,0.01,0.01,0.01,0
1788802269,0.01,0.01,0.01,0.01,0
1788802569,0.01,0.01,0.01,0.01,0
1788802869,0.01,0.01,0.01,0.01,0
1788803169,0.01,0.01,0.01,0.01,0
1788803469,0.01,0.01,0.01,0.01,0
1788803769,0.01,0.01,0.01,0.01,0
1788804069,0.01,0.01,0.01,0.01,0
1788804369,0.01,0.01,0.01,0.01,0
1788804669,0.01,0.01,0.01,0.01,0
1788804969,0.01,0.01,0.01,0.01,0
1788805269,0.01,0.01,0.01,0.01,0
1788805569,0.01,0.01,0.01,0.01,0
1788805869,0.01,0.01,0.01,0.01,0
1788806169,0.01,0.01,0.01,0.01,0
1788806469,0.01,0.01,0.01,0.01,0
1788806769,0.01,0.01,0.01,0.01,0
1788807069,0.01,0.01,0.01,0.01,0
1788807369,0.01,0.01,0.01,0.01,0
1788807669,0.01,0.01,0.01,0.01,0
1788807969,0.01,0.01,0.01,0.01,0
1788808269,0.01,0.01,0.01,0.01,0
1788808569,0.01,0.01,0.01,0.01,0
1788808869,0.01,0.01,0.01,0.01,0
1788809169,0.01,0.01,0.01,0.01,0
1788809469,0.01,0.01,0.01,0.01,0
1788809769,0.01,0.01,0.01,0.01,0
1788810069,0.01,0.01,0.01,0.01,0
1788810369,0.01,0.01,0.01,0.01,0
1788810669,0.01,0.01,0.01,0.01,0
1788810969,0.01,0.01,0.01,0.01,0
1788811269,0.01,0.01,0.01,0.01,0
1788811569,0.01,0.01,0.01,0.01,0
1788811869,0.01,0.01,0.01,0.01,0
1788812169,0.01,0.01,0.01,0.01,0
1788812469,0.01,0.01,0.01,0.01,0
1788812769,0.01,0.01,0.01,0.01,0
1788813069,0.01,0.01,0.01,0.01,0
1788813369,0.01,0.01,0.01,0.01,0
1788813669,0.01,0.01,0.01,0.01,0
1788813969,0.01,0.01,0.01,0.01,0
1788814269,0.01,0.01,0.01,0.01,0
1788814569,0.01,0.01,0.01,0.01,0
1788814869,0.01,0.01,0.01,0.01,0
1788815169,0.01,0.01,0.01,0.01,0
1788815469,0.01,0.01,0.01,0.01,0
1788815769,0.01,0.01,0.01,0.01,0
1788816069,0.01,0.01,0.01,0.01,0
1788816369,0.01,0.01,0.01,0.01,0
1788816669,0.01,0.01,0.01,0.01,0
1788816969,0.01,0.01,0.01,0.01,0
1788817269,0.01,0.01,0.01,0.01,0
1788817569,0.01,0.01,0.01,0.01,0
1788817869,0.01,0.01,0.01,0.01,0
1788818169,0.01,0.01,0.01,0.01,0
1788818469,0.01,0.01,0.01,0.01,0
1788818769,0.01,0.01,0.01,0.01,0
1788819069,0.01,0.01,0.01,0.01,0
1788819369,0.01,0.01,0.01,0.01,0
1788819669,0.01,0.01,0.01,0.01,0
1788819969,0.01,0.01,0.01,0.01,0
1788820269,0.01,0.01,0.01,0.01,0
1788820569,0.01,0.01,0.01,0.01,0
1788820869,0.01,0.01,0.01,0.01,0
1788821169,0.01,0.01,0.01,0.01,0
1788821469,0.01,0.01,0.01,0.01,0
1788821769,0.01,0.01,0.01,0.01,0
1788822069,0.01,0.01,0.01,0.01,0
1788822369,0.01,0.01,0.01,0.01,0
1788822669,0.01,0.01,0.01,0.01,0
1788822969,0.01,0.01,0.01,0.01,0
1788823269,0.01,0.01,0.01,0.01,0
1788823569,0.01,0.01,0.01,0.01,0
1788823869,0.01,0.01,0.01,0.01,0
1788824169,0.01,0.01,0.01,0.01,0
1788824469,0.01,0.01,0.01,0.01,0
1788824769,0.01,0.01,0.01,0.01,0
1788825069,0.01,0.01,0.01,0.01,0
1788825369,0.01,0.01,0.01,0.01,0
1788825669,0.01,0.01,0.01,0.01,0
1788825969,0.01,0.01,0.01,0.01,0
1788826269,0.01,0.01,0.01,0.01,0
1788826569,0.01,0.01,0.01,0.01,0
1788826869,0.01,0.01,0.01,0.01,0
1788827169,0.01,0.01,0.01,0.01,0
1788827469,0.01,0.01,0.01,0.01,0
1788827769,0.01,0.01,0.01,0.01,0
1788828069,0.01,0.01,0.01,0.01,0
1788828369,0.01,0.01,0.01,0.01,0
1788828669,0.01,0.01,0.01,0.01,0
1788828969,0.01,0.01,0.01,0.01,0
1788829269,0.01,0.01,0.01,0.01,0
1788829569,0.01,0.01,0.01,0.01,0
1788829869,0.01,0.01,0.01,0.01,0
1788830169,0.01,0.01,0.01,0.01,0
1788830469,0.01,0.01,0.01,0.01,0
1788830769,0.01,0.01,0.01,0.01,0
1788831069,0.01,0.01,0.01,0.01,0
1788831369,0.01,0.01,0.01,0.01,0
1788831669,0.01,0.01,0.01,0.01,0
1788831969,0.01,0.01,0.01,0.01,0
1788832269,0.01,0.01,0.01,0.01,0
1788832569,0.01,0.01,0.01,0.01,0
1788832869,0.01,0.01,0.01,0.01,0
1788833169,0.01,0.01,0.01,0.01,0
1788833469,0.01,0.01,0.01,0.01,0
1788833769,0.01,0.01,0.01,0.01,0
1788834069,0.01,0.01,0.01,0.01,0
1788834369,0.01,0.01,0.01,0.01,0
1788834669,0.01,0.01,0.01,0.01,0
1788834969,0.01,0.01,0.01,0.01,0
1788835269,0.01,0.01,0.01,0.01,0
1788835569,0.01,0.01,0.01,0.01,0
1788835869,0.01,0.01,0.01,0.01,0
1788836169,0.01,0.01,0.01,0.01,0
1788836469,0.01,0.01,0.01,0.01,0
1788836769,0.01,0.01,0.01,0.01,0
1788837069,0.01,0.01,0.01,0.01,0
1788837369,0.01,0.01,0.01,0.01,0
1788837669,0.01,0.01,0.01,0.01,0
1788837969,0.01,0.01,0.01,0.01,0
1788838269,0.01,0.01,0.01,0.01,0
1788838569,0.01,0.01,0.01,0.01,0
1788838869,0.01,0.01,0.01,0.01,0
1788839169,0.01,0.01,0.01,0.01,0
1788839469,0.01,0.01,0.01,0.01,0
1788839769,0.01,0.01,0.01,0.01,0
1788840069,0.01,0.01,0.01,0.01,0
1788840369,0.01,0.01,0.01,0.01,0
1788840669,0.01,0.01,0.01,0.01,0
1788840969,0.01,0.01,0.01,0.01,0
1788841269,0.01,0.01,0.01,0.01,0
1788841569,0.01,0.01,0.01,0.01,0
1788841869,0.01,0.01,0.01,0.01,0
1788842169,0.01,0.01,0.01,0.01,0
1788842469,0.01,0.01,0.01,0.01,0
1788842769,0.01,0.01,0.01,0.01,0
1788843069,0.01,0.01,0.01,0.01,0
1788843369,0.01,0.01,0.01,0.01,0
1788843669,0.01,0.01,0.01,0.01,0
1788843969,0.01,0.01,0.01,0.01,0
1788844269,0.01,0.01,0.01,0.01,0
1788844569,0.01,0.01,0.01,0.01,0
1788844869,0.01,0.01,0.01,0.01,0
1788845169,0.01,0.01,0.01,0.01,0
1788845469,0.01,0.01,0.01,0.01,0
1788845769,0.01,0.01,0.01,0.01,0
1788846069,0.01,0.01,0.01,0.01,0
1788846369,0.01,0.01,0.01,0.01,0
1788846669,0.01,0.01,0.01,0.01,0
1788846969,0.01,0.01,0.01,0.01,0
1788847269,0.01,0.01,0.01,0.01,0
1788847569,0.01,0.01,0.01,0.01,0
1788847869,0.01,0.01,0.01,0.01,0
1788848169,0.01,0.01,0.01,0.01,0
1788848469,0.01,0.01,0.01,0.01,0
1788848769,0.01,0.01,0.01,0.01,0
1788849069,0.01,0.01,0.01,0.01,0
1788849369,0.01,0.01,0.01,0.01,0
1788849669,0.01,0.01,0.01,0.01,0
1788849969,0.01,0.01,0.01,0.01,0
1788850269,0.01,0.01,0.01,0.01,0
1788850569,0.01,0.01,0.01,0.01,0
1788850869,0.01,0.01,0.01,0.01,0
1788851169,0.01,0.01,0.01,0.01,0
1788851469,0.01,0.01,0.01,0.01,0
1788851769,0.01,0.01,0.01,0.01,0
1788852069,0.01,0.01,0.01,0.01,0
1788852369,0.01,0.01,0.01,0.01,0
1788852669,0.01,0.01,0.01,0.01,0
1788852969,0.01,0.01,0.01,0.01,0
1788853269,0.01,0.01,0.01,0.01,0
1788853569,0.01,0.01,0.01,0.01,0
1788853869,0.01,0.01,0.01,0.01,0
1788854169,0.01,0.01,0.01,0.01,0
1788854469,0.01,0.01,0.01,0.01,0
1788854769,0.01,0.01,0.01,0.01,0
1788855069,0.01,0.01,0.01,0.01,0
1788855369,0.01,0.01,0.01,0.01,0
1788855669,0.01,0.01,0.01,0.01,0
1788855969,0.01,0.01,0.01,0.01,0
1788856269,0.01,0.01,0.01,0.01,0
1788856569,0.01,0.01,0.01,0.01,0
1788856869,0.01,0.01,0.01,0.01,0
1788857169,0.01,0.01,0.01,0.01,0
1788857469,0.01,0.01,0.01,0.01,0
1788857769,0.01,0.01,0.01,0.01,0
1788858069,0.01,0.01,0.01,0.01,0
1788858369,0.01,0.01,0.01,0.01,0
1788858669,0.01,0.01,0.01,0.01,0
1788858969,0.01,0.01,0.01,0.01,0
1788859269,0.01,0.01,0.01,0.01,0
1788859569,0.01,0.01,0.01,0.01,0
1788859869,0.01,0.01,0.01,0.01,0
1788860169,0.01,0.01,0.01,0.01,0
1788860469,0.01,0.01,0.01,0.01,0
1788860769,0.01,0.01,0.01,0.01,0
1788861069,0.01,0.01,0.01,0.01,0
1788861369,0.01,0.01,0.01,0.01,0
1788861669,0.01,0.01,0.01,0.01,0
1788861969,0.01,0.01,0.01,0.01,0
1788862269,0.01,0.01,0.01,0.01,0
1788862569,0.01,0.01,0.01,0.01,0
1788862869,0.01,0.01,0.01,0.01,0
1788863169,0.01,0.01,0.01,0.01,0
1788863469,0.01,0.01,0.01,0.01,0
1788863769,0.01,0.01,0.01,0.01,0
1788864069,0.01,0.01,0.01,0.01,0
1788864369,0.01,0.01,0.01,0.01,0
1788864669,0.01,0.01,0.01,0.01,0
1788864969,0.01,0.01,0.01,0.01,0
1788865269,0.01,0.01,0.01,0.01,0
1788865569,0.01,0.01,0.01,0.01,0
1788865869,0.01,0.01,0.01,0.01,0
1788866169,0.01,0.01,0.01,0.01,0
1788866469,0.01,0.01,0.01,0.01,0
1788866769,0.01,0.01,0.01,0.01,0
1788867069,0.01,0.01,0.01,0.01,0
1788867369,0.01,0.01,0.01,0.01,0
1788867669,0.01,0.01,0.01,0.01,0
1788867969,0.01,0.01,0.01,0.01,0
1788868269,0.01,0.01,0.01,0.01,0
1788868569,0.01,0.01,0.01,0.01,0
1788868869,0.01,0.01,0.01,0.01,0
1788869169,0.01,0.01,0.01,0.01,0
1788869469,0.01,0.01,0.01,0.01,0
1788869769,0.01,0.01,0.01,0.01,0
1788870069,0.01,0.01,0.01,0.01,0
1788870369,0.01,0.01,0.01,0.01,0
1788870669,0.01,0.01,0.01,0.01,0
1788870969,0.01,0.01,0.01,0.01,0
1788871269,0.01,0.01,0.01,0.01,0
1788871569,0.01,0.01,0.01,0.01,0
1788871869,0.01,0.01,0.01,0.01,0
1788872169,0.01,0.01,0.01,0.01,0
1788872469,0.01,0.01,0.01,0.01,0
1788872769,0.01,0.01,0.01,0.01,0
1788873069,0.01,0.01,0.01,0.01,0
1788873369,0.01,0.01,0.01,0.01,0
1788873669,0.01,0.01,0.01,0.01,0
1788873969,0.01,0.01,0.01,0.01,0
1788874269,0.01,0.01,0.01,0.01,0
1788874569,0.01,0.01,0.01,0.01,0
1788874869,0.01,0.01,0.01,0.01,0
1788875169,0.01,0.01,0.01,0.01,0
1788875469,0.01,0.01,0.01,0.01,0
1788875769,0.01,0.01,0.01,0.01,0
1788876069,0.01,0.01,0.01,0.01,0
1788876369,0.01,0.01,0.01,0.01,0
1788876669,0.01,0.01,0.01,0.01,0
1788876969,0.01,0.01,0.01,0.01,0
1788877269,0.01,0.01,0.01,0.01,0
1788877569,0.01,0.01,0.01,0.01,0
1788877869,0.01,0.01,0.01,0.01,0
1788878169,0.01,0.01,0.01,0.01,0
1788878469,0.01,0.01,0.01,0.01,0
1788878769,0.01,0.01,0.01,0.01,0
1788879069,0.01,0.01,0.01,0.01,0
1788879369,0.01,0.01,0.01,0.01,0
1788879669,0.01,0.01,0.01,0.01,0
1788879969,0.01,0.01,0.01,0.01,0
1788880269,0.01,0.01,0.01,0.01,0
1788880569,0.01,0.01,0.01,0.01,0
1788880869,0.01,0.01,0.01,0.01,0
1788881169,0.01,0.01,0.01,0.01,0
1788881469,0.01,0.01,0.01,0.01,0
1788881769,0.01,0.01,0.01,0.01,0
1788882069,0.01,0.01,0.01,0.01,0
1788882369,0.01,0.01,0.01,0.01,0
1788882669,0.01,0.01,0.01,0.01,0
1788882969,0.01,0.01,0.01,0.01,0
1788883269,0.01,0.01,0.01,0.01,0
1788883569,0.01,0.01,0.01,0.01,0
1788883869,0.01,0.01,0.01,0.01,0
1788884169,0.01,0.01,0.01,0.01,0
1788884469,0.01,0.01,0.01,0.01,0
1788884769,0.01,0.01,0.01,0.01,0
1788885069,0.01,0.01,0.01,0.01,0
1788885369,0.01,0.01,0.01,0.01,0
1788885669,0.01,0.01,0.01,0.01,0
1788885969,0.01,0.01,0.01,0.01,0
1788886269,0.01,0.01,0.01,0.01,0
1788886569,0.01,0.01,0.01,0.01,0
1788886869,0.01,0.01,0.01,0.01,0
1788887169,0.01,0.01,0.01,0.01,0
1788887469,0.01,0.01,0.01,0.01,0
1788887769,0.01,0.01,0.01,0.01,0
1788888069,0.01,0.01,0.01,0.01,0
1788888369,0.01,0.01,0.01,0.01,0
1788888669,0.01,0.01,0.01,0.01,0
1788888969,0.01,0.01,0.01,0.01,0
1788889269,0.01,0.01,0.01,0.01,0
1788889569,0.01,0.01,0.01,0.01,0
1788889869,0.01,0.01,0.01,0.01,0
1788890169,0.01,0.01,0.01,0.01,0
1788890469,0.01,0.01,0.01,0.01,0
1788890769,0.01,0.01,0.01,0.01,0
1788891069,0.01,0.01,0.01,0.01,0
1788891369,0.01,0.01,0.01,0.01,0
1788891669,0.01,0.01,0.01,0.01,0
1788891969,0.01,0.01,0.01,0.01,0
1788892269,0.01,0.01,0.01,0.01,0
1788892569,0.01,0.01,0.01,0.01,0
1788892869,0.01,0.01,0.01,0.01,0
1788893169,0.01,0.01,0.01,0.01,0
1788893469,0.01,0.01,0.01,0.01,0
1788893769,0.01,0.01,0.01,0.01,0
1788894069,0.01,0.01,0.01,0.01,0
1788894369,0.01,0.01,0.01,0.01,0
1788894669,0.01,0.01,0.01,0.01,0
1788894969,0.01,0.01,0.01,0.01,0
1788895269,0.01,0.01,0.01,0.01,0
1788895569,0.01,0.01,0.01,0.01,0
1788895869,0.01,0.01,0.01,0.01,0
1788896169,0.01,0.01,0.01,0.01,0
1788896469,0.01,0.01,0.01,0.01,0
1788896769,0.01,0.01,0.01,0.01,0
1788897069,0.01,0.01,0.01,0.01,0
1788897369,0.01,0.01,0.01,0.01,0
1788897669,0.01,0.01,0.01,0.01,0
1788897969,0.01,0.01,0.01,0.01,0
1788898269,0.01,0.01,0.01,0.01,0
1788898569,0.01,0.01,0.01,0.01,0
1788898869,0.01,0.01,0.01,0.01,0
1788899169,0.01,0.01,0.01,0.01,0
1788899469,0.01,0.01,0.01,0.01,0
1788899769,0.01,0.01,0.01,0.01,0
1788900069,0.01,0.01,0.01,0.01,0
1788900369,0.01,0.01,0.01,0.01,0
1788900669,0.01,0.01,0.01,0.01,0
1788900969,0.01,0.01,0.01,0.01,0
1788901269,0.01,0.01,0.01,0.01,0
1788901569,0.01,0.01,0.01,0.01,0
1788901869,0.01,0.01,0.01,0.01,0
1788902169,0.01,0.01,0.01,0.01,0
1788902469,0.01,0.01,0.01,0.01,0
1788902769,0.01,0.01,0.01,0.01,0
1788903069,0.01,0.01,0.01,0.01,0
1788903369,0.01,0.01,0.01,0.01,0
1788903669,0.01,0.01,0.01,0.01,0
1788903969,0.01,0.01,0.01,0.01,0
1788904269,0.01,0.01,0.01,0.01,0
1788904569,0.01,0.01,0.01,0.01,0
1788904869,0.01,0.01,0.01,0.01,0
1788905169,0.01,0.01,0.01,0.01,0
1788905469,0.01,0.01,0.01,0.01,0
1788905769,0.01,0.01,0.01,0.01,0
1788906069,0.01,0.01,0.01,0.01,0
1788906369,0.01,0.01,0.01,0.01,0
1788906669,0.01,0.01,0.01,0.01,0
1788906969,0.01,0.01,0.01,0.01,0
1788907269,0.01,0.01,0.01,0.01,0
1788907569,0.01,0.01,0.01,0.01,0
1788907869,0.01,0.01,0.01,0.01,0
1788908169,0.01,0.01,0.01,0.01,0
1788908469,0.01,0.01,0.01,0.01,0
1788908769,0.01,0.01,0.01,0.01,0
1788909069,0.01,0.01,0.01,0.01,0
1788909369,0.01,0.01,0.01,0.01,0
1788909669,0.01,0.01,0.01,0.01,0
1788909969,0.01,0.01,0.01,0.01,0
1788910269,0.01,0.01,0.01,0.01,0
1788910569,0.01,0.01,0.01,0.01,0
1788910869,0.01,0.01,0.01,0.01,0
1788911169,0.01,0.01,0.01,0.01,0
1788911469,0.01,0.01,0.01,0.01,0
1788911769,0.01,0.01,0.01,0.01,0
1788912069,0.01,0.01,0.01,0.01,0
1788912369,0.01,0.01,0.01,0.01,0
1788912669,0.01,0.01,0.01,0.01,0
1788912969,0.01,0.01,0.01,0.01,0
1788913269,0.01,0.01,0.01,0.01,0
1788913569,0.01,0.01,0.01,0.01,0
1788913869,0.01,0.01,0.01,0.01,0
1788914169,0.01,0.01,0.01,0.01,0
1788914469,0.01,0.01,0.01,0.01,0
1788914769,0.01,0.01,0.01,0.01,0
1788915069,0.01,0.01,0.01,0.01,0
1788915369,0.01,0.01,0.01,0.01,0
1788915669,0.01,0.01,0.01,0.01,0
1788915969,0.01,0.01,0.01,0.01,0
1788916269,0.01,0.01,0.01,0.01,0
1788916569,0.01,0.01,0.01,0.01,0
1788916869,0.01,0.01,0.01,0.01,0
1788917169,0.01,0.01,0.01,0.01,0
1788917469,0.01,0.01,0.01,0.01,0
1788917769,0.01,0.01,0.01,0.01,0
1788918069,0.01,0.01,0.01,0.01,0
1788918369,0.01,0.01,0.01,0.01,0
1788918669,0.01,0.01,0.01,0.01,0
1788918969,0.01,0.01,0.01,0.01,0
1788919269,0.01,0.01,0.01,0.01,0
1788919569,0.01,0.01,0.01,0.01,0
1788919869,0.01,0.01,0.01,0.01,0
1788920169,0.01,0.01,0.01,0.01,0
1788920469,0.01,0.01,0.01,0.01,0
1788920769,0.01,0.01,0.01,0.01,0
1788921069,0.01,0.01,0.01,0.01,0
1788921369,0.01,0.01,0.01,0.01,0
1788921669,0.01,0.01,0.01,0.01,0
1788921969,0.01,0.01,0.01,0.01,0
1788922269,0.01,0.01,0.01,0.01,0
1788922569,0.01,0.01,0.01,0.01,0
1788922869,0.01,0.01,0.01,0.01,0
1788923169,0.01,0.01,0.01,0.01,0
1788923469,0.01,0.01,0.01,0.01,0
1788923769,0.01,0.01,0.01,0.01,0
1788924069,0.01,0.01,0.01,0.01,0
1788924369,0.01,0.01,0.01,0.01,0
1788924669,0.01,0.01,0.01,0.01,0
1788924969,0.01,0.01,0.01,0.01,0
1788925269,0.01,0.01,0.01,0.01,0
1788925569,0.01,0.01,0.01,0.01,0
1788925869,0.01,0.01,0.01,0.01,0
1788926169,0.01,0.01,0.01,0.01,0
1788926469,0.01,0.01,0.01,0.01,0
1788926769,0.01,0.01,0.01,0.01,0
1788927069,0.01,0.01,0.01,0.01,0
1788927369,0.01,0.01,0.01,0.01,0
1788927669,0.01,0.01,0.01,0.01,0
1788927969,0.01,0.01,0.01,0.01,0
1788928269,0.01,0.01,0.01,0.01,0
1788928569,0.01,0.01,0.01,0.01,0
1788928869,0.01,0.01,0.01,0.01,0
1788929169,0.01,0.01,0.01,0.01,0
1788929469,0.01,0.01,0.01,0.01,0
1788929769,0.01,0.01,0.01,0.01,0
1788930069,0.01,0.01,0.01,0.01,0
1788930369,0.01,0.01,0.01,0.01,0
1788930669,0.01,0.01,0.01,0.01,0
1788930969,0.01,0.01,0.01,0.01,0
1788931269,0.01,0.01,0.01,0.01,0
1788931569,0.01,0.01,0.01,0.01,0
1788931869,0.01,0.01,0.01,0.01,0
1788932169,0.01,0.01,0.01,0.01,0
1788932469,0.01,0.01,0.01,0.01,0
1788932769,0.01,0.01,0.01,0.01,0
1788933069,0.01,0.01,0.01,0.01,0
1788933369,0.01,0.01,0.01,0.01,0
1788933669,0.01,0.01,0.01,0.01,0
1788933969,0.01,0.01,0.01,0.01,0
1788934269,0.01,0.01,0.01,0.01,0
1788934569,0.01,0.01,0.01,0.01,0
1788934869,0.01,0.01,0.01,0.01,0
1788935169,0.01,0.01,0.01,0.01,0
1788935469,0.01,0.01,0.01,0.01,0
1788935769,0.01,0.01,0.01,0.01,0
1788936069,0.01,0.01,0.01,0.01,0
1788936369,0.01,0.01,0.01,0.01,0
1788936669,0.01,0.01,0.01,0.01,0
1788936969,0.01,0.01,0.01,0.01,0
1788937269,0.01,0.01,0.01,0.01,0
1788937569,0.01,0.01,0.01,0.01,0
1788937869,0.01,0.01,0.01,0.01,0
1788938169,0.01,0.01,0.01,0.01,0
1788938469,0.01,0.01,0.01,0.01,0
1788938769,0.01,0.01,0.01,0.01,0
1788939069,0.01,0.01,0.01,0.01,0
1788939369,0.01,0.01,0.01,0.01,0
1788939669,0.01,0.01,0.01,0.01,0
1788939969,0.01,0.01,0.01,0.01,0
1788940269,0.01,0.01,0.01,0.01,0
1788940569,0.01,0.01,0.01,0.01,0
1788940869,0.01,0.01,0.01,0.01,0
1788941169,0.01,0.01,0.01,0.01,0
1788941469,0.01,0.01,0.01,0.01,0
1788941769,0.01,0.01,0.01,0.01,0
1788942069,0.01,0.01,0.01,0.01,0
1788942369,0.01,0.01,0.01,0.01,0
1788942669,0.01,0.01,0.01,0.01,0
1788942969,0.01,0.01,0.01,0.01,0
1788943269,0.01,0.01,0.01,0.01,0
1788943569,0.01,0.01,0.01,0.01,0
1788943869,0.01,0.01,0.01,0.01,0
1788944169,0.01,0.01,0.01,0.01,0
1788944469,0.01,0.01,0.01,0.01,0
1788944769,0.01,0.01,0.01,0.01,0
1788945069,0.01,0.01,0.01,0.01,0
1788945369,0.01,0.01,0.01,0.01,0
1788945669,0.01,0.01,0.01,0.01,0
1788945969,0.01,0.01,0.01,0.01,0
1788946269,0.01,0.01,0.01,0.01,0
1788946569,0.01,0.01,0.01,0.01,0
1788946869,0.01,0.01,0.01,0.01,0
1788947169,0.01,0.01,0.01,0.01,0
1788947469,0.01,0.01,0.01,0.01,0
1788947769,0.01,0.01,0.01,0.01,0
1788948069,0.01,0.01,0.01,0.01,0
1788948369,0.01,0.01,0.01,0.01,0
1788948669,0.01,0.01,0.01,0.01,0
1788948969,0.01,0.01,0.01,0.01,0
1788949269,0.01,0.01,0.01,0.01,0
1788949569,0.01,0.01,0.01,0.01,0
1788949869,0.01,0.01,0.01,0.01,0
1788950169,0.01,0.01,0.01,0.01,0
1788950469,0.01,0.01,0.01,0.01,0
1788950769,0.01,0.01,0.01,0.01,0
1788951069,0.01,0.01,0.01,0.01,0
1788951369,0.01,0.01,0.01,0.01,0
1788951669,0.01,0.01,0.01,0.01,0
1788951969,0.01,0.01,0.01,0.01,0
1788952269,0.01,0.01,0.01,0.01,0
1788952569,0.01,0.01,0.01,0.01,0
1788952869,0.01,0.01,0.01,0.01,0
1788953169,0.01,0.01,0.01,0.01,0
1788953469,0.01,0.01,0.01,0.01,0
1788953769,0.01,0.01,0.01,0.01,0
1788954069,0.01,0.01,0.01,0.01,0
1788954369,0.01,0.01,0.01,0.01,0
1788954669,0.01,0.01,0.01,0.01,0
1788954969,0.01,0.01,0.01,0.01,0
1788955269,0.01,0.01,0.01,0.01,0
1788955569,0.01,0.01,0.01,0.01,0
1788955869,0.01,0.01,0.01,0.01,0
1788956169,0.01,0.01,0.01,0.01,0
1788956469,0.01,0.01,0.01,0.01,0
1788956769,0.01,0.01,0.01,0.01,0
1788957069,0.01,0.01,0.01,0.01,0
1788957369,0.01,0.01,0.01,0.01,0
1788957669,0.01,0.01,0.01,0.01,0
1788957969,0.01,0.01,0.01,0.01,0
1788958269,0.01,0.01,0.01,0.01,0
1788958569,0.01,0.01,0.01,0.01,0
1788958869,0.01,0.01,0.01,0.01,0
1788959169,0.01,0.01,0.01,0.01,0
1788959469,0.01,0.01,0.01,0.01,0
1788959769,0.01,0.01,0.01,0.01,0
1788960069,0.01,0.01,0.01,0.01,0
1788960369,0.01,0.01,0.01,0.01,0
1788960669,0.01,0.01,0.01,0.01,0
1788960969,0.01,0.01,0.01,0.01,0
1788961269,0.01,0.01,0.01,0.01,0
1788961569,0.01,0.01,0.01,0.01,0
1788961869,0.01,0.01,0.01,0.01,0
1788962169,0.01,0.01,0.01,0.01,0
1788962469,0.01,0.01,0.01,0.01,0
1788962769,0.01,0.01,0.01,0.01,0
1788963069,0.01,0.01,0.01,0.01,0
1788963369,0.01,0.01,0.01,0.01,0
1788963669,0.01,0.01,0.01,0.01,0
1788963969,0.01,0.01,0.01,0.01,0
1788964269,0.01,0.01,0.01,0.01,0
1788964569,0.01,0.01,0.01,0.01,0
1788964869,0.01,0.01,0.01,0.01,0
1788965169,0.01,0.01,0.01,0.01,0
1788965469,0.01,0.01,0.01,0.01,0
1788965769,0.01,0.01,0.01,0.01,0
1788966069,0.01,0.01,0.01,0.01,0
1788966369,0.01,0.01,0.01,0.01,0
1788966669,0.01,0.01,0.01,0.01,0
1788966969,0.01,0.01,0.01,0.01,0
1788967269,0.01,0.01,0.01,0.01,0
1788967569,0.01,0.01,0.01,0.01,0
1788967869,0.01,0.01,0.01,0.01,0
1788968169,0.01,0.01,0.01,0.01,0
1788968469,0.01,0.01,0.01,0.01,0
1788968769,0.01,0.01,0.01,0.01,0
1788969069,0.01,0.01,0.01,0.01,0
1788969369,0.01,0.01,0.01,0.01,0
1788969669,0.01,0.01,0.01,0.01,0
1788969969,0.01,0.01,0.01,0.01,0
1788970269,0.01,0.01,0.01,0.01,0
1788970569,0.01,0.01,0.01,0.01,0
1788970869,0.01,0.01,0.01,0.01,0
1788971169,0.01,0.01,0.01,0.01,0
1788971469,0.01,0.01,0.01,0.01,0
1788971769,0.01,0.01,0.01,0.01,0
1788972069,0.01,0.01,0.01,0.01,0
1788972369,0.01,0.01,0.01,0.01,0
1788972669,0.01,0.01,0.01,0.01,0
1788972969,0.01,0.01,0.01,0.01,0
1788973269,0.01,0.01,0.01,0.01,0
1788973569,0.01,0.01,0.01,0.01,0
1788973869,0.01,0.01,0.01,0.01,0
1788974169,0.01,0.01,0.01,0.01,0
1788974469,0.01,0.01,0.01,0.01,0
1788974769,0.01,0.01,0.01,0.01,0
1788975069,0.01,0.01,0.01,0.01,0
1788975369,0.01,0.01,0.01,0.01,0
1788975669,0.01,0.01,0.01,0.01,0
1788975969,0.01,0.01,0.01,0.01,0
1788976269,0.01,0.01,0.01,0.01,0
1788976569,0.01,0.01,0.01,0.01,0
1788976869,0.01,0.01,0.01,0.01,0
1788977169,0.01,0.01,0.01,0.01,0
1788977469,0.01,0.01,0.01,0.01,0
1788977769,0.01,0.01,0.01,0.01,0
1788978069,0.01,0.01,0.01,0.01,0
1788978369,0.01,0.01,0.01,0.01,0
1788978669,0.01,0.01,0.01,0.01,0
1788978969,0.01,0.01,0.01,0.01,0
1788979269,0.01,0.01,0.01,0.01,0
1788979569,0.01,0.01,0.01,0.01,0
1788979869,0.01,0.01,0.01,0.01,0
1788980169,0.01,0.01,0.01,0.01,0
1788980469,0.01,0.01,0.01,0.01,0
1788982903,0.01,0.01,0.01,0.01,0
1788983203,0.01,0.01,0.01,0.01,0
1788983503,0.01,0.01,0.01,0.01,0
1788983803,0.01,0.01,0.01,0.01,0
1788984103,0.01,0.01,0.01,0.01,0
1788984403,0.01,0.01,0.01,0.01,0
1788984703,0.01,0.01,0.01,0.01,0
1788985003,0.01,0.01,0.01,0.01,0
1788985303,0.01,0.01,0.01,0.01,0
1788985603,0.01,0.01,0.01,0.01,0
1788985903,0.01,0.01,0.01,0.01,0
1788986203,0.01,0.01,0.01,0.01,0
1788986503,0.01,0.01,0.01,0.01,0
1788986803,0.01,0.01,0.01,0.01,0
1788987103,0.01,0.01,0.01,0.01,0
1788987403,0.01,0.01,0.01,0.01,0
1788987703,0.01,0.01,0.01,0.01,0
1788988003,0.01,0.01,0.01,0.01,0
1788988303,0.01,0.01,0.01,0.01,0
1788988603,0.01,0.01,0.01,0.01,0
1788988903,0.01,0.01,0.01,0.01,0
1788989203,0.01,0.01,0.01,0.01,0
1788989503,0.01,0.01,0.01,0.01,0
1788989803,0.01,0.01,0.01,0.01,0
1788990103,0.01,0.01,0.01,0.01,0
1788990403,0.01,0.01,0.01,0.01,0
1788990703,0.01,0.01,0.01,0.01,0
1788991003,0.01,0.01,0.01,0.01,0
1788991303,0.01,0.01,0.01,0.01,0
1788991603,0.01,0.01,0.01,0.01,0
1788991903,0.01,0.01,0.01,0.01,0
1788992203,0.01,0.01,0.01,0.01,0
1788992503,0.01,0.01,0.01,0.01,0
1788992803,0.01,0.01,0.01,0.01,0
1788993103,0.01,0.01,0.01,0.01,0
1788993403,0.01,0.01,0.01,0.01,0
1788993703,0.01,0.01,0.01,0.01,0
1788994003,0.01,0.01,0.01,0.01,0
1788994303,0.01,0.01,0.01,0.01,0
1788994603,0.01,0.01,0.01,0.01,0
1788994903,0.01,0.01,0.01,0.01,0
1788995203,0.01,0.01,0.01,0.01,0
1788995503,0.01,0.01,0.01,0.01,0
1788995803,0.01,0.01,0.01,0.01,0
1788996103,0.01,0.01,0.01,0.01,0
1788996403,0.01,0.01,0.01,0.01,0
1788996703,0.01,0.01,0.01,0.01,0
1788997003,0.01,0.01,0.01,0.01,0
1788997303,0.01,0.01,0.01,0.01,0
1788997603,0.01,0.01,0.01,0.01,0
1788997903,0.01,0.01,0.01,0.01,0
1788998203,0.01,0.01,0.01,0.01,0
1788998503,0.01,0.01,0.01,0.01,0
1788998803,0.01,0.01,0.01,0.01,0
1788999103,0.01,0.01,0.01,0.01,0
1788999403,0.01,0.01,0.01,0.01,0
1788999703,0.01,0.01,0.01,0.01,0
1789000003,0.01,0.01,0.01,0.01,0
1789000303,0.01,0.01,0.01,0.01,0
1789000603,0.01,0.01,0.01,0.01,0
1789000903,0.01,0.01,0.01,0.01,0
1789001203,0.01,0.01,0.01,0.01,0
1789001503,0.01,0.01,0.01,0.01,0
1789001803,0.01,0.01,0.01,0.01,0
1789002103,0.01,0.01,0.01,0.01,0
1789002403,0.01,0.01,0.01,0.01,0
1789002703,0.01,0.01,0.01,0.01,0
1789003003,0.01,0.01,0.01,0.01,0
1789003303,0.01,0.01,0.01,0.01,0
1789003603,0.01,0.01,0.01,0.01,0
1789003903,0.01,0.01,0.01,0.01,0
1789004203,0.01,0.01,0.01,0.01,0
1789004503,0.01,0.01,0.01,0.01,0
1789004803,0.01,0.01,0.01,0.01,0
1789005103,0.01,0.01,0.01,0.01,0
1789005403,0.01,0.01,0.01,0.01,0
1789005703,0.01,0.01,0.01,0.01,0
1789006003,0.01,0.01,0.01,0.01,0
1789006303,0.01,0.01,0.01,0.01,0
1789006603,0.01,0.01,0.01,0.01,0
1789006903,0.01,0.01,0.01,0.01,0
1789007203,0.01,0.01,0.01,0.01,0
1789007503,0.01,0.01,0.01,0.01,0
1789007803,0.01,0.01,0.01,0.01,0
1789008103,0.01,0.01,0.01,0.01,0
1789008403,0.01,0.01,0.01,0.01,0
1789008703,0.01,0.01,0.01,0.01,0
1789009003,0.01,0.01,0.01,0.01,0
1789009303,0.01,0.01,0.01,0.01,0
1789009603,0.01,0.01,0.01,0.01,0
1789009903,0.01,0.01,0.01,0.01,0
1789010203,0.01,0.01,0.01,0.01,0
1789010503,0.01,0.01,0.01,0.01,0
1789010803,0.01,0.01,0.01,0.01,0
1789011103,0.01,0.01,0.01,0.01,0
1789011403,0.01,0.01,0.01,0.01,0
1789011703,0.01,0.01,0.01,0.01,0
1789012003,0.01,0.01,0.01,0.01,0
1789012303,0.01,0.01,0.01,0.01,0
1789012603,0.01,0.01,0.01,0.01,0
1789012903,0.01,0.01,0.01,0.01,0
1789013203,0.01,0.01,0.01,0.01,0
1789013503,0.01,0.01,0.01,0.01,0
1789013803,0.01,0.01,0.01,0.01,0
1789014103,0.01,0.01,0.01,0.01,0
1789014403,0.01,0.01,0.01,0.01,0
1789014703,0.01,0.01,0.01,0.01,0
1789015003,0.01,0.01,0.01,0.01,0
1789015303,0.01,0.01,0.01,0.01,0
1789015603,0.01,0.01,0.01,0.01,0
1789015903,0.01,0.01,0.01,0.01,0
1789016203,0.01,0.01,0.01,0.01,0
1789016503,0.01,0.01,0.01,0.01,0
1789016803,0.01,0.01,0.01,0.01,0
1789017103,0.01,0.01,0.01,0.01,0
1789017403,0.01,0.01,0.01,0.01,0
1789017703,0.01,0.01,0.01,0.01,0
1789018003,0.01,0.01,0.01,0.01,0
1789018303,0.01,0.01,0.01,0.01,0
1789018603,0.01,0.01,0.01,0.01,0
1789018903,0.01,0.01,0.01,0.01,0
1789019203,0.01,0.01,0.01,0.01,0
1789019503,0.01,0.01,0.01,0.01,0
1789019803,0.01,0.01,0.01,0.01,0
1789020103,0.01,0.01,0.01,0.01,0
1789020403,0.01,0.01,0.01,0.01,0
1789020703,0.01,0.01,0.01,0.01,0
1789021003,0.01,0.01,0.01,0.01,0
1789021303,0.01,0.01,0.01,0.01,0
1789021603,0.01,0.01,0.01,0.01,0
1789021903,0.01,0.01,0.01,0.01,0
1789022203,0.01,0.01,0.01,0.01,0
1789022503,0.01,0.01,0.01,0.01,0
1789022803,0.01,0.01,0.01,0.01,0
1789023103,0.01,0.01,0.01,0.01,0
1789023403,0.01,0.01,0.01,0.01,0
1789023703,0.01,0.01,0.01,0.01,0
1789024003,0.01,0.01,0.01,0.01,0
1789024303,0.01,0.01,0.01,0.01,0
1789024603,0.01,0.01,0.01,0.01,0
1789024903,0.01,0.01,0.01,0.01,0
1789025203,0.01,0.01,0.01,0.01,0
1789025503,0.01,0.01,0.01,0.01,0
1789025803,0.01,0.01,0.01,0.01,0
1789026103,0.01,0.01,0.01,0.01,0
1789026403,0.01,0.01,0.01,0.01,0
1789026703,0.01,0.01,0.01,0.01,0
1789027003,0.01,0.01,0.01,0.01,0
1789027303,0.01,0.01,0.01,0.01,0
1789027603,0.01,0.01,0.01,0.01,0
1789027903,0.01,0.01,0.01,0.01,0
1789028203,0.01,0.01,0.01,0.01,0
1789028503,0.01,0.01,0.01,0.01,0
1789028803,0.01,0.01,0.01,0.01,0
1789029103,0.01,0.01,0.01,0.01,0
1789029403,0.01,0.01,0.01,0.01,0
1789029703,0.01,0.01,0.01,0.01,0
1789030003,0.01,0.01,0.01,0.01,0
1789030303,0.01,0.01,0.01,0.01,0
1789030603,0.01,0.01,0.01,0.01,0
1789030903,0.01,0.01,0.01,0.01,0
1789031203,0.01,0.01,0.01,0.01,0
1789031503,0.01,0.01,0.01,0.01,0
1789031803,0.01,0.01,0.01,0.01,0
1789032103,0.01,0.01,0.01,0.01,0
1789032403,0.01,0.01,0.01,0.01,0
1789032703,0.01,0.01,0.01,0.01,0
1789033003,0.01,0.01,0.01,0.01,0
1789033303,0.01,0.01,0.01,0.01,0
1789033603,0.01,0.01,0.01,0.01,0
1789033903,0.01,0.01,0.01,0.01,0
1789034203,0.01,0.01,0.01,0.01,0
1789034503,0.01,0.01,0.01,0.01,0
1789034803,0.01,0.01,0.01,0.01,0
1789035103,0.01,0.01,0.01,0.01,0
1789035403,0.01,0.01,0.01,0.01,0
1789035703,0.01,0.01,0.01,0.01,0
1789036003,0.01,0.01,0.01,0.01,0
1789036303,0.01,0.01,0.01,0.01,0
1789036603,0.01,0.01,0.01,0.01,0
1789036903,0.01,0.01,0.01,0.01,0
1789037203,0.01,0.01,0.01,0.01,0
1789037503,0.01,0.01,0.01,0.01,0
1789037803,0.01,0.01,0.01,0.01,0
1789038103,0.01,0.01,0.01,0.01,0
1789038403,0.01,0.01,0.01,0.01,0
1789038703,0.01,0.01,0.01,0.01,0
1789039003,0.01,0.01,0.01,0.01,0
1789039303,0.01,0.01,0.01,0.01,0
1789039603,0.01,0.01,0.01,0.01,0
1789039903,0.01,0.01,0.01,0.01,0
1789040203,0.01,0.01,0.01,0.01,0
1789040503,0.01,0.01,0.01,0.01,0
1789040803,0.01,0.01,0.01,0.01,0
1789041103,0.01,0.01,0.01,0.01,0
1789041403,0.01,0.01,0.01,0.01,0
1789041703,0.01,0.01,0.01,0.01,0
1789042003,0.01,0.01,0.01,0.01,0
1789042303,0.01,0.01,0.01,0.01,0
1789042603,0.01,0.01,0.01,0.01,0
1789042903,0.01,0.01,0.01,0.01,0
1789043203,0.01,0.01,0.01,0.01,0
1789043503,0.01,0.01,0.01,0.01,0
1789043803,0.01,0.01,0.01,0.01,0
1789044103,0.01,0.01,0.01,0.01,0
1789044403,0.01,0.01,0.01,0.01,0
1789044703,0.01,0.01,0.01,0.01,0
1789045003,0.01,0.01,0.01,0.01,0
1789045303,0.01,0.01,0.01,0.01,0
1789045603,0.01,0.01,0.01,0.01,0
1789045903,0.01,0.01,0.01,0.01,0
1789046203,0.01,0.01,0.01,0.01,0
1789046503,0.01,0.01,0.01,0.01,0
1789046803,0.01,0.01,0.01,0.01,0
1789047103,0.01,0.01,0.01,0.01,0
1789047403,0.01,0.01,0.01,0.01,0
1789047703,0.01,0.01,0.01,0.01,0
1789048003,0.01,0.01,0.01,0.01,0
1789048303,0.01,0.01,0.01,0.01,0
1789048603,0.01,0.01,0.01,0.01,0
1789048903,0.01,0.01,0.01,0.01,0
1789049203,0.01,0.01,0.01,0.01,0
1789049503,0.01,0.01,0.01,0.01,0
1789049803,0.01,0.01,0.01,0.01,0
1789050103,0.01,0.01,0.01,0.01,0
1789050403,0.01,0.01,0.01,0.01,0
1789050703,0.01,0.01,0.01,0.01,0
1789051003,0.01,0.01,0.01,0.01,0
1789051303,0.01,0.01,0.01,0.01,0
1789051603,0.01,0.01,0.01,0.01,0
1789051903,0.01,0.01,0.01,0.01,0
1789052203,0.01,0.01,0.01,0.01,0
1789052503,0.01,0.01,0.01,0.01,0
1789052803,0.01,0.01,0.01,0.01,0
1789053103,0.01,0.01,0.01,0.01,0
1789053403,0.01,0.01,0.01,0.01,0
1789053703,0.01,0.01,0.01,0.01,0
1789054003,0.01,0.01,0.01,0.01,0
1789054303,0.01,0.01,0.01,0.01,0
1789054603,0.01,0.01,0.01,0.01,0
1789054903,0.01,0.01,0.01,0.01,0
1789055203,0.01,0.01,0.01,0.01,0
1789055503,0.01,0.01,0.01,0.01,0
1789055803,0.01,0.01,0.01,0.01,0
1789056103,0.01,0.01,0.01,0.01,0
1789056403,0.01,0.01,0.01,0.01,0
1789056703,0.01,0.01,0.01,0.01,0
1789057003,0.01,0.01,0.01,0.01,0
1789057303,0.01,0.01,0.01,0.01,0
1789057603,0.01,0.01,0.01,0.01,0
1789057903,0.01,0.01,0.01,0.01,0
1789058203,0.01,0.01,0.01,0.01,0
1789058503,0.01,0.01,0.01,0.01,0
1789058803,0.01,0.01,0.01,0.01,0
1789059103,0.01,0.01,0.01,0.01,0
1789059403,0.01,0.01,0.01,0.01,0
1789059703,0.01,0.01,0.01,0.01,0
1789060003,0.01,0.01,0.01,0.01,0
1789060303,0.01,0.01,0.01,0.01,0
1789060603,0.01,0.01,0.01,0.01,0
1789060903,0.01,0.01,0.01,0.01,0
1789061203,0.01,0.01,0.01,0.01,0
1789061503,0.01,0.01,0.01,0.01,0
1789061803,0.01,0.01,0.01,0.01,0
1789062103,0.01,0.01,0.01,0.01,0
1789062403,0.01,0.01,0.01,0.01,0
1789062703,0.01,0.01,0.01,0.01,0
1789063003,0.01,0.01,0.01,0.01,0
1789063303,0.01,0.01,0.01,0.01,0
1789063603,0.01,0.01,0.01,0.01,0
1789063903,0.01,0.01,0.01,0.01,0
1789064203,0.01,0.01,0.01,0.01,0
1789064503,0.01,0.01,0.01,0.01,0
1789064803,0.01,0.01,0.01,0.01,0
1789065103,0.01,0.01,0.01,0.01,0
1789065403,0.01,0.01,0.01,0.01,0
1789065703,0.01,0.01,0.01,0.01,0
1789066003,0.01,0.01,0.01,0.01,0
1789066303,0.01,0.01,0.01,0.01,0
1789066603,0.01,0.01,0.01,0.01,0
1789066903,0.01,0.01,0.01,0.01,0
1789067203,0.01,0.01,0.01,0.01,0
1789067503,0.01,0.01,0.01,0.01,0
1789067803,0.01,0.01,0.01,0.01,0
1789068103,0.01,0.01,0.01,0.01,0
1789068403,0.01,0.01,0.01,0.01,0
1789068703,0.01,0.01,0.01,0.01,0
1789069003,0.01,0.01,0.01,0.01,0
1789069303,0.01,0.01,0.01,0.01,0
1789069603,0.01,0.01,0.01,0.01,0
1789069903,0.01,0.01,0.01,0.01,0
1789070203,0.01,0.01,0.01,0.01,0
1789070503,0.01,0.01,0.01,0.01,0
1789070803,0.01,0.01,0.01,0.01,0
1789071103,0.01,0.01,0.01,0.01,0
1789071403,0.01,0.01,0.01,0.01,0
1789071703,0.01,0.01,0.01,0.01,0
1789072003,0.01,0.01,0.01,0.01,0
1789072303,0.01,0.01,0.01,0.01,0
1789072603,0.01,0.01,0.01,0.01,0
1789072903,0.01,0.01,0.01,0.01,0
1789073203,0.01,0.01,0.01,0.01,0
1789073503,0.01,0.01,0.01,0.01,0
1789073803,0.01,0.01,0.01,0.01,0
1789074103,0.01,0.01,0.01,0.01,0
1789074403,0.01,0.01,0.01,0.01,0
1789074703,0.01,0.01,0.01,0.01,0
1789075003,0.01,0.01,0.01,0.01,0
1789075303,0.01,0.01,0.01,0.01,0
1789075603,0.01,0.01,0.01,0.01,0
1789075903,0.01,0.01,0.01,0.01,0
1789076203,0.01,0.01,0.01,0.01,0
1789076503,0.01,0.01,0.01,0.01,0
1789076803,0.01,0.01,0.01,0.01,0
1789077103,0.01,0.01,0.01,0.01,0
1789077403,0.01,0.01,0.01,0.01,0
1789077703,0.01,0.01,0.01,0.01,0
1789078003,0.01,0.01,0.01,0.01,0
1789078303,0.01,0.01,0.01,0.01,0
1789078603,0.01,0.01,0.01,0.01,0
1789078903,0.01,0.01,0.01,0.01,0
1789079203,0.01,0.01,0.01,0.01,0
1789079503,0.01,0.01,0.01,0.01,0
1789079803,0.01,0.01,0.01,0.01,0
1789080103,0.01,0.01,0.01,0.01,0
1789080403,0.01,0.01,0.01,0.01,0
1789080703,0.01,0.01,0.01,0.01,0
1789081003,0.01,0.01,0.01,0.01,0
1789081303,0.01,0.01,0.01,0.01,0
1789081603,0.01,0.01,0.01,0.01,0
1789081903,0.01,0.01,0.01,0.01,0
1789082203,0.01,0.01,0.01,0.01,0
1789082503,0.01,0.01,0.01,0.01,0
1789082803,0.01,0.01,0.01,0.01,0
1789083103,0.01,0.01,0.01,0.01,0
1789083403,0.01,0.01,0.01,0.01,0
1789083703,0.01,0.01,0.01,0.01,0
1789084003,0.01,0.01,0.01,0.01,0
1789084303,0.01,0.01,0.01,0.01,0
1789084603,0.01,0.01,0.01,0.01,0
1789084903,0.01,0.01,0.01,0.01,0
1789085203,0.01,0.01,0.01,0.01,0
1789085503,0.01,0.01,0.01,0.01,0
1789085803,0.01,0.01,0.01,0.01,0
1789086103,0.01,0.01,0.01,0.01,0
1789086403,0.01,0.01,0.01,0.01,0
1789086703,0.01,0.01,0.01,0.01,0
1789087003,0.01,0.01,0.01,0.01,0
1789087303,0.01,0.01,0.01,0.01,0
1789087603,0.01,0.01,0.01,0.01,0
1789087903,0.01,0.01,0.01,0.01,0
1789088203,0.01,0.01,0.01,0.01,0
1789088503,0.01,0.01,0.01,0.01,0
1789088803,0.01,0.01,0.01,0.01,0
1789089103,0.01,0.01,0.01,0.01,0
1789089403,0.01,0.01,0.01,0.01,0
1789089703,0.01,0.01,0.01,0.01,0
1789090003,0.01,0.01,0.01,0.01,0
1789090303,0.01,0.01,0.01,0.01,0
1789090603,0.01,0.01,0.01,0.01,0
1789090903,0.01,0.01,0.01,0.01,0
1789091203,0.01,0.01,0.01,0.01,0
1789091503,0.01,0.01,0.01,0.01,0
1789091803,0.01,0.01,0.01,0.01,0
1789092103,0.01,0.01,0.01,0.01,0
1789092403,0.01,0.01,0.01,0.01,0
1789092703,0.01,0.01,0.01,0.01,0
1789093003,0.01,0.01,0.01,0.01,0
1789093303,0.01,0.01,0.01,0.01,0
1789093603,0.01,0.01,0.01,0.01,0
1789093903,0.01,0.01,0.01,0.01,0
1789094203,0.01,0.01,0.01,0.01,0
1789094503,0.01,0.01,0.01,0.01,0
1789094803,0.01,0.01,0.01,0.01,0
1789095103,0.01,0.01,0.01,0.01,0
1789095403,0.01,0.01,0.01,0.01,0
1789095703,0.01,0.01,0.01,0.01,0
1789096003,0.01,0.01,0.01,0.01,0
1789096303,0.01,0.01,0.01,0.01,0
1789096603,0.01,0.01,0.01,0.01,0
1789096903,0.01,0.01,0.01,0.01,0
1789097203,0.01,0.01,0.01,0.01,0
1789097503,0.01,0.01,0.01,0.01,0
1789097803,0.01,0.01,0.01,0.01,0
1789098103,0.01,0.01,0.01,0.01,0
1789098403,0.01,0.01,0.01,0.01,0
1789098703,0.01,0.01,0.01,0.01,0
1789099003,0.01,0.01,0.01,0.01,0
1789099303,0.01,0.01,0.01,0.01,0
1789099603,0.01,0.01,0.01,0.01,0
1789099903,0.01,0.01,0.01,0.01,0
1789100203,0.01,0.01,0.01,0.01,0
1789100503,0.01,0.01,0.01,0.01,0
1789100803,0.01,0.01,0.01,0.01,0
1789101103,0.01,0.01,0.01,0.01,0
1789101403,0.01,0.01,0.01,0.01,0
1789101703,0.01,0.01,0.01,0.01,0
1789102003,0.01,0.01,0.01,0.01,0
1789102303,0.01,0.01,0.01,0.01,0
1789102603,0.01,0.01,0.01,0.01,0
1789102903,0.01,0.01,0.01,0.01,0
1789103203,0.01,0.01,0.01,0.01,0
1789103503,0.01,0.01,0.01,0.01,0
1789103803,0.01,0.01,0.01,0.01,0
1789104103,0.01,0.01,0.01,0.01,0
1789104403,0.01,0.01,0.01,0.01,0
1789104703,0.01,0.01,0.01,0.01,0
1789105003,0.01,0.01,0.01,0.01,0
1789105303,0.01,0.01,0.01,0.01,0
1789105603,0.01,0.01,0.01,0.01,0
1789105903,0.01,0.01,0.01,0.01,0
1789106203,0.01,0.01,0.01,0.01,0
1789106503,0.01,0.01,0.01,0.01,0
1789106803,0.01,0.01,0.01,0.01,0
1789107103,0.01,0.01,0.01,0.01,0
1789107403,0.01,0.01,0.01,0.01,0
1789107703,0.01,0.01,0.01,0.01,0
1789108003,0.01,0.01,0.01,0.01,0
1789108303,0.01,0.01,0.01,0.01,0
1789108603,0.01,0.01,0.01,0.01,0
1789108903,0.01,0.01,0.01,0.01,0
1789109203,0.01,0.01,0.01,0.01,0
1789109503,0.01,0.01,0.01,0.01,0
1789109803,0.01,0.01,0.01,0.01,0
1789110103,0.01,0.01,0.01,0.01,0
1789110403,0.01,0.01,0.01,0.01,0
1789110703,0.01,0.01,0.01,0.01,0
1789111003,0.01,0.01,0.01,0.01,0
1789111303,0.01,0.01,0.01,0.01,0
1789111603,0.01,0.01,0.01,0.01,0
1789111903,0.01,0.01,0.01,0.01,0
1789112203,0.01,0.01,0.01,0.01,0
1789112503,0.01,0.01,0.01,0.01,0
1789112803,0.01,0.01,0.01,0.01,0
1789113103,0.01,0.01,0.01,0.01,0
1789113403,0.01,0.01,0.01,0.01,0
1789113703,0.01,0.01,0.01,0.01,0
1789114003,0.01,0.01,0.01,0.01,0
1789114303,0.01,0.01,0.01,0.01,0
1789114603,0.01,0.01,0.01,0.01,0
1789114903,0.01,0.01,0.01,0.01,0
1789115203,0.01,0.01,0.01,0.01,0
1789115503,0.01,0.01,0.01,0.01,0
1789115803,0.01,0.01,0.01,0.01,0
1789116103,0.01,0.01,0.01,0.01,0
1789116403,0.01,0.01,0.01,0.01,0
1789116703,0.01,0.01,0.01,0.01,0
1789117003,0.01,0.01,0.01,0.01,0
1789117303,0.01,0.01,0.01,0.01,0
1789117603,0.01,0.01,0.01,0.01,0
1789117903,0.01,0.01,0.01,0.01,0
1789118203,0.01,0.01,0.01,0.01,0
1789118503,0.01,0.01,0.01,0.01,0
1789118803,0.01,0.01,0.01,0.01,0
1789119103,0.01,0.01,0.01,0.01,0
1789119403,0.01,0.01,0.01,0.01,0
1789119703,0.01,0.01,0.01,0.01,0
1789120003,0.01,0.01,0.01,0.01,0
1789120303,0.01,0.01,0.01,0.01,0
1789120603,0.01,0.01,0.01,0.01,0
1789120903,0.01,0.01,0.01,0.01,0
1789121203,0.01,0.01,0.01,0.01,0
1789121503,0.01,0.01,0.01,0.01,0
1789121803,0.01,0.01,0.01,0.01,0
1789122103,0.01,0.01,0.01,0.01,0
1789122403,0.01,0.01,0.01,0.01,0
1789122703,0.01,0.01,0.01,0.01,0
1789123003,0.01,0.01,0.01,0.01,0
1789123303,0.01,0.01,0.01,0.01,0
1789123603,0.01,0.01,0.01,0.01,0
1789123903,0.01,0.01,0.01,0.01,0
1789124203,0.01,0.01,0.01,0.01,0
1789124503,0.01,0.01,0.01,0.01,0
1789124803,0.01,0.01,0.01,0.01,0
1789125103,0.01,0.01,0.01,0.01,0
1789125403,0.01,0.01,0.01,0.01,0
1789125703,0.01,0.01,0.01,0.01,0
1789126003,0.01,0.01,0.01,0.01,0
1789126303,0.01,0.01,0.01,0.01,0
1789126603,0.01,0.01,0.01,0.01,0
1789126903,0.01,0.01,0.01,0.01,0
1789127203,0.01,0.01,0.01,0.01,0
1789127503,0.01,0.01,0.01,0.01,0
1789127803,0.01,0.01,0.01,0.01,0
1789128103,0.01,0.01,0.01,0.01,0
1789128403,0.01,0.01,0.01,0.01,0
1789128703,0.01,0.01,0.01,0.01,0
1789129003,0.01,0.01,0.01,0.01,0
1789129303,0.01,0.01,0.01,0.01,0
1789129603,0.01,0.01,0.01,0.01,0
1789129903,0.01,0.01,0.01,0.01,0
1789130203,0.01,0.01,0.01,0.01,0
1789130503,0.01,0.01,0.01,0.01,0
1789130803,0.01,0.01,0.01,0.01,0
1789131103,0.01,0.01,0.01,0.01,0
1789131403,0.01,0.01,0.01,0.01,0
1789131703,0.01,0.01,0.01,0.01,0
1789132003,0.01,0.01,0.01,0.01,0
1789132303,0.01,0.01,0.01,0.01,0
1789132603,0.01,0.01,0.01,0.01,0
1789132903,0.01,0.01,0.01,0.01,0
1789133203,0.01,0.01,0.01,0.01,0
1789133503,0.01,0.01,0.01,0.01,0
1789133803,0.01,0.01,0.01,0.01,0
1789134103,0.01,0.01,0.01,0.01,0
1789134403,0.01,0.01,0.01,0.01,0
1789134703,0.01,0.01,0.01,0.01,0
1789135003,0.01,0.01,0.01,0.01,0
1789135303,0.01,0.01,0.01,0.01,0
1789135603,0.01,0.01,0.01,0.01,0
1789135903,0.01,0.01,0.01,0.01,0
1789136203,0.01,0.01,0.01,0.01,0
1789136503,0.01,0.01,0.01,0.01,0
1789136803,0.01,0.01,0.01,0.01,0
1789137103,0.01,0.01,0.01,0.01,0
1789137403,0.01,0.01,0.01,0.01,0
1789137703,0.01,0.01,0.01,0.01,0
1789138003,0.01,0.01,0.01,0.01,0
1789138303,0.01,0.01,0.01,0.01,0
1789138603,0.01,0.01,0.01,0.01,0
1789138903,0.01,0.01,0.01,0.01,0
1789139203,0.01,0.01,0.01,0.01,0
1789139503,0.01,0.01,0.01,0.01,0
1789139803,0.01,0.01,0.01,0.01,0
1789140103,0.01,0.01,0.01,0.01,0
1789140403,0.01,0.01,0.01,0.01,0
1789140703,0.01,0.01,0.01,0.01,0
1789141003,0.01,0.01,0.01,0.01,0
1789141303,0.01,0.01,0.01,0.01,0
1789141603,0.01,0.01,0.01,0.01,0
1789141903,0.01,0.01,0.01,0.01,0
1789142203,0.01,0.01,0.01,0.01,0
1789142503,0.01,0.01,0.01,0.01,0
1789142803,0.01,0.01,0.01,0.01,0
1789143103,0.01,0.01,0.01,0.01,0
1789143403,0.01,0.01,0.01,0.01,0
1789143703,0.01,0.01,0.01,0.01,0
1789144003,0.01,0.01,0.01,0.01,0
1789144303,0.01,0.01,0.01,0.01,0
1789144603,0.01,0.01,0.01,0.01,0
1789144903,0.01,0.01,0.01,0.01,0
1789145203,0.01,0.01,0.01,0.01,0
1789145503,0.01,0.01,0.01,0.01,0
1789145803,0.01,0.01,0.01,0.01,0
1789146103,0.01,0.01,0.01,0.01,0
1789146403,0.01,0.01,0.01,0.01,0
1789146703,0.01,0.01,0.01,0.01,0
1789147003,0.01,0.01,0.01,0.01,0
1789147303,0.01,0.01,0.01,0.01,0
1789147603,0.01,0.01,0.01,0.01,0
1789147903,0.01,0.01,0.01,0.01,0
1789148203,0.01,0.01,0.01,0.01,0
1789148503,0.01,0.01,0.01,0.01,0
1789148803,0.01,0.01,0.01,0.01,0
1789149103,0.01,0.01,0.01,0.01,0
1789149403,0.01,0.01,0.01,0.01,0
1789149703,0.01,0.01,0.01,0.01,0
1789150003,0.01,0.01,0.01,0.01,0
1789150303,0.01,0.01,0.01,0.01,0
1789150603,0.01,0.01,0.01,0.01,0
1789150903,0.01,0.01,0.01,0.01,0
1789151203,0.01,0.01,0.01,0.01,0
1789151503,0.01,0.01,0.01,0.01,0
1789151803,0.01,0.01,0.01,0.01,0
1789152103,0.01,0.01,0.01,0.01,0
1789152403,0.01,0.01,0.01,0.01,0
1789152703,0.01,0.01,0.01,0.01,0
1789153003,0.01,0.01,0.01,0.01,0
1789153303,0.01,0.01,0.01,0.01,0
1789153603,0.01,0.01,0.01,0.01,0
1789153903,0.01,0.01,0.01,0.01,0
1789154203,0.01,0.01,0.01,0.01,0
1789154503,0.01,0.01,0.01,0.01,0
1789154803,0.01,0.01,0.01,0.01,0
1789155103,0.01,0.01,0.01,0.01,0
1789155403,0.01,0.01,0.01,0.01,0
1789155703,0.01,0.01,0.01,0.01,0
1789156003,0.01,0.01,0.01,0.01,0
1789156303,0.01,0.01,0.01,0.01,0
1789156603,0.01,0.01,0.01,0.01,0
1789156903,0.01,0.01,0.01,0.01,0
1789157203,0.01,0.01,0.01,0.01,0
1789157503,0.01,0.01,0.01,0.01,0
1789157803,0.01,0.01,0.01,0.01,0
1789158103,0.01,0.01,0.01,0.01,0
1789158403,0.01,0.01,0.01,0.01,0
1789158703,0.01,0.01,0.01,0.01,0
1789159003,0.01,0.01,0.01,0.01,0
1789159303,0.01,0.01,0.01,0.01,0
1789159603,0.01,0.01,0.01,0.01,0
1789159903,0.01,0.01,0.01,0.01,0
1789160203,0.01,0.01,0.01,0.01,0
1789160503,0.01,0.01,0.01,0.01,0
1789160803,0.01,0.01,0.01,0.01,0
1789161103,0.01,0.01,0.01,0.01,0
1789161403,0.01,0.01,0.01,0.01,0
1789161703,0.01,0.01,0.01,0.01,0
1789162003,0.01,0.01,0.01,0.01,0
1789162303,0.01,0.01,0.01,0.01,0
1789162603,0.01,0.01,0.01,0.01,0
1789162903,0.01,0.01,0.01,0.01,0
1789163203,0.01,0.01,0.01,0.01,0
1789163503,0.01,0.01,0.01,0.01,0
1789163803,0.01,0.01,0.01,0.01,0
1789164103,0.01,0.01,0.01,0.01,0
1789164403,0.01,0.01,0.01,0.01,0
1789164703,0.01,0.01,0.01,0.01,0
1789165003,0.01,0.01,0.01,0.01,0
1789165303,0.01,0.01,0.01,0.01,0
1789165603,0.01,0.01,0.01,0.01,0
1789165903,0.01,0.01,0.01,0.01,0
1789166203,0.01,0.01,0.01,0.01,0
1789166503,0.01,0.01,0.01,0.01,0
1789166803,0.01,0.01,0.01,0.01,0
1789167103,0.01,0.01,0.01,0.01,0
1789167403,0.01,0.01,0.01,0.01,0
1789167703,0.01,0.01,0.01,0.01,0
1789168003,0.01,0.01,0.01,0.01,0
1789168303,0.01,0.01,0.01,0.01,0
1789168603,0.01,0.01,0.01,0.01,0
1789168903,0.01,0.01,0.01,0.01,0
1789169203,0.01,0.01,0.01,0.01,0
1789169503,0.01,0.01,0.01,0.01,0
1789169803,0.01,0.01,0.01,0.01,0
1789170103,0.01,0.01,0.01,0.01,0
1789170403,0.01,0.01,0.01,0.01,0
1789170703,0.01,0.01,0.01,0.01,0
1789171003,0.01,0.01,0.01,0.01,0
1789171303,0.01,0.01,0.01,0.01,0
1789171603,0.01,0.01,0.01,0.01,0
1789171903,0.01,0.01,0.01,0.01,0
1789172203,0.01,0.01,0.01,0.01,0
1789172503,0.01,0.01,0.01,0.01,0
1789172803,0.01,0.01,0.01,0.01,0
1789173103,0.01,0.01,0.01,0.01,0
1789173403,0.01,0.01,0.01,0.01,0
1789173703,0.01,0.01,0.01,0.01,0
1789174003,0.01,0.01,0.01,0.01,0
1789174303,0.01,0.01,0.01,0.01,0
1789174603,0.01,0.01,0.01,0.01,0
1789174903,0.01,0.01,0.01,0.01,0
1789175203,0.01,0.01,0.01,0.01,0
1789175503,0.01,0.01,0.01,0.01,0
1789175803,0.01,0.01,0.01,0.01,0
1789176103,0.01,0.01,0.01,0.01,0
1789176403,0.01,0.01,0.01,0.01,0
1789176703,0.01,0.01,0.01,0.01,0
1789177003,0.01,0.01,0.01,0.01,0
1789177303,0.01,0.01,0.01,0.01,0
1789177603,0.01,0.01,0.01,0.01,0
1789177903,0.01,0.01,0.01,0.01,0
1789178203,0.01,0.01,0.01,0.01,0
1789178503,0.01,0.01,0.01,0.01,0
1789178803,0.01,0.01,0.01,0.01,0
1789179103,0.01,0.01,0.01,0.01,0
1789179403,0.01,0.01,0.01,0.01,0
1789179703,0.01,0.01,0.01,0.01,0
1789180003,0.01,0.01,0.01,0.01,0
1789180303,0.01,0.01,0.01,0.01,0
1789180603,0.01,0.01,0.01,0.01,0
1789180903,0.01,0.01,0.01,0.01,0
1789181203,0.01,0.01,0.01,0.01,0
1789181503,0.01,0.01,0.01,0.01,0
1789181803,0.01,0.01,0.01,0.01,0
1789182103,0.01,0.01,0.01,0.01,0
1789182403,0.01,0.01,0.01,0.01,0
1789182703,0.01,0.01,0.01,0.01,0
1789183003,0.01,0.01,0.01,0.01,0
1789183303,0.01,0.01,0.01,0.01,0
1789183603,0.01,0.01,0.01,0.01,0
1789183903,0.01,0.01,0.01,0.01,0
1789184203,0.01,0.01,0.01,0.01,0
1789184503,0.01,0.01,0.01,0.01,0
1789184803,0.01,0.01,0.01,0.01,0
1789185103,0.01,0.01,0.01,0.01,0
1789185403,0.01,0.01,0.01,0.01,0
1789185703,0.01,0.01,0.01,0.01,0
1789186003,0.01,0.01,0.01,0.01,0
1789186303,0.01,0.01,0.01,0.01,0
1789186603,0.01,0.01,0.01,0.01,0
1789186903,0.01,0.01,0.01,0.01,0
1789187203,0.01,0.01,0.01,0.01,0
1789187503,0.01,0.01,0.01,0.01,0
1789187803,0.01,0.01,0.01,0.01,0
1789188103,0.01,0.01,0.01,0.01,0
1789188403,0.01,0.01,0.01,0.01,0
1789188703,0.01,0.01,0.01,0.01,0
1789189003,0.01,0.01,0.01,0.01,0
1789189303,0.01,0.01,0.01,0.01,0
1789189603,0.01,0.01,0.01,0.01,0
1789189903,0.01,0.01,0.01,0.01,0
1789190203,0.01,0.01,0.01,0.01,0
1789190503,0.01,0.01,0.01,0.01,0
1789190803,0.01,0.01,0.01,0.01,0
1789191103,0.01,0.01,0.01,0.01,0
1789191403,0.01,0.01,0.01,0.01,0
1789191703,0.01,0.01,0.01,0.01,0
1789192003,0.01,0.01,0.01,0.01,0
1789192303,0.01,0.01,0.01,0.01,0
1789192603,0.01,0.01,0.01,0.01,0
1789192903,0.01,0.01,0.01,0.01,0
1789193203,0.01,0.01,0.01,0.01,0
1789193503,0.01,0.01,0.01,0.01,0
1789193803,0.01,0.01,0.01,0.01,0
1789194103,0.01,0.01,0.01,0.01,0
1789194403,0.01,0.01,0.01,0.01,0
1789194703,0.01,0.01,0.01,0.01,0
1789195003,0.01,0.01,0.01,0.01,0
1789195303,0.01,0.01,0.01,0.01,0
1789195603,0.01,0.01,0.01,0.01,0
1789195903,0.01,0.01,0.01,0.01,0
1789196203,0.01,0.01,0.01,0.01,0
1789196503,0.01,0.01,0.01,0.01,0
1789196803,0.01,0.01,0.01,0.01,0
1789197103,0.01,0.01,0.01,0.01,0
1789197403,0.01,0.01,0.01,0.01,0
1789197703,0.01,0.01,0.01,0.01,0
1789198003,0.01,0.01,0.01,0.01,0
1789198303,0.01,0.01,0.01,0.01,0
1789198603,0.01,0.01,0.01,0.01,0
1789198903,0.01,0.01,0.01,0.01,0
1789199203,0.01,0.01,0.01,0.01,0
1789199503,0.01,0.01,0.01,0.01,0
1789199803,0.01,0.01,0.01,0.01,0
1789200103,0.01,0.01,0.01,0.01,0
1789200403,0.01,0.01,0.01,0.01,0
1789200703,0.01,0.01,0.01,0.01,0
1789201003,0.01,0.01,0.01,0.01,0
1789201303,0.01,0.01,0.01,0.01,0
1789201603,0.01,0.01,0.01,0.01,0
1789201903,0.01,0.01,0.01,0.01,0
1789202203,0.01,0.01,0.01,0.01,0
1789202503,0.01,0.01,0.01,0.01,0
1789202803,0.01,0.01,0.01,0.01,0
1789203103,0.01,0.01,0.01,0.01,0
1789203403,0.01,0.01,0.01,0.01,0
1789203703,0.01,0.01,0.01,0.01,0
1789204003,0.01,0.01,0.01,0.01,0
1789204303,0.01,0.01,0.01,0.01,0
1789204603,0.01,0.01,0.01,0.01,0
1789204903,0.01,0.01,0.01,0.01,0
1789205203,0.01,0.01,0.01,0.01,0
1789205503,0.01,0.01,0.01,0.01,0
1789205803,0.01,0.01,0.01,0.01,0
1789206103,0.01,0.01,0.01,0.01,0
1789206403,0.01,0.01,0.01,0.01,0
1789206703,0.01,0.01,0.01,0.01,0
1789207003,0.01,0.01,0.01,0.01,0
1789207303,0.01,0.01,0.01,0.01,0
1789207603,0.01,0.01,0.01,0.01,0
1789207903,0.01,0.01,0.01,0.01,0
1789208203,0.01,0.01,0.01,0.01,0
1789208503,0.01,0.01,0.01,0.01,0
1789208803,0.01,0.01,0.01,0.01,0
1789209103,0.01,0.01,0.01,0.01,0
1789209403,0.01,0.01,0.01,0.01,0
1789209703,0.01,0.01,0.01,0.01,0
1789210003,0.01,0.01,0.01,0.01,0
1789210303,0.01,0.01,0.01,0.01,0
1789210603,0.01,0.01,0.01,0.01,0
1789210903,0.01,0.01,0.01,0.01,0
1789211203,0.01,0.01,0.01,0.01,0
1789211503,0.01,0.01,0.01,0.01,0
1789211803,0.01,0.01,0.01,0.01,0
1789212103,0.01,0.01,0.01,0.01,0
1789212403,0.01,0.01,0.01,0.01,0
1789212703,0.01,0.01,0.01,0.01,0
1789213003,0.01,0.01,0.01,0.01,0
1789213303,0.01,0.01,0.01,0.01,0
1789213603,0.01,0.01,0.01,0.01,0
1789213903,0.01,0.01,0.01,0.01,0
1789214203,0.01,0.01,0.01,0.01,0
1789214503,0.01,0.01,0.01,0.01,0
1789214803,0.01,0.01,0.01,0.01,0
1789215103,0.01,0.01,0.01,0.01,0
1789215403,0.01,0.01,0.01,0.01,0
1789215703,0.01,0.01,0.01,0.01,0
1789216003,0.01,0.01,0.01,0.01,0
1789216303,0.01,0.01,0.01,0.01,0
1789216603,0.01,0.01,0.01,0.01,0
1789216903,0.01,0.01,0.01,0.01,0
1789217203,0.01,0.01,0.01,0.01,0
1789217503,0.01,0.01,0.01,0.01,0
1789217803,0.01,0.01,0.01,0.01,0
1789218103,0.01,0.01,0.01,0.01,0
1789218403,0.01,0.01,0.01,0.01,0
1789218703,0.01,0.01,0.01,0.01,0
1789219003,0.01,0.01,0.01,0.01,0
1789219303,0.01,0.01,0.01,0.01,0
1789219603,0.01,0.01,0.01,0.01,0
1789219903,0.01,0.01,0.01,0.01,0
1789220203,0.01,0.01,0.01,0.01,0
1789220503,0.01,0.01,0.01,0.01,0
1789220803,0.01,0.01,0.01,0.01,0
1789221103,0.01,0.01,0.01,0.01,0
1789221403,0.01,0.01,0.01,0.01,0
1789221703,0.01,0.01,0.01,0.01,0
1789222003,0.01,0.01,0.01,0.01,0
1789222303,0.01,0.01,0.01,0.01,0
1789222603,0.01,0.01,0.01,0.01,0
1789222903,0.01,0.01,0.01,0.01,0
1789223203,0.01,0.01,0.01,0.01,0
1789223503,0.01,0.01,0.01,0.01,0
1789223803,0.01,0.01,0.01,0.01,0
1789224103,0.01,0.01,0.01,0.01,0
1789224403,0.01,0.01,0.01,0.01,0
1789224703,0.01,0.01,0.01,0.01,0
1789225003,0.01,0.01,0.01,0.01,0
1789225303,0.01,0.01,0.01,0.01,0
1789225603,0.01,0.01,0.01,0.01,0
1789225903,0.01,0.01,0.01,0.01,0
1789226203,0.01,0.01,0.01,0.01,0
1789226503,0.01,0.01,0.01,0.01,0
1789226803,0.01,0.01,0.01,0.01,0
1789227103,0.01,0.01,0.01,0.01,0
1789227403,0.01,0.01,0.01,0.01,0
1789227703,0.01,0.01,0.01,0.01,0
1789228003,0.01,0.01,0.01,0.01,0
1789228303,0.01,0.01,0.01,0.01,0
1789228603,0.01,0.01,0.01,0.01,0
1789228903,0.01,0.01,0.01,0.01,0
1789229203,0.01,0.01,0.01,0.01,0
1789229503,0.01,0.01,0.01,0.01,0
1789229803,0.01,0.01,0.01,0.01,0
1789230103,0.01,0.01,0.01,0.01,0
1789230403,0.01,0.01,0.01,0.01,0
1789230703,0.01,0.01,0.01,0.01,0
1789231003,0.01,0.01,0.01,0.01,0
1789231303,0.01,0.01,0.01,0.01,0
1789231603,0.01,0.01,0.01,0.01,0
1789231903,0.01,0.01,0.01,0.01,0
1789232203,0.01,0.01,0.01,0.01,0
1789232503,0.01,0.01,0.01,0.01,0
1789232803,0.01,0.01,0.01,0.01,0
1789233103,0.01,0.01,0.01,0.01,0
1789233403,0.01,0.01,0.01,0.01,0
1789233703,0.01,0.01,0.01,0.01,0
1789234003,0.01,0.01,0.01,0.01,0
1789234303,0.01,0.01,0.01,0.01,0
1789234603,0.01,0.01,0.01,0.01,0
1789234903,0.01,0.01,0.01,0.01,0
1789235203,0.01,0.01,0.01,0.01,0
1789235503,0.01,0.01,0.01,0.01,0
1789235803,0.01,0.01,0.01,0.01,0
1789236103,0.01,0.01,0.01,0.01,0
1789236403,0.01,0.01,0.01,0.01,0
1789236703,0.01,0.01,0.01,0.01,0
1789237003,0.01,0.01,0.01,0.01,0
1789237303,0.01,0.01,0.01,0.01,0
1789237603,0.01,0.01,0.01,0.01,0
1789237903,0.01,0.01,0.01,0.01,0
1789238203,0.01,0.01,0.01,0.01,0
1789238503,0.01,0.01,0.01,0.01,0
1789238803,0.01,0.01,0.01,0.01,0
1789239103,0.01,0.01,0.01,0.01,0
1789239403,0.01,0.01,0.01,0.01,0
1789239703,0.01,0.01,0.01,0.01,0
1789240003,0.01,0.01,0.01,0.01,0
1789240303,0.01,0.01,0.01,0.01,0
1789240603,0.01,0.01,0.01,0.01,0
1789240903,0.01,0.01,0.01,0.01,0
1789241203,0.01,0.01,0.01,0.01,0
1789241503,0.01,0.01,0.01,0.01,0
1789241803,0.01,0.01,0.01,0.01,0
1789242103,0.01,0.01,0.01,0.01,0
1789242403,0.01,0.01,0.01,0.01,0
1789242703,0.01,0.01,0.01,0.01,0
1789243003,0.01,0.01,0.01,0.01,0
1789243303,0.01,0.01,0.01,0.01,0
1789243603,0.01,0.01,0.01,0.01,0
1789243903,0.01,0.01,0.01,0.01,0
1789244203,0.01,0.01,0.01,0.01,0
1789244503,0.01,0.01,0.01,0.01,0
1789244803,0.01,0.01,0.01,0.01,0
1789245103,0.01,0.01,0.01,0.01,0
1789245403,0.01,0.01,0.01,0.01,0
1789245703,0.01,0.01,0.01,0.01,0
1789246003,0.01,0.01,0.01,0.01,0
1789246303,0.01,0.01,0.01,0.01,0
1789246603,0.01,0.01,0.01,0.01,0
1789246903,0.01,0.01,0.01,0.01,0
1789247203,0.01,0.01,0.01,0.01,0
1789247503,0.01,0.01,0.01,0.01,0
1789247803,0.01,0.01,0.01,0.01,0
1789248103,0.01,0.01,0.01,0.01,0
1789248403,0.01,0.01,0.01,0.01,0
1789248703,0.01,0.01,0.01,0.01,0
1789249003,0.01,0.01,0.01,0.01,0
1789249303,0.01,0.01,0.01,0.01,0
1789249603,0.01,0.01,0.01,0.01,0
1789249903,0.01,0.01,0.01,0.01,0
1789250203,0.01,0.01,0.01,0.01,0
1789250503,0.01,0.01,0.01,0.01,0
1789250803,0.01,0.01,0.01,0.01,0
1789251103,0.01,0.01,0.01,0.01,0
1789251403,0.01,0.01,0.01,0.01,0
1789251703,0.01,0.01,0.01,0.01,0
1789252003,0.01,0.01,0.01,0.01,0
1789252303,0.01,0.01,0.01,0.01,0
1789252603,0.01,0.01,0.01,0.01,0
1789252903,0.01,0.01,0.01,0.01,0
1789253203,0.01,0.01,0.01,0.01,0
1789253503,0.01,0.01,0.01,0.01,0
1789253803,0.01,0.01,0.01,0.01,0
1789254103,0.01,0.01,0.01,0.01,0
1789254403,0.01,0.01,0.01,0.01,0
1789254703,0.01,0.01,0.01,0.01,0
1789255003,0.01,0.01,0.01,0.01,0
1789255303,0.01,0.01,0.01,0.01,0
1789255603,0.01,0.01,0.01,0.01,0
1789255903,0.01,0.01,0.01,0.01,0
1789256203,0.01,0.01,0.01,0.01,0
1789256503,0.01,0.01,0.01,0.01,0
1789256803,0.01,0.01,0.01,0.01,0
1789257103,0.01,0.01,0.01,0.01,0
1789257403,0.01,0.01,0.01,0.01,0
1789257703,0.01,0.01,0.01,0.01,0
1789258003,0.01,0.01,0.01,0.01,0
1789258303,0.01,0.01,0.01,0.01,0
1789258603,0.01,0.01,0.01,0.01,0
1789258903,0.01,0.01,0.01,0.01,0
1789259203,0.01,0.01,0.01,0.01,0
1789259503,0.01,0.01,0.01,0.01,0
1789259803,0.01,0.01,0.01,0.01,0
1789260103,0.01,0.01,0.01,0.01,0
1789260403,0.01,0.01,0.01,0.01,0
1789260703,0.01,0.01,0.01,0.01,0
1789261003,0.01,0.01,0.01,0.01,0
1789261303,0.01,0.01,0.01,0.01,0
1789261603,0.01,0.01,0.01,0.01,0
1789261903,0.01,0.01,0.01,0.01,0
1789262203,0.01,0.01,0.01,0.01,0
1789262503,0.01,0.01,0.01,0.01,0
1789262803,0.01,0.01,0.01,0.01,0
1789263103,0.01,0.01,0.01,0.01,0
1789263403,0.01,0.01,0.01,0.01,0
1789263703,0.01,0.01,0.01,0.01,0
1789264003,0.01,0.01,0.01,0.01,0
1789264303,0.01,0.01,0.01,0.01,0
1789264603,0.01,0.01,0.01,0.01,0
1789264903,0.01,0.01,0.01,0.01,0
1789265203,0.01,0.01,0.01,0.01,0
1789265503,0.01,0.01,0.01,0.01,0
1789265803,0.01,0.01,0.01,0.01,0
1789266103,0.01,0.01,0.01,0.01,0
1789266403,0.01,0.01,0.01,0.01,0
1789266703,0.01,0.01,0.01,0.01,0
1789267003,0.01,0.01,0.01,0.01,0
1789267303,0.01,0.01,0.01,0.01,0
1789267603,0.01,0.01,0.01,0.01,0
1789267903,0.01,0.01,0.01,0.01,0
1789268203,0.01,0.01,0.01,0.01,0
1789268503,0.01,0.01,0.01,0.01,0
1789268803,0.01,0.01,0.01,0.01,0
1789269103,0.01,0.01,0.01,0.01,0
1789269403,0.01,0.01,0.01,0.01,0
1789269703,0.01,0.01,0.01,0.01,0
1789270003,0.01,0.01,0.01,0.01,0
1789270303,0.01,0.01,0.01,0.01,0
1789270603,0.01,0.01,0.01,0.01,0
1789270903,0.01,0.01,0.01,0.01,0
1789271203,0.01,0.01,0.01,0.01,0
1789271503,0.01,0.01,0.01,0.01,0
1789271803,0.01,0.01,0.01,0.01,0
1789272103,0.01,0.01,0.01,0.01,0
1789272403,0.01,0.01,0.01,0.01,0
1789272703,0.01,0.01,0.01,0.01,0
1789273003,0.01,0.01,0.01,0.01,0
1789273303,0.01,0.01,0.01,0.01,0
1789273603,0.01,0.01,0.01,0.01,0
1789273903,0.01,0.01,0.01,0.01,0
1789274203,0.01,0.01,0.01,0.01,0
1789274503,0.01,0.01,0.01,0.01,0
1789274803,0.01,0.01,0.01,0.01,0
1789275103,0.01,0.01,0.01,0.01,0
1789275403,0.01,0.01,0.01,0.01,0
1789275703,0.01,0.01,0.01,0.01,0
1789276003,0.01,0.01,0.01,0.01,0
1789276303,0.01,0.01,0.01,0.01,0
1789276603,0.01,0.01,0.01,0.01,0
1789276903,0.01,0.01,0.01,0.01,0
1789277203,0.01,0.01,0.01,0.01,0
1789277503,0.01,0.01,0.01,0.01,0
1789277803,0.01,0.01,0.01,0.01,0
1789278103,0.01,0.01,0.01,0.01,0
1789278403,0.01,0.01,0.01,0.01,0
1789278703,0.01,0.01,0.01,0.01,0
1789279003,0.01,0.01,0.01,0.01,0
1789279303,0.01,0.01,0.01,0.01,0
1789279603,0.01,0.01,0.01,0.01,0
1789279903,0.01,0.01,0.01,0.01,0
1789280203,0.01,0.01,0.01,0.01,0
1789280503,0.01,0.01,0.01,0.01,0
1789280803,0.01,0.01,0.01,0.01,0
1789281103,0.01,0.01,0.01,0.01,0
1789281403,0.01,0.01,0.01,0.01,0
1789281703,0.01,0.01,0.01,0.01,0
1789282003,0.01,0.01,0.01,0.01,0
1789282303,0.01,0.01,0.01,0.01,0
1789282603,0.01,0.01,0.01,0.01,0
1789282903,0.01,0.01,0.01,0.01,0
1789283203,0.01,0.01,0.01,0.01,0
1789283503,0.01,0.01,0.01,0.01,0
1789283803,0.01,0.01,0.01,0.01,0
1789284103,0.01,0.01,0.01,0.01,0
1789284403,0.01,0.01,0.01,0.01,0
1789284703,0.01,0.01,0.01,0.01,0
1789285003,0.01,0.01,0.01,0.01,0
1789285303,0.01,0.01,0.01,0.01,0
1789285603,0.01,0.01,0.01,0.01,0
1789285903,0.01,0.01,0.01,0.01,0
1789286203,0.01,0.01,0.01,0.01,0
1789286503,0.01,0.01,0.01,0.01,0
1789286803,0.01,0.01,0.01,0.01,0
1789287103,0.01,0.01,0.01,0.01,0
1789287403,0.01,0.01,0.01,0.01,0
1789287703,0.01,0.01,0.01,0.01,0
1789288003,0.01,0.01,0.01,0.01,0
1789288303,0.01,0.01,0.01,0.01,0
1789288603,0.01,0.01,0.01,0.01,0
1789288903,0.01,0.01,0.01,0.01,0
1789289203,0.01,0.01,0.01,0.01,0
1789289803,0.01,0.01,0.01,0.01,0
1789290103,0.01,0.01,0.01,0.01,0
1789290403,0.01,0.01,0.01,0.01,0
1789290703,0.01,0.01,0.01,0.01,0
1789291003,0.01,0.01,0.01,0.01,0
1789291303,0.01,0.01,0.01,0.01,0
1789291603,0.01,0.01,0.01,0.01,0
1789291903,0.01,0.01,0.01,0.01,0
1789292203,0.01,0.01,0.01,0.01,0
1789292503,0.01,0.01,0.01,0.01,0
1789292803,0.01,0.01,0.01,0.01,0
1789293103,0.01,0.01,0.01,0.01,0
1789293403,0.01,0.01,0.01,0.01,0
1789293703,0.01,0.01,0.01,0.01,0
1789294003,0.01,0.01,0.01,0.01,0
1789294303,0.01,0.01,0.01,0.01,0
1789294603,0.01,0.01,0.01,0.01,0
1789294903,0.01,0.01,0.01,0.01,0
1789295203,0.01,0.01,0.01,0.01,0
1789295503,0.01,0.01,0.01,0.01,0
1789295803,0.01,0.01,0.01,0.01,0
1789296103,0.01,0.01,0.01,0.01,0
1789296403,0.01,0.01,0.01,0.01,0
1789296703,0.01,0.01,0.01,0.01,0
1789297003,0.01,0.01,0.01,0.01,0
1789297303,0.01,0.01,0.01,0.01,0
1789297603,0.01,0.01,0.01,0.01,0
1789297903,0.01,0.01,0.01,0.01,0
1789298203,0.01,0.01,0.01,0.01,0
1789298503,0.01,0.01,0.01,0.01,0
1789298803,0.01,0.01,0.01,0.01,0
1789299103,0.01,0.01,0.01,0.01,0
1789299403,0.01,0.01,0.01,0.01,0
1789299703,0.01,0.01,0.01,0.01,0
1789300003,0.01,0.01,0.01,0.01,0
1789300303,0.01,0.01,0.01,0.01,0
1789300603,0.01,0.01,0.01,0.01,0
1789300903,0.01,0.01,0.01,0.01,0
1789301203,0.01,0.01,0.01,0.01,0
1789301503,0.01,0.01,0.01,0.01,0
1789301803,0.01,0.01,0.01,0.01,0
1789302103,0.01,0.01,0.01,0.01,0
1789302403,0.01,0.01,0.01,0.01,0
1789302703,0.01,0.01,0.01,0.01,0
1789303003,0.01,0.01,0.01,0.01,0
1789303303,0.01,0.01,0.01,0.01,0
1789303603,0.01,0.01,0.01,0.01,0
1789303903,0.01,0.01,0.01,0.01,0
1789304203,0.01,0.01,0.01,0.01,0
1789304503,0.01,0.01,0.01,0.01,0
1789304803,0.01,0.01,0.01,0.01,0
1789305103,0.01,0.01,0.01,0.01,0
1789305403,0.01,0.01,0.01,0.01,0
1789305703,0.01,0.01,0.01,0.01,0
1789306003,0.01,0.01,0.01,0.01,0
1789306303,0.01,0.01,0.01,0.01,0
1789306603,0.01,0.01,0.01,0.01,0
1789306903,0.01,0.01,0.01,0.01,0
1789307203,0.01,0.01,0.01,0.01,0
1789307503,0.01,0.01,0.01,0.01,0
1789307803,0.01,0.01,0.01,0.01,0
1789308103,0.01,0.01,0.01,0.01,0
1789308403,0.01,0.01,0.01,0.01,0
1789308703,0.01,0.01,0.01,0.01,0
1789309003,0.01,0.01,0.01,0.01,0
1789309303,0.01,0.01,0.01,0.01,0
1789309603,0.01,0.01,0.01,0.01,0
1789309903,0.01,0.01,0.01,0.01,0
1789310203,0.01,0.01,0.01,0.01,0
1789310503,0.01,0.01,0.01,0.01,0
1789310803,0.01,0.01,0.01,0.01,0
1789311103,0.01,0.01,0.01,0.01,0
1789311403,0.01,0.01,0.01,0.01,0
1789311703,0.01,0.01,0.01,0.01,0
1789312003,0.01,0.01,0.01,0.01,0
1789312303,0.01,0.01,0.01,0.01,0
1789312603,0.01,0.01,0.01,0.01,0
1789312903,0.01,0.01,0.01,0.01,0
1789313203,0.01,0.01,0.01,0.01,0
1789313503,0.01,0.01,0.01,0.01,0
1789313803,0.01,0.01,0.01,0.01,0
1789314103,0.01,0.01,0.01,0.01,0
1789314403,0.01,0.01,0.01,0.01,0
1789314703,0.01,0.01,0.01,0.01,0
1789315003,0.01,0.01,0.01,0.01,0
1789315303,0.01,0.01,0.01,0.01,0
1789315603,0.01,0.01,0.01,0.01,0
1789315903,0.01,0.01,0.01,0.01,0
1789316203,0.01,0.01,0.01,0.01,0
1789316503,0.01,0.01,0.01,0.01,0
1789316803,0.01,0.01,0.01,0.01,0
1789317103,0.01,0.01,0.01,0.01,0
1789317403,0.01,0.01,0.01,0.01,0
1789317703,0.01,0.01,0.01,0.01,0
1789318003,0.01,0.01,0.01,0.01,0
1789318303,0.01,0.01,0.01,0.01,0
1789318603,0.01,0.01,0.01,0.01,0
1789318903,0.01,0.01,0.01,0.01,0
1789319203,0.01,0.01,0.01,0.01,0
1789319503,0.01,0.01,0.01,0.01,0
1789319803,0.01,0.01,0.01,0.01,0
1789320103,0.01,0.01,0.01,0.01,0
1789320403,0.01,0.01,0.01,0.01,0
1789320703,0.01,0.01,0.01,0.01,0
1789321003,0.01,0.01,0.01,0.01,0
1789321303,0.01,0.01,0.01,0.01,0
1789321603,0.01,0.01,0.01,0.01,0
1789321903,0.01,0.01,0.01,0.01,0
1789322203,0.01,0.01,0.01,0.01,0
1789322503,0.01,0.01,0.01,0.01,0
1789322803,0.01,0.01,0.01,0.01,0
1789323103,0.01,0.01,0.01,0.01,0
1789323403,0.01,0.01,0.01,0.01,0
1789323703,0.01,0.01,0.01,0.01,0
1789324003,0.01,0.01,0.01,0.01,0
1789324303,0.01,0.01,0.01,0.01,0
1789324603,0.01,0.01,0.01,0.01,0
1789324903,0.01,0.01,0.01,0.01,0
1789325203,0.01,0.01,0.01,0.01,0
1789325503,0.01,0.01,0.01,0.01,0
1789325803,0.01,0.01,0.01,0.01,0
1789326103,0.01,0.01,0.01,0.01,0
1789326403,0.01,0.01,0.01,0.01,0
1789326703,0.01,0.01,0.01,0.01,0
1789327003,0.01,0.01,0.01,0.01,0
1789327303,0.01,0.01,0.01,0.01,0
1789327603,0.01,0.01,0.01,0.01,0
1789327903,0.01,0.01,0.01,0.01,0
1789328203,0.01,0.01,0.01,0.01,0
1789328503,0.01,0.01,0.01,0.01,0
1789328803,0.01,0.01,0.01,0.01,0
1789329103,0.01,0.01,0.01,0.01,0
1789329403,0.01,0.01,0.01,0.01,0
1789329703,0.01,0.01,0.01,0.01,0
1789330003,0.01,0.01,0.01,0.01,0
1789330303,0.01,0.01,0.01,0.01,0
1789330603,0.01,0.01,0.01,0.01,0
1789330903,0.01,0.01,0.01,0.01,0
1789331203,0.01,0.01,0.01,0.01,0
1789331503,0.01,0.01,0.01,0.01,0
1789331803,0.01,0.01,0.01,0.01,0
1789332103,0.01,0.01,0.01,0.01,0
1789332403,0.01,0.01,0.01,0.01,0
1789332703,0.01,0.01,0.01,0.01,0
1789333003,0.01,0.01,0.01,0.01,0
1789333303,0.01,0.01,0.01,0.01,0
1789333603,0.01,0.01,0.01,0.01,0
1789333903,0.01,0.01,0.01,0.01,0
1789334203,0.01,0.01,0.01,0.01,0
1789334503,0.01,0.01,0.01,0.01,0
1789334803,0.01,0.01,0.01,0.01,0
1789335103,0.01,0.01,0.01,0.01,0
1789335403,0.01,0.01,0.01,0.01,0
1789335703,0.01,0.01,0.01,0.01,0
1789336003,0.01,0.01,0.01,0.01,0
1789336303,0.01,0.01,0.01,0.01,0
1789336603,0.01,0.01,0.01,0.01,0
1789336903,0.01,0.01,0.01,0.01,0
1789337203,0.01,0.01,0.01,0.01,0
1789337503,0.01,0.01,0.01,0.01,0
1789337803,0.01,0.01,0.01,0.01,0
1789338103,0.01,0.01,0.01,0.01,0
1789338403,0.01,0.01,0.01,0.01,0
1789338703,0.01,0.01,0.01,0.01,0
1789339003,0.01,0.01,0.01,0.01,0
1789339303,0.01,0.01,0.01,0.01,0
1789339603,0.01,0.01,0.01,0.01,0
1789339903,0.01,0.01,0.01,0.01,0
1789340203,0.01,0.01,0.01,0.01,0
1789340503,0.01,0.01,0.01,0.01,0
1789340803,0.01,0.01,0.01,0.01,0
1789341103,0.01,0.01,0.01,0.01,0
1789341403,0.01,0.01,0.01,0.01,0
1789341703,0.01,0.01,0.01,0.01,0
1789342003,0.01,0.01,0.01,0.01,0
1789342303,0.01,0.01,0.01,0.01,0
1789342603,0.01,0.01,0.01,0.01,0
1789342903,0.01,0.01,0.01,0.01,0
1789343203,0.01,0.01,0.01,0.01,0
1789343503,0.01,0.01,0.01,0.01,0
1789343803,0.01,0.01,0.01,0.01,0
1789344103,0.01,0.01,0.01,0.01,0
1789344403,0.01,0.01,0.01,0.01,0
1789344703,0.01,0.01,0.01,0.01,0
1789345003,0.01,0.01,0.01,0.01,0
1789345303,0.01,0.01,0.01,0.01,0
1789345603,0.01,0.01,0.01,0.01,0
1789345903,0.01,0.01,0.01,0.01,0
1789346203,0.01,0.01,0.01,0.01,0
1789346503,0.01,0.01,0.01,0.01,0
1789346803,0.01,0.01,0.01,0.01,0
1789347103,0.01,0.01,0.01,0.01,0
1789347403,0.01,0.01,0.01,0.01,0
1789347703,0.01,0.01,0.01,0.01,0
1789348003,0.01,0.01,0.01,0.01,0
1789348303,0.01,0.01,0.01,0.01,0
1789348603,0.01,0.01,0.01,0.01,0
1789348903,0.01,0.01,0.01,0.01,0
1789349203,0.01,0.01,0.01,0.01,0
1789349503,0.01,0.01,0.01,0.01,0
1789349803,0.01,0.01,0.01,0.01,0
1789350103,0.01,0.01,0.01,0.01,0
1789350403,0.01,0.01,0.01,0.01,0
1789350703,0.01,0.01,0.01,0.01,0
1789351003,0.01,0.01,0.01,0.01,0
1789351303,0.01,0.01,0.01,0.01,0
1789351603,0.01,0.01,0.01,0.01,0
1789351903,0.01,0.01,0.01,0.01,0
1789352203,0.01,0.01,0.01,0.01,0
1789352503,0.01,0.01,0.01,0.01,0
1789352803,0.01,0.01,0.01,0.01,0
1789353103,0.01,0.01,0.01,0.01,0
1789353403,0.01,0.01,0.01,0.01,0
1789353703,0.01,0.01,0.01,0.01,0
1789354003,0.01,0.01,0.01,0.01,0
1789354303,0.01,0.01,0.01,0.01,0
1789354603,0.01,0.01,0.01,0.01,0
1789354903,0.01,0.01,0.01,0.01,0
1789355203,0.01,0.01,0.01,0.01,0
1789355503,0.01,0.01,0.01,0.01,0
1789355803,0.01,0.01,0.01,0.01,0
1789356103,0.01,0.01,0.01,0.01,0
1789356403,0.01,0.01,0.01,0.01,0
1789356703,0.01,0.01,0.01,0.01,0
1789357003,0.01,0.01,0.01,0.01,0
1789357303,0.01,0.01,0.01,0.01,0
1789357603,0.01,0.01,0.01,0.01,0
1789357903,0.01,0.01,0.01,0.01,0
1789358203,0.01,0.01,0.01,0.01,0
1789358503,0.01,0.01,0.01,0.01,0
1789358803,0.01,0.01,0.01,0.01,0
1789359103,0.01,0.01,0.01,0.01,0
1789359403,0.01,0.01,0.01,0.01,0
1789359703,0.01,0.01,0.01,0.01,0
1789360003,0.01,0.01,0.01,0.01,0
1789360303,0.01,0.01,0.01,0.01,0
1789360603,0.01,0.01,0.01,0.01,0
1789360903,0.01,0.01,0.01,0.01,0
1789361203,0.01,0.01,0.01,0.01,0
1789361503,0.01,0.01,0.01,0.01,0
1789361803,0.01,0.01,0.01,0.01,0
1789362103,0.01,0.01,0.01,0.01,0
1789362403,0.01,0.01,0.01,0.01,0
1789362703,0.01,0.01,0.01,0.01,0
1789363003,0.01,0.01,0.01,0.01,0
1789363303,0.01,0.01,0.01,0.01,0
1789363603,0.01,0.01,0.01,0.01,0
1789363903,0.01,0.01,0.01,0.01,0
1789364203,0.01,0.01,0.01,0.01,0
1789364503,0.01,0.01,0.01,0.01,0
1789364803,0.01,0.01,0.01,0.01,0
1789365103,0.01,0.01,0.01,0.01,0
1789365403,0.01,0.01,0.01,0.01,0
1789365703,0.01,0.01,0.01,0.01,0
1789366003,0.01,0.01,0.01,0.01,0
1789366303,0.01,0.01,0.01,0.01,0
1789366603,0.01,0.01,0.01,0.01,0
1789366903,0.01,0.01,0.01,0.01,0
1789367203,0.01,0.01,0.01,0.01,0
1789367503,0.01,0.01,0.01,0.01,0
1789367803,0.01,0.01,0.01,0.01,0
1789368103,0.01,0.01,0.01,0.01,0
1789368403,0.01,0.01,0.01,0.01,0
1789368703,0.01,0.01,0.01,0.01,0
1789369003,0.01,0.01,0.01,0.01,0
1789369303,0.01,0.01,0.01,0.01,0
1789369603,0.01,0.01,0.01,0.01,0
1789369903,0.01,0.01,0.01,0.01,0
1789370203,0.01,0.01,0.01,0.01,0
1789370503,0.01,0.01,0.01,0.01,0
1789370803,0.01,0.01,0.01,0.01,0
1789371103,0.01,0.01,0.01,0.01,0
1789371403,0.01,0.01,0.01,0.01,0
1789371703,0.01,0.01,0.01,0.01,0
1789372003,0.01,0.01,0.01,0.01,0
1789372303,0.01,0.01,0.01,0.01,0
1789372603,0.01,0.01,0.01,0.01,0
1789372903,0.01,0.01,0.01,0.01,0
1789373203,0.01,0.01,0.01,0.01,0
1789373503,0.01,0.01,0.01,0.01,0
1789373803,0.01,0.01,0.01,0.01,0
1789374103,0.01,0.01,0.01,0.01,0
1789374403,0.01,0.01,0.01,0.01,0
1789374703,0.01,0.01,0.01,0.01,0
1789375003,0.01,0.01,0.01,0.01,0
1789375303,0.01,0.01,0.01,0.01,0
1789375603,0.01,0.01,0.01,0.01,0
1789375903,0.01,0.01,0.01,0.01,0
1789376203,0.01,0.01,0.01,0.01,0
1789376503,0.01,0.01,0.01,0.01,0
1789376803,0.01,0.01,0.01,0.01,0
1789377103,0.01,0.01,0.01,0.01,0
1789377403,0.01,0.01,0.01,0.01,0
1789377703,0.01,0.01,0.01,0.01,0
1789378003,0.01,0.01,0.01,0.01,0
1789378303,0.01,0.01,0.01,0.01,0
1789378603,0.01,0.01,0.01,0.01,0
1789378903,0.01,0.01,0.01,0.01,0
1789379203,0.01,0.01,0.01,0.01,0
1789379503,0.01,0.01,0.01,0.01,0
1789379803,0.01,0.01,0.01,0.01,0
1789380103,0.01,0.01,0.01,0.01,0
1789380403,0.01,0.01,0.01,0.01,0
1789380703,0.01,0.01,0.01,0.01,0
1789381003,0.01,0.01,0.01,0.01,0
1789381303,0.01,0.01,0.01,0.01,0
1789381603,0.01,0.01,0.01,0.01,0
1789381903,0.01,0.01,0.01,0.01,0
1789382203,0.01,0.01,0.01,0.01,0
1789382503,0.01,0.01,0.01,0.01,0
1789382803,0.01,0.01,0.01,0.01,0
1789383103,0.01,0.01,0.01,0.01,0
1789383403,0.01,0.01,0.01,0.01,0
1789383703,0.01,0.01,0.01,0.01,0
1789384003,0.01,0.01,0.01,0.01,0
1789384303,0.01,0.01,0.01,0.01,0
1789384603,0.01,0.01,0.01,0.01,0
1789384903,0.01,0.01,0.01,0.01,0
1789385203,0.01,0.01,0.01,0.01,0
1789385503,0.01,0.01,0.01,0.01,0
1789385803,0.01,0.01,0.01,0.01,0
1789386103,0.01,0.01,0.01,0.01,0
1789386403,0.01,0.01,0.01,0.01,0
1789386703,0.01,0.01,0.01,0.01,0
1789387003,0.01,0.01,0.01,0.01,0
1789387303,0.01,0.01,0.01,0.01,0
1789387603,0.01,0.01,0.01,0.01,0
1789387903,0.01,0.01,0.01,0.01,0
1789388203,0.01,0.01,0.01,0.01,0
1789388503,0.01,0.01,0.01,0.01,0
1789388803,0.01,0.01,0.01,0.01,0
1789389103,0.01,0.01,0.01,0.01,0
1789389403,0.01,0.01,0.01,0.01,0
1789389703,0.01,0.01,0.01,0.01,0
1789390003,0.01,0.01,0.01,0.01,0
1789390303,0.01,0.01,0.01,0.01,0
1789390603,0.01,0.01,0.01,0.01,0
1789390903,0.01,0.01,0.01,0.01,0
1789391203,0.01,0.01,0.01,0.01,0
1789391503,0.01,0.01,0.01,0.01,0
1789391803,0.01,0.01,0.01,0.01,0
1789392103,0.01,0.01,0.01,0.01,0
1789392403,0.01,0.01,0.01,0.01,0
1789392703,0.01,0.01,0.01,0.01,0
1789393003,0.01,0.01,0.01,0.01,0
1789393303,0.01,0.01,0.01,0.01,0
1789393603,0.01,0.01,0.01,0.01,0
1789393903,0.01,0.01,0.01,0.01,0
1789394203,0.01,0.01,0.01,0.01,0
1789394503,0.01,0.01,0.01,0.01,0
1789394803,0.01,0.01,0.01,0.01,0
1789395103,0.01,0.01,0.01,0.01,0
1789395403,0.01,0.01,0.01,0.01,0
1789395703,0.01,0.01,0.01,0.01,0
1789396003,0.01,0.01,0.01,0.01,0
1789396303,0.01,0.01,0.01,0.01,0
1789396603,0.01,0.01,0.01,0.01,0
1789396903,0.01,0.01,0.01,0.01,0
1789397203,0.01,0.01,0.01,0.01,0
1789397503,0.01,0.01,0.01,0.01,0
1789397803,0.01,0.01,0.01,0.01,0
1789398103,0.01,0.01,0.01,0.01,0
1789398403,0.01,0.01,0.01,0.01,0
1789398703,0.01,0.01,0.01,0.01,0
1789399003,0.01,0.01,0.01,0.01,0
1789399303,0.01,0.01,0.01,0.01,0
1789399603,0.01,0.01,0.01,0.01,0
1789399903,0.01,0.01,0.01,0.01,0
1789400203,0.01,0.01,0.01,0.01,0
1789400503,0.01,0.01,0.01,0.01,0
1789400803,0.01,0.01,0.01,0.01,0
1789401103,0.01,0.01,0.01,0.01,0
1789401403,0.01,0.01,0.01,0.01,0
1789401703,0.01,0.01,0.01,0.01,0
1789402003,0.01,0.01,0.01,0.01,0
1789402303,0.01,0.01,0.01,0.01,0
1789402603,0.01,0.01,0.01,0.01,0
1789402903,0.01,0.01,0.01,0.01,0
1789403203,0.01,0.01,0.01,0.01,0
1789403503,0.01,0.01,0.01,0.01,0
1789403803,0.01,0.01,0.01,0.01,0
1789404103,0.01,0.01,0.01,0.01,0
1789404403,0.01,0.01,0.01,0.01,0
1789404703,0.01,0.01,0.01,0.01,0
1789405003,0.01,0.01,0.01,0.01,0
1789405303,0.01,0.01,0.01,0.01,0
1789405603,0.01,0.01,0.01,0.01,0
1789405903,0.01,0.01,0.01,0.01,0
1789406203,0.01,0.01,0.01,0.01,0
1789406503,0.01,0.01,0.01,0.01,0
1789406803,0.01,0.01,0.01,0.01,0
1789407103,0.01,0.01,0.01,0.01,0
1789407403,0.01,0.01,0.01,0.01,0
1789407703,0.01,0.01,0.01,0.01,0
1789408003,0.01,0.01,0.01,0.01,0
1789408303,0.01,0.01,0.01,0.01,0
1789408603,0.01,0.01,0.01,0.01,0
1789408903,0.01,0.01,0.01,0.01,0
1789409203,0.01,0.01,0.01,0.01,0
1789409503,0.01,0.01,0.01,0.01,0
1789409803,0.01,0.01,0.01,0.01,0
1789410103,0.01,0.01,0.01,0.01,0
1789410403,0.01,0.01,0.01,0.01,0
1789410703,0.01,0.01,0.01,0.01,0
1789411003,0.01,0.01,0.01,0.01,0
1789411303,0.01,0.01,0.01,0.01,0
1789411603,0.01,0.01,0.01,0.01,0
1789411903,0.01,0.01,0.01,0.01,0
1789412203,0.01,0.01,0.01,0.01,0
1789412503,0.01,0.01,0.01,0.01,0
1789412803,0.01,0.01,0.01,0.01,0
1789413103,0.01,0.01,0.01,0.01,0
1789413403,0.01,0.01,0.01,0.01,0
1789413703,0.01,0.01,0.01,0.01,0
1789414003,0.01,0.01,0.01,0.01,0
1789414303,0.01,0.01,0.01,0.01,0
1789414603,0.01,0.01,0.01,0.01,0
1789414903,0.01,0.01,0.01,0.01,0
1789415203,0.01,0.01,0.01,0.01,0
1789415503,0.01,0.01,0.01,0.01,0
1789415803,0.01,0.01,0.01,0.01,0
1789416103,0.01,0.01,0.01,0.01,0
1789416403,0.01,0.01,0.01,0.01,0
1789416703,0.01,0.01,0.01,0.01,0
1789417003,0.01,0.01,0.01,0.01,0
1789417303,0.01,0.01,0.01,0.01,0
1789417603,0.01,0.01,0.01,0.01,0
1789417903,0.01,0.01,0.01,0.01,0
1789418203,0.01,0.01,0.01,0.01,0
1789418503,0.01,0.01,0.01,0.01,0
1789418803,0.01,0.01,0.01,0.01,0
1789419103,0.01,0.01,0.01,0.01,0
1789419403,0.01,0.01,0.01,0.01,0
1789419703,0.01,0.01,0.01,0.01,0
1789420003,0.01,0.01,0.01,0.01,0
1789420303,0.01,0.01,0.01,0.01,0
1789420603,0.01,0.01,0.01,0.01,0
1789420903,0.01,0.01,0.01,0.01,0
1789421203,0.01,0.01,0.01,0.01,0
1789421503,0.01,0.01,0.01,0.01,0
1789421803,0.01,0.01,0.01,0.01,0
1789422103,0.01,0.01,0.01,0.01,0
1789422403,0.01,0.01,0.01,0.01,0
1789422703,0.01,0.01,0.01,0.01,0
1789423003,0.01,0.01,0.01,0.01,0
1789423303,0.01,0.01,0.01,0.01,0
1789423603,0.01,0.01,0.01,0.01,0
1789423903,0.01,0.01,0.01,0.01,0
1789424203,0.01,0.01,0.01,0.01,0
1789424503,0.01,0.01,0.01,0.01,0
1789424803,0.01,0.01,0.01,0.01,0
1789425103,0.01,0.01,0.01,0.01,0
1789425403,0.01,0.01,0.01,0.01,0
1789425703,0.01,0.01,0.01,0.01,0
1789426003,0.01,0.01,0.01,0.01,0
1789426303,0.01,0.01,0.01,0.01,0
1789426603,0.01,0.01,0.01,0.01,0
1789426903,0.01,0.01,0.01,0.01,0
1789427203,0.01,0.01,0.01,0.01,0
1789427503,0.01,0.01,0.01,0.01,0
1789427803,0.01,0.01,0.01,0.01,0
1789428103,0.01,0.01,0.01,0.01,0
1789428403,0.01,0.01,0.01,0.01,0
1789428703,0.01,0.01,0.01,0.01,0
1789429003,0.01,0.01,0.01,0.01,0
1789429303,0.01,0.01,0.01,0.01,0
1789429603,0.01,0.01,0.01,0.01,0
1789429903,0.01,0.01,0.01,0.01,0
1789430203,0.01,0.01,0.01,0.01,0
1789430503,0.01,0.01,0.01,0.01,0
1789430803,0.01,0.01,0.01,0.01,0
1789431103,0.01,0.01,0.01,0.01,0
1789431403,0.01,0.01,0.01,0.01,0
1789431703,0.01,0.01,0.01,0.01,0
1789432003,0.01,0.01,0.01,0.01,0
1789432303,0.01,0.01,0.01,0.01,0
1789432603,0.01,0.01,0.01,0.01,0
1789432903,0.01,0.01,0.01,0.01,0
1789433203,0.01,0.01,0.01,0.01,0
1789433503,0.01,0.01,0.01,0.01,0
1789433803,0.01,0.01,0.01,0.01,0
1789434103,0.01,0.01,0.01,0.01,0
1789434403,0.01,0.01,0.01,0.01,0
1789434703,0.01,0.01,0.01,0.01,0
1789435003,0.01,0.01,0.01,0.01,0
1789435303,0.01,0.01,0.01,0.01,0
1789435603,0.01,0.01,0.01,0.01,0
1789435903,0.01,0.01,0.01,0.01,0
1789436203,0.01,0.01,0.01,0.01,0
1789436503,0.01,0.01,0.01,0.01,0
1789436803,0.01,0.01,0.01,0.01,0
1789437103,0.01,0.01,0.01,0.01,0
1789437403,0.01,0.01,0.01,0.01,0
1789437703,0.01,0.01,0.01,0.01,0
1789438003,0.01,0.01,0.01,0.01,0
1789438303,0.01,0.01,0.01,0.01,0
1789438603,0.01,0.01,0.01,0.01,0
1789438903,0.01,0.01,0.01,0.01,0
1789439203,0.01,0.01,0.01,0.01,0
1789439503,0.01,0.01,0.01,0.01,0
1789439803,0.01,0.01,0.01,0.01,0
1789440103,0.01,0.01,0.01,0.01,0
1789440403,0.01,0.01,0.01,0.01,0
1789440703,0.01,0.01,0.01,0.01,0
1789441003,0.01,0.01,0.01,0.01,0
1789441303,0.01,0.01,0.01,0.01,0
1789441603,0.01,0.01,0.01,0.01,0
1789441903,0.01,0.01,0.01,0.01,0
1789442203,0.01,0.01,0.01,0.01,0
1789442503,0.01,0.01,0.01,0.01,0
1789442803,0.01,0.01,0.01,0.01,0
1789443103,0.01,0.01,0.01,0.01,0
1789443403,0.01,0.01,0.01,0.01,0
1789443703,0.01,0.01,0.01,0.01,0
1789444003,0.01,0.01,0.01,0.01,0
1789444303,0.01,0.01,0.01,0.01,0
1789444603,0.01,0.01,0.01,0.01,0
1789444903,0.01,0.01,0.01,0.01,0
1789445203,0.01,0.01,0.01,0.01,0
1789445503,0.01,0.01,0.01,0.01,0
1789445803,0.01,0.01,0.01,0.01,0
1789446103,0.01,0.01,0.01,0.01,0
1789446403,0.01,0.01,0.01,0.01,0
1789446703,0.01,0.01,0.01,0.01,0
1789447003,0.01,0.01,0.01,0.01,0
1789447303,0.01,0.01,0.01,0.01,0
1789447603,0.01,0.01,0.01,0.01,0
1789447903,0.01,0.01,0.01,0.01,0
1789448203,0.01,0.01,0.01,0.01,0
1789448503,0.01,0.01,0.01,0.01,0
1789448803,0.01,0.01,0.01,0.01,0
1789449103,0.01,0.01,0.01,0.01,0
1789449403,0.01,0.01,0.01,0.01,0
1789449703,0.01,0.01,0.01,0.01,0
1789450003,0.01,0.01,0.01,0.01,0
1789450303,0.01,0.01,0.01,0.01,0
1789450603,0.01,0.01,0.01,0.01,0
1789450903,0.01,0.01,0.01,0.01,0
1789451203,0.01,0.01,0.01,0.01,0
1789451503,0.01,0.01,0.01,0.01,0
1789451803,0.01,0.01,0.01,0.01,0
1789452103,0.01,0.01,0.01,0.01,0
1789452403,0.01,0.01,0.01,0.01,0
1789452703,0.01,0.01,0.01,0.01,0
1789453003,0.01,0.01,0.01,0.01,0
1789453303,0.01,0.01,0.01,0.01,0
1789453603,0.01,0.01,0.01,0.01,0
1789453903,0.01,0.01,0.01,0.01,0
1789454203,0.01,0.01,0.01,0.01,0
1789454503,0.01,0.01,0.01,0.01,0
1789454803,0.01,0.01,0.01,0.01,0
1789455103,0.01,0.01,0.01,0.01,0
1789455403,0.01,0.01,0.01,0.01,0
1789455703,0.01,0.01,0.01,0.01,0
1789456003,0.01,0.01,0.01,0.01,0
1789456303,0.01,0.01,0.01,0.01,0
1789456603,0.01,0.01,0.01,0.01,0
1789456903,0.01,0.01,0.01,0.01,0
1789457203,0.01,0.01,0.01,0.01,0
1789457503,0.01,0.01,0.01,0.01,0
1789457803,0.01,0.01,0.01,0.01,0
1789458103,0.01,0.01,0.01,0.01,0
1789458403,0.01,0.01,0.01,0.01,0
1789458703,0.01,0.01,0.01,0.01,0
1789459003,0.01,0.01,0.01,0.01,0
1789459303,0.01,0.01,0.01,0.01,0
1789459603,0.01,0.01,0.01,0.01,0
1789459903,0.01,0.01,0.01,0.01,0
1789460203,0.01,0.01,0.01,0.01,0
1789460503,0.01,0.01,0.01,0.01,0
1789460803,0.01,0.01,0.01,0.01,0
1789461103,0.01,0.01,0.01,0.01,0
1789461403,0.01,0.01,0.01,0.01,0
1789461703,0.01,0.01,0.01,0.01,0
1789462003,0.01,0.01,0.01,0.01,0
1789462303,0.01,0.01,0.01,0.01,0
1789462603,0.01,0.01,0.01,0.01,0
1789462903,0.01,0.01,0.01,0.01,0
1789463203,0.01,0.01,0.01,0.01,0
1789463503,0.01,0.01,0.01,0.01,0
1789463803,0.01,0.01,0.01,0.01,0
1789464103,0.01,0.01,0.01,0.01,0
1789464403,0.01,0.01,0.01,0.01,0
1789464703,0.01,0.01,0.01,0.01,0
1789465003,0.01,0.01,0.01,0.01,0
1789465303,0.01,0.01,0.01,0.01,0
1789465603,0.01,0.01,0.01,0.01,0
1789465903,0.01,0.01,0.01,0.01,0
1789466203,0.01,0.01,0.01,0.01,0
1789466503,0.01,0.01,0.01,0.01,0
1789466803,0.01,0.01,0.01,0.01,0
1789467103,0.01,0.01,0.01,0.01,0
1789467403,0.01,0.01,0.01,0.01,0
1789467703,0.01,0.01,0.01,0.01,0
1789468003,0.01,0.01,0.01,0.01,0
1789468303,0.01,0.01,0.01,0.01,0
1789468603,0.01,0.01,0.01,0.01,0
1789468903,0.01,0.01,0.01,0.01,0
1789469203,0.01,0.01,0.01,0.01,0
1789469503,0.01,0.01,0.01,0.01,0
1789469803,0.01,0.01,0.01,0.01,0
1789470103,0.01,0.01,0.01,0.01,0
1789470403,0.01,0.01,0.01,0.01,0
1789470703,0.01,0.01,0.01,0.01,0
1789471003,0.01,0.01,0.01,0.01,0
1789471303,0.01,0.01,0.01,0.01,0
1789471603,0.01,0.01,0.01,0.01,0
1789471903,0.01,0.01,0.01,0.01,0
1789472203,0.01,0.01,0.01,0.01,0
1789472503,0.01,0.01,0.01,0.01,0
1789472803,0.01,0.01,0.01,0.01,0
1789473103,0.01,0.01,0.01,0.01,0
1789473403,0.01,0.01,0.01,0.01,0
1789473703,0.01,0.01,0.01,0.01,0
1789474003,0.01,0.01,0.01,0.01,0
1789474303,0.01,0.01,0.01,0.01,0
1789474603,0.01,0.01,0.01,0.01,0
1789474903,0.01,0.01,0.01,0.01,0
1789475203,0.01,0.01,0.01,0.01,0
1789475503,0.01,0.01,0.01,0.01,0
1789475803,0.01,0.01,0.01,0.01,0
1789476103,0.01,0.01,0.01,0.01,0
1789476403,0.01,0.01,0.01,0.01,0
1789476703,0.01,0.01,0.01,0.01,0
1789477003,0.01,0.01,0.01,0.01,0
1789477303,0.01,0.01,0.01,0.01,0
1789477603,0.01,0.01,0.01,0.01,0
1789477903,0.01,0.01,0.01,0.01,0
1789478203,0.01,0.01,0.01,0.01,0
1789478503,0.01,0.01,0.01,0.01,0
1789478803,0.01,0.01,0.01,0.01,0
1789479103,0.01,0.01,0.01,0.01,0
1789479403,0.01,0.01,0.01,0.01,0
1789479703,0.01,0.01,0.01,0.01,0
1789480003,0.01,0.01,0.01,0.01,0
1789480303,0.01,0.01,0.01,0.01,0
1789480603,0.01,0.01,0.01,0.01,0
1789480903,0.01,0.01,0.01,0.01,0
1789481203,0.01,0.01,0.01,0.01,0
1789481503,0.01,0.01,0.01,0.01,0
1789481803,0.01,0.01,0.01,0.01,0
1789482103,0.01,0.01,0.01,0.01,0
1789482403,0.01,0.01,0.01,0.01,0
1789482703,0.01,0.01,0.01,0.01,0
1789483003,0.01,0.01,0.01,0.01,0
1789483303,0.01,0.01,0.01,0.01,0
1789483603,0.01,0.01,0.01,0.01,0
1789483903,0.01,0.01,0.01,0.01,0
1789484203,0.01,0.01,0.01,0.01,0
1789484503,0.01,0.01,0.01,0.01,0
1789484803,0.01,0.01,0.01,0.01,0
1789485103,0.01,0.01,0.01,0.01,0
1789485403,0.01,0.01,0.01,0.01,0
1789485703,0.01,0.01,0.01,0.01,0
1789486003,0.01,0.01,0.01,0.01,0
1789486303,0.01,0.01,0.01,0.01,0
1789486603,0.01,0.01,0.01,0.01,0
1789486903,0.01,0.01,0.01,0.01,0
1789487203,0.01,0.01,0.01,0.01,0
1789487503,0.01,0.01,0.01,0.01,0
1789487803,0.01,0.01,0.01,0.01,0
1789488103,0.01,0.01,0.01,0.01,0
1789488403,0.01,0.01,0.01,0.01,0
1789488703,0.01,0.01,0.01,0.01,0
1789489003,0.01,0.01,0.01,0.01,0
1789489303,0.01,0.01,0.01,0.01,0
1789489603,0.01,0.01,0.01,0.01,0
1789489903,0.01,0.01,0.01,0.01,0
1789490203,0.01,0.01,0.01,0.01,0
1789490503,0.01,0.01,0.01,0.01,0
1789490803,0.01,0.01,0.01,0.01,0
1789491103,0.01,0.01,0.01,0.01,0
1789491403,0.01,0.01,0.01,0.01,0
1789491703,0.01,0.01,0.01,0.01,0
1789492003,0.01,0.01,0.01,0.01,0
1789492303,0.01,0.01,0.01,0.01,0
1789492603,0.01,0.01,0.01,0.01,0
1789492903,0.01,0.01,0.01,0.01,0
1789493203,0.01,0.01,0.01,0.01,0
1789493503,0.01,0.01,0.01,0.01,0
1789493803,0.01,0.01,0.01,0.01,0
1789494103,0.01,0.01,0.01,0.01,0
1789494403,0.01,0.01,0.01,0.01,0
1789494703,0.01,0.01,0.01,0.01,0
1789495003,0.01,0.01,0.01,0.01,0
1789495303,0.01,0.01,0.01,0.01,0
1789495603,0.01,0.01,0.01,0.01,0
1789495903,0.01,0.01,0.01,0.01,0
1789496203,0.01,0.01,0.01,0.01,0
1789496503,0.01,0.01,0.01,0.01,0
1789496803,0.01,0.01,0.01,0.01,0
1789497103,0.01,0.01,0.01,0.01,0
1789497403,0.01,0.01,0.01,0.01,0
1789497703,0.01,0.01,0.01,0.01,0
1789498003,0.01,0.01,0.01,0.01,0
1789498303,0.01,0.01,0.01,0.01,0
1789498603,0.01,0.01,0.01,0.01,0
1789498903,0.01,0.01,0.01,0.01,0
1789499203,0.01,0.01,0.01,0.01,0
1789499503,0.01,0.01,0.01,0.01,0
1789499803,0.01,0.01,0.01,0.01,0
1789500103,0.01,0.01,0.01,0.01,0
1789500403,0.01,0.01,0.01,0.01,0
1789500703,0.01,0.01,0.01,0.01,0
1789501003,0.01,0.01,0.01,0.01,0
1789501303,0.01,0.01,0.01,0.01,0
1789501603,0.01,0.01,0.01,0.01,0
1789501903,0.01,0.01,0.01,0.01,0
1789502203,0.01,0.01,0.01,0.01,0
1789502503,0.01,0.01,0.01,0.01,0
1789502803,0.01,0.01,0.01,0.01,0
1789503103,0.01,0.01,0.01,0.01,0
1789503403,0.01,0.01,0.01,0.01,0
1789503703,0.01,0.01,0.01,0.01,0
1789504003,0.01,0.01,0.01,0.01,0
1789504303,0.01,0.01,0.01,0.01,0
1789504603,0.01,0.01,0.01,0.01,0
1789504903,0.01,0.01,0.01,0.01,0
1789505203,0.01,0.01,0.01,0.01,0
1789505503,0.01,0.01,0.01,0.01,0
1789505803,0.01,0.01,0.01,0.01,0
1789506103,0.01,0.01,0.01,0.01,0
1789506403,0.01,0.01,0.01,0.01,0
1789506703,0.01,0.01,0.01,0.01,0
1789507003,0.01,0.01,0.01,0.01,0
1789507303,0.01,0.01,0.01,0.01,0
1789507603,0.01,0.01,0.01,0.01,0
1789507903,0.01,0.01,0.01,0.01,0
1789508203,0.01,0.01,0.01,0.01,0
1789508503,0.01,0.01,0.01,0.01,0
1789508803,0.01,0.01,0.01,0.01,0
1789509103,0.01,0.01,0.01,0.01,0
1789509403,0.01,0.01,0.01,0.01,0
1789509703,0.01,0.01,0.01,0.01,0
1789510003,0.01,0.01,0.01,0.01,0
1789510303,0.01,0.01,0.01,0.01,0
1789510603,0.01,0.01,0.01,0.01,0
1789510903,0.01,0.01,0.01,0.01,0
1789511203,0.01,0.01,0.01,0.01,0
1789511503,0.01,0.01,0.01,0.01,0
1789511803,0.01,0.01,0.01,0.01,0
1789512103,0.01,0.01,0.01,0.01,0
1789512403,0.01,0.01,0.01,0.01,0
1789512703,0.01,0.01,0.01,0.01,0
1789513003,0.01,0.01,0.01,0.01,0
1789513303,0.01,0.01,0.01,0.01,0
1789513603,0.01,0.01,0.01,0.01,0
1789513903,0.01,0.01,0.01,0.01,0
1789514203,0.01,0.01,0.01,0.01,0
1789514503,0.01,0.01,0.01,0.01,0
1789514803,0.01,0.01,0.01,0.01,0
1789515103,0.01,0.01,0.01,0.01,0
1789515403,0.01,0.01,0.01,0.01,0
1789515703,0.01,0.01,0.01,0.01,0
1789516003,0.01,0.01,0.01,0.01,0
1789516303,0.01,0.01,0.01,0.01,0
1789516603,0.01,0.01,0.01,0.01,0
1789516903,0.01,0.01,0.01,0.01,0
1789517203,0.01,0.01,0.01,0.01,0
1789517503,0.01,0.01,0.01,0.01,0
1789517803,0.01,0.01,0.01,0.01,0
1789518103,0.01,0.01,0.01,0.01,0
1789518403,0.01,0.01,0.01,0.01,0
1789518703,0.01,0.01,0.01,0.01,0
1789519003,0.01,0.01,0.01,0.01,0
1789519303,0.01,0.01,0.01,0.01,0
1789519603,0.01,0.01,0.01,0.01,0
1789519903,0.01,0.01,0.01,0.01,0
1789520203,0.01,0.01,0.01,0.01,0
1789520503,0.01,0.01,0.01,0.01,0
1789520803,0.01,0.01,0.01,0.01,0
1789521103,0.01,0.01,0.01,0.01,0
1789521403,0.01,0.01,0.01,0.01,0
1789521703,0.01,0.01,0.01,0.01,0
1789522003,0.01,0.01,0.01,0.01,0
1789522303,0.01,0.01,0.01,0.01,0
1789522603,0.01,0.01,0.01,0.01,0
1789522903,0.01,0.01,0.01,0.01,0
1789523203,0.01,0.01,0.01,0.01,0
1789523503,0.01,0.01,0.01,0.01,0
1789523803,0.01,0.01,0.01,0.01,0
1789524103,0.01,0.01,0.01,0.01,0
1789524403,0.01,0.01,0.01,0.01,0
1789524703,0.01,0.01,0.01,0.01,0
1789525003,0.01,0.01,0.01,0.01,0
1789525303,0.01,0.01,0.01,0.01,0
1789525603,0.01,0.01,0.01,0.01,0
1789525903,0.01,0.01,0.01,0.01,0
1789526203,0.01,0.01,0.01,0.01,0
1789526503,0.01,0.01,0.01,0.01,0
1789526803,0.01,0.01,0.01,0.01,0
1789527103,0.01,0.01,0.01,0.01,0
1789527403,0.01,0.01,0.01,0.01,0
1789527703,0.01,0.01,0.01,0.01,0
1789528003,0.01,0.01,0.01,0.01,0
1789528303,0.01,0.01,0.01,0.01,0
1789528603,0.01,0.01,0.01,0.01,0
1789528903,0.01,0.01,0.01,0.01,0
1789529203,0.01,0.01,0.01,0.01,0
1789529503,0.01,0.01,0.01,0.01,0
1789529803,0.01,0.01,0.01,0.01,0
1789530103,0.01,0.01,0.01,0.01,0
1789530403,0.01,0.01,0.01,0.01,0
1789530703,0.01,0.01,0.01,0.01,0
1789531003,0.01,0.01,0.01,0.01,0
1789531303,0.01,0.01,0.01,0.01,0
1789531603,0.01,0.01,0.01,0.01,0
1789531903,0.01,0.01,0.01,0.01,0
1789532203,0.01,0.01,0.01,0.01,0
1789532503,0.01,0.01,0.01,0.01,0
1789532803,0.01,0.01,0.01,0.01,0
1789533103,0.01,0.01,0.01,0.01,0
1789533403,0.01,0.01,0.01,0.01,0
1789533703,0.01,0.01,0.01,0.01,0
1789534003,0.01,0.01,0.01,0.01,0
1789534303,0.01,0.01,0.01,0.01,0
1789534603,0.01,0.01,0.01,0.01,0
1789534903,0.01,0.01,0.01,0.01,0
1789535203,0.01,0.01,0.01,0.01,0
1789535503,0.01,0.01,0.01,0.01,0
1789535803,0.01,0.01,0.01,0.01,0
1789536103,0.01,0.01,0.01,0.01,0
1789536403,0.01,0.01,0.01,0.01,0
1789536703,0.01,0.01,0.01,0.01,0
1789537003,0.01,0.01,0.01,0.01,0
1789537303,0.01,0.01,0.01,0.01,0
1789537603,0.01,0.01,0.01,0.01,0
1789537903,0.01,0.01,0.01,0.01,0
1789538203,0.01,0.01,0.01,0.01,0
1789538503,0.01,0.01,0.01,0.01,0
1789538803,0.01,0.01,0.01,0.01,0
1789539103,0.01,0.01,0.01,0.01,0
1789539403,0.01,0.01,0.01,0.01,0
1789539703,0.01,0.01,0.01,0.01,0
1789540003,0.01,0.01,0.01,0.01,0
1789540303,0.01,0.01,0.01,0.01,0
1789540603,0.01,0.01,0.01,0.01,0
1789540903,0.01,0.01,0.01,0.01,0
1789541203,0.01,0.01,0.01,0.01,0
1789541503,0.01,0.01,0.01,0.01,0
1789541803,0.01,0.01,0.01,0.01,0
1789542103,0.01,0.01,0.01,0.01,0
1789542403,0.01,0.01,0.01,0.01,0
1789542703,0.01,0.01,0.01,0.01,0
1789543003,0.01,0.01,0.01,0.01,0
1789543303,0.01,0.01,0.01,0.01,0
1789543603,0.01,0.01,0.01,0.01,0
1789543903,0.01,0.01,0.01,0.01,0
1789544203,0.01,0.01,0.01,0.01,0
1789544503,0.01,0.01,0.01,0.01,0
1789544803,0.01,0.01,0.01,0.01,0
1789545103,0.01,0.01,0.01,0.01,0
1789545403,0.01,0.01,0.01,0.01,0
1789545703,0.01,0.01,0.01,0.01,0
1789546003,0.01,0.01,0.01,0.01,0
1789546303,0.01,0.01,0.01,0.01,0
1789546603,0.01,0.01,0.01,0.01,0
1789546903,0.01,0.01,0.01,0.01,0
1789547203,0.01,0.01,0.01,0.01,0
1789547503,0.01,0.01,0.01,0.01,0
1789547803,0.01,0.01,0.01,0.01,0
1789548103,0.01,0.01,0.01,0.01,0
1789548403,0.01,0.01,0.01,0.01,0
1789548703,0.01,0.01,0.01,0.01,0
1789549003,0.01,0.01,0.01,0.01,0
1789549303,0.01,0.01,0.01,0.01,0
1789549603,0.01,0.01,0.01,0.01,0
1789549903,0.01,0.01,0.01,0.01,0
1789550203,0.01,0.01,0.01,0.01,0
1789550503,0.01,0.01,0.01,0.01,0
1789550803,0.01,0.01,0.01,0.01,0
1789551103,0.01,0.01,0.01,0.01,0
1789551403,0.01,0.01,0.01,0.01,0
1789551703,0.01,0.01,0.01,0.01,0
1789552003,0.01,0.01,0.01,0.01,0
1789552303,0.01,0.01,0.01,0.01,0
1789552603,0.01,0.01,0.01,0.01,0
1789552903,0.01,0.01,0.01,0.01,0
1789553203,0.01,0.01,0.01,0.01,0
1789553503,0.01,0.01,0.01,0.01,0
1789553803,0.01,0.01,0.01,0.01,0
1789554103,0.01,0.01,0.01,0.01,0
1789554403,0.01,0.01,0.01,0.01,0
1789554703,0.01,0.01,0.01,0.01,0
1789555003,0.01,0.01,0.01,0.01,0
1789555303,0.01,0.01,0.01,0.01,0
1789555603,0.01,0.01,0.01,0.01,0
1789555903,0.01,0.01,0.01,0.01,0
1789556203,0.01,0.01,0.01,0.01,0
1789556503,0.01,0.01,0.01,0.01,0
1789556803,0.01,0.01,0.01,0.01,0
1789557103,0.01,0.01,0.01,0.01,0
1789557403,0.01,0.01,0.01,0.01,0
1789557703,0.01,0.01,0.01,0.01,0
1789558003,0.01,0.01,0.01,0.01,0
1789558303,0.01,0.01,0.01,0.01,0
1789558603,0.01,0.01,0.01,0.01,0
1789558903,0.01,0.01,0.01,0.01,0
1789559203,0.01,0.01,0.01,0.01,0
1789559503,0.01,0.01,0.01,0.01,0
1789559803,0.01,0.01,0.01,0.01,0
1789560103,0.01,0.01,0.01,0.01,0
1789560403,0.01,0.01,0.01,0.01,0
1789560703,0.01,0.01,0.01,0.01,0
1789561003,0.01,0.01,0.01,0.01,0
1789561303,0.01,0.01,0.01,0.01,0
1789561603,0.01,0.01,0.01,0.01,0
1789561903,0.01,0.01,0.01,0.01,0
1789562203,0.01,0.01,0.01,0.01,0
1789562503,0.01,0.01,0.01,0.01,0
1789562803,0.01,0.01,0.01,0.01,0
1789563103,0.01,0.01,0.01,0.01,0
1789563403,0.01,0.01,0.01,0.01,0
1789563703,0.01,0.01,0.01,0.01,0
1789564003,0.01,0.01,0.01,0.01,0
1789564303,0.01,0.01,0.01,0.01,0
1789564603,0.01,0.01,0.01,0.01,0
1789564903,0.01,0.01,0.01,0.01,0
1789565203,0.01,0.01,0.01,0.01,0
1789565503,0.01,0.01,0.01,0.01,0
1789565803,0.01,0.01,0.01,0.01,0
1789566103,0.01,0.01,0.01,0.01,0
1789566403,0.01,0.01,0.01,0.01,0
1789566703,0.01,0.01,0.01,0.01,0
1789567003,0.01,0.01,0.01,0.01,0
1789567303,0.01,0.01,0.01,0.01,0
1789567603,0.01,0.01,0.01,0.01,0
1789567903,0.01,0.01,0.01,0.01,0
1789568203,0.01,0.01,0.01,0.01,0
1789568503,0.01,0.01,0.01,0.01,0
1789568803,0.01,0.01,0.01,0.01,0
1789569103,0.01,0.01,0.01,0.01,0
1789569403,0.01,0.01,0.01,0.01,0
1789569703,0.01,0.01,0.01,0.01,0
1789570003,0.01,0.01,0.01,0.01,0
1789570303,0.01,0.01,0.01,0.01,0
1789570603,0.01,0.01,0.01,0.01,0
1789570903,0.01,0.01,0.01,0.01,0
1789571203,0.01,0.01,0.01,0.01,0
1789571503,0.01,0.01,0.01,0.01,0
1789571803,0.01,0.01,0.01,0.01,0
1789572103,0.01,0.01,0.01,0.01,0
1789572403,0.01,0.01,0.01,0.01,0
1789572703,0.01,0.01,0.01,0.01,0
1789573003,0.01,0.01,0.01,0.01,0
1789573303,0.01,0.01,0.01,0.01,0
1789573603,0.01,0.01,0.01,0.01,0
1789573903,0.01,0.01,0.01,0.01,0
1789574203,0.01,0.01,0.01,0.01,0
1789574503,0.01,0.01,0.01,0.01,0
1789574803,0.01,0.01,0.01,0.01,0
1789575103,0.01,0.01,0.01,0.01,0
1789575403,0.01,0.01,0.01,0.01,0
1789575703,0.01,0.01,0.01,0.01,0
1789576003,0.01,0.01,0.01,0.01,0
1789576303,0.01,0.01,0.01,0.01,0
1789576603,0.01,0.01,0.01,0.01,0
1789576903,0.01,0.01,0.01,0.01,0
1789577203,0.01,0.01,0.01,0.01,0
1789577503,0.01,0.01,0.01,0.01,0
1789577803,0.01,0.01,0.01,0.01,0
1789578103,0.01,0.01,0.01,0.01,0
1789578403,0.01,0.01,0.01,0.01,0
1789578703,0.01,0.01,0.01,0.01,0
1789579003,0.01,0.01,0.01,0.01,0
1789579303,0.01,0.01,0.01,0.01,0
1789579603,0.01,0.01,0.01,0.01,0
1789579903,0.01,0.01,0.01,0.01,0
1789580203,0.01,0.01,0.01,0.01,0
1789580503,0.01,0.01,0.01,0.01,0
1789580803,0.01,0.01,0.01,0.01,0
1789581103,0.01,0.01,0.01,0.01,0
1789581403,0.01,0.01,0.01,0.01,0
1789581703,0.01,0.01,0.01,0.01,0
1789582003,0.01,0.01,0.01,0.01,0
1789582303,0.01,0.01,0.01,0.01,0
1789582603,0.01,0.01,0.01,0.01,0
1789582903,0.01,0.01,0.01,0.01,0
1789583203,0.01,0.01,0.01,0.01,0
1789583503,0.01,0.01,0.01,0.01,0
1789583803,0.01,0.01,0.01,0.01,0
1789584103,0.01,0.01,0.01,0.01,0
1789584403,0.01,0.01,0.01,0.01,0
1789584703,0.01,0.01,0.01,0.01,0
1789585003,0.01,0.01,0.01,0.01,0
1789585303,0.01,0.01,0.01,0.01,0
1789585603,0.01,0.01,0.01,0.01,0
1789585903,0.01,0.01,0.01,0.01,0
1789586203,0.01,0.01,0.01,0.01,0
1789586503,0.01,0.01,0.01,0.01,0
1789586803,0.01,0.01,0.01,0.01,0
1789587103,0.01,0.01,0.01,0.01,0
1789587403,0.01,0.01,0.01,0.01,0
1789587703,0.01,0.01,0.01,0.01,0
1789588003,0.01,0.01,0.01,0.01,0
1789588303,0.01,0.01,0.01,0.01,0
1789588603,0.01,0.01,0.01,0.01,0
1789588903,0.01,0.01,0.01,0.01,0
1789589203,0.01,0.01,0.01,0.01,0
1789589503,0.01,0.01,0.01,0.01,0
1789589803,0.01,0.01,0.01,0.01,0
1789590103,0.01,0.01,0.01,0.01,0
1789590403,0.01,0.01,0.01,0.01,0
1789590703,0.01,0.01,0.01,0.01,0
1789591003,0.01,0.01,0.01,0.01,0
1789591303,0.01,0.01,0.01,0.01,0
1789591603,0.01,0.01,0.01,0.01,0
1789591903,0.01,0.01,0.01,0.01,0
1789592203,0.01,0.01,0.01,0.01,0
1789592503,0.01,0.01,0.01,0.01,0
1789592803,0.01,0.01,0.01,0.01,0
1789593103,0.01,0.01,0.01,0.01,0
1789593403,0.01,0.01,0.01,0.01,0
1789593703,0.01,0.01,0.01,0.01,0
1789594003,0.01,0.01,0.01,0.01,0
1789594303,0.01,0.01,0.01,0.01,0
1789594603,0.01,0.01,0.01,0.01,0
1789594903,0.01,0.01,0.01,0.01,0
1789595203,0.01,0.01,0.01,0.01,0
1789595503,0.01,0.01,0.01,0.01,0
1789595803,0.01,0.01,0.01,0.01,0
1789596103,0.01,0.01,0.01,0.01,0
1789596403,0.01,0.01,0.01,0.01,0
1789596703,0.01,0.01,0.01,0.01,0
1789597003,0.01,0.01,0.01,0.01,0
1789597303,0.01,0.01,0.01,0.01,0
1789597603,0.01,0.01,0.01,0.01,0
1789597903,0.01,0.01,0.01,0.01,0
1789598203,0.01,0.01,0.01,0.01,0
1789598503,0.01,0.01,0.01,0.01,0
1789598803,0.01,0.01,0.01,0.01,0
1789599103,0.01,0.01,0.01,0.01,0
1789599403,0.01,0.01,0.01,0.01,0
1789599703,0.01,0.01,0.01,0.01,0
1789600003,0.01,0.01,0.01,0.01,0
1789600303,0.01,0.01,0.01,0.01,0
1789600603,0.01,0.01,0.01,0.01,0
1789600903,0.01,0.01,0.01,0.01,0
1789601203,0.01,0.01,0.01,0.01,0
1789601503,0.01,0.01,0.01,0.01,0
1789601803,0.01,0.01,0.01,0.01,0
1789602103,0.01,0.01,0.01,0.01,0
1789602403,0.01,0.01,0.01,0.01,0
1789602703,0.01,0.01,0.01,0.01,0
1789603003,0.01,0.01,0.01,0.01,0
1789603303,0.01,0.01,0.01,0.01,0
1789603603,0.01,0.01,0.01,0.01,0
1789603903,0.01,0.01,0.01,0.01,0
1789604203,0.01,0.01,0.01,0.01,0
1789604503,0.01,0.01,0.01,0.01,0
1789604803,0.01,0.01,0.01,0.01,0
1789605103,0.01,0.01,0.01,0.01,0
1789605403,0.01,0.01,0.01,0.01,0
1789605703,0.01,0.01,0.01,0.01,0
1789606003,0.01,0.01,0.01,0.01,0
1789606303,0.01,0.01,0.01,0.01,0
1789606603,0.01,0.01,0.01,0.01,0
1789606903,0.01,0.01,0.01,0.01,0
1789607203,0.01,0.01,0.01,0.01,0
1789607503,0.01,0.01,0.01,0.01,0
1789607803,0.01,0.01,0.01,0.01,0
1789608103,0.01,0.01,0.01,0.01,0
1789608403,0.01,0.01,0.01,0.01,0
1789608703,0.01,0.01,0.01,0.01,0
1789609003,0.01,0.01,0.01,0.01,0
1789609303,0.01,0.01,0.01,0.01,0
1789609603,0.01,0.01,0.01,0.01,0
1789609903,0.01,0.01,0.01,0.01,0
1789610203,0.01,0.01,0.01,0.01,0
1789610503,0.01,0.01,0.01,0.01,0
1789610803,0.01,0.01,0.01,0.01,0
1789611103,0.01,0.01,0.01,0.01,0
1789611403,0.01,0.01,0.01,0.01,0
1789611703,0.01,0.01,0.01,0.01,0
1789612003,0.01,0.01,0.01,0.01,0
1789612303,0.01,0.01,0.01,0.01,0
1789612603,0.01,0.01,0.01,0.01,0
1789612903,0.01,0.01,0.01,0.01,0
1789613203,0.01,0.01,0.01,0.01,0
1789613503,0.01,0.01,0.01,0.01,0
1789613803,0.01,0.01,0.01,0.01,0
1789614103,0.01,0.01,0.01,0.01,0
1789614403,0.01,0.01,0.01,0.01,0
1789614703,0.01,0.01,0.01,0.01,0
1789615003,0.01,0.01,0.01,0.01,0
1789615303,0.01,0.01,0.01,0.01,0
1789615603,0.01,0.01,0.01,0.01,0
1789615903,0.01,0.01,0.01,0.01,0
1789616203,0.01,0.01,0.01,0.01,0
1789616503,0.01,0.01,0.01,0.01,0
1789616803,0.01,0.01,0.01,0.01,0
1789617103,0.01,0.01,0.01,0.01,0
1789617403,0.01,0.01,0.01,0.01,0
1789617703,0.01,0.01,0.01,0.01,0
1789618003,0.01,0.01,0.01,0.01,0
1789618303,0.01,0.01,0.01,0.01,0
1789618603,0.01,0.01,0.01,0.01,0
1789618903,0.01,0.01,0.01,0.01,0
1789619203,0.01,0.01,0.01,0.01,0
1789619503,0.01,0.01,0.01,0.01,0
1789619803,0.01,0.01,0.01,0.01,0
1789620103,0.01,0.01,0.01,0.01,0
1789620403,0.01,0.01,0.01,0.01,0
1789620703,0.01,0.01,0.01,0.01,0
1789621003,0.01,0.01,0.01,0.01,0
1789621303,0.01,0.01,0.01,0.01,0
1789621603,0.01,0.01,0.01,0.01,0
1789621903,0.01,0.01,0.01,0.01,0
1789622203,0.01,0.01,0.01,0.01,0
1789622503,0.01,0.01,0.01,0.01,0
1789622803,0.01,0.01,0.01,0.01,0
1789623103,0.01,0.01,0.01,0.01,0
1789623403,0.01,0.01,0.01,0.01,0
1789623703,0.01,0.01,0.01,0.01,0
1789624003,0.01,0.01,0.01,0.01,0
1789624303,0.01,0.01,0.01,0.01,0
1789624603,0.01,0.01,0.01,0.01,0
1789624903,0.01,0.01,0.01,0.01,0
1789625203,0.01,0.01,0.01,0.01,0
1789625503,0.01,0.01,0.01,0.01,0
1789625803,0.01,0.01,0.01,0.01,0
1789626103,0.01,0.01,0.01,0.01,0
1789626403,0.01,0.01,0.01,0.01,0
1789626703,0.01,0.01,0.01,0.01,0
1789627003,0.01,0.01,0.01,0.01,0
1789627303,0.01,0.01,0.01,0.01,0
1789627603,0.01,0.01,0.01,0.01,0
1789627903,0.01,0.01,0.01,0.01,0
1789628203,0.01,0.01,0.01,0.01,0
1789628503,0.01,0.01,0.01,0.01,0
1789628803,0.01,0.01,0.01,0.01,0
1789629103,0.01,0.01,0.01,0.01,0
1789629403,0.01,0.01,0.01,0.01,0
1789629703,0.01,0.01,0.01,0.01,0
1789630003,0.01,0.01,0.01,0.01,0
1789630303,0.01,0.01,0.01,0.01,0
1789630603,0.01,0.01,0.01,0.01,0
1789630903,0.01,0.01,0.01,0.01,0
1789631203,0.01,0.01,0.01,0.01,0
1789631503,0.01,0.01,0.01,0.01,0
1789631803,0.01,0.01,0.01,0.01,0
1789632103,0.01,0.01,0.01,0.01,0
1789632403,0.01,0.01,0.01,0.01,0
1789632703,0.01,0.01,0.01,0.01,0
1789633003,0.01,0.01,0.01,0.01,0
1789633303,0.01,0.01,0.01,0.01,0
1789633603,0.01,0.01,0.01,0.01,0
1789633903,0.01,0.01,0.01,0.01,0
1789634203,0.01,0.01,0.01,0.01,0
1789634503,0.01,0.01,0.01,0.01,0
1789634803,0.01,0.01,0.01,0.01,0
1789635103,0.01,0.01,0.01,0.01,0
1789635403,0.01,0.01,0.01,0.01,0
1789635703,0.01,0.01,0.01,0.01,0
1789636003,0.01,0.01,0.01,0.01,0
1789636303,0.01,0.01,0.01,0.01,0
1789636603,0.01,0.01,0.01,0.01,0
1789636903,0.01,0.01,0.01,0.01,0
1789637203,0.01,0.01,0.01,0.01,0
1789637503,0.01,0.01,0.01,0.01,0
1789637803,0.01,0.01,0.01,0.01,0
1789638103,0.01,0.01,0.01,0.01,0
1789638403,0.01,0.01,0.01,0.01,0
1789638703,0.01,0.01,0.01,0.01,0
1789639003,0.01,0.01,0.01,0.01,0
1789639303,0.01,0.01,0.01,0.01,0
1789639603,0.01,0.01,0.01,0.01,0
1789639903,0.01,0.01,0.01,0.01,0
1789640203,0.01,0.01,0.01,0.01,0
1789640503,0.01,0.01,0.01,0.01,0
1789640803,0.01,0.01,0.01,0.01,0
1789641103,0.01,0.01,0.01,0.01,0
1789641403,0.01,0.01,0.01,0.01,0
1789641703,0.01,0.01,0.01,0.01,0
1789642003,0.01,0.01,0.01,0.01,0
1789642303,0.01,0.01,0.01,0.01,0
1789642603,0.01,0.01,0.01,0.01,0
1789642903,0.01,0.01,0.01,0.01,0
1789643203,0.01,0.01,0.01,0.01,0
1789643503,0.01,0.01,0.01,0.01,0
1789643803,0.01,0.01,0.01,0.01,0
1789644103,0.01,0.01,0.01,0.01,0
1789644403,0.01,0.01,0.01,0.01,0
1789644703,0.01,0.01,0.01,0.01,0
1789645003,0.01,0.01,0.01,0.01,0
1789645303,0.01,0.01,0.01,0.01,0
1789645603,0.01,0.01,0.01,0.01,0
1789645903,0.01,0.01,0.01,0.01,0
1789646203,0.01,0.01,0.01,0.01,0
1789646503,0.01,0.01,0.01,0.01,0
1789646803,0.01,0.01,0.01,0.01,0
1789647103,0.01,0.01,0.01,0.01,0
1789647403,0.01,0.01,0.01,0.01,0
1789647703,0.01,0.01,0.01,0.01,0
1789648003,0.01,0.01,0.01,0.01,0
1789648303,0.01,0.01,0.01,0.01,0
1789648603,0.01,0.01,0.01,0.01,0
1789648903,0.01,0.01,0.01,0.01,0
1789649203,0.01,0.01,0.01,0.01,0
1789649503,0.01,0.01,0.01,0.01,0
1789649803,0.01,0.01,0.01,0.01,0
1789650103,0.01,0.01,0.01,0.01,0
1789650403,0.01,0.01,0.01,0.01,0
1789650703,0.01,0.01,0.01,0.01,0
1789651003,0.01,0.01,0.01,0.01,0
1789651303,0.01,0.01,0.01,0.01,0
1789651603,0.01,0.01,0.01,0.01,0
1789651903,0.01,0.01,0.01,0.01,0
1789652203,0.01,0.01,0.01,0.01,0
1789652503,0.01,0.01,0.01,0.01,0
1789652803,0.01,0.01,0.01,0.01,0
1789653103,0.01,0.01,0.01,0.01,0
1789653403,0.01,0.01,0.01,0.01,0
1789653703,0.01,0.01,0.01,0.01,0
1789654003,0.01,0.01,0.01,0.01,0
1789654303,0.01,0.01,0.01,0.01,0
1789654603,0.01,0.01,0.01,0.01,0
1789654903,0.01,0.01,0.01,0.01,0
1789655203,0.01,0.01,0.01,0.01,0
1789655503,0.01,0.01,0.01,0.01,0
1789655803,0.01,0.01,0.01,0.01,0
1789656103,0.01,0.01,0.01,0.01,0
1789656403,0.01,0.01,0.01,0.01,0
1789656703,0.01,0.01,0.01,0.01,0
1789657003,0.01,0.01,0.01,0.01,0
1789657303,0.01,0.01,0.01,0.01,0
1789657603,0.01,0.01,0.01,0.01,0
1789657903,0.01,0.01,0.01,0.01,0
1789658203,0.01,0.01,0.01,0.01,0
1789658503,0.01,0.01,0.01,0.01,0
1789658803,0.01,0.01,0.01,0.01,0
1789659103,0.01,0.01,0.01,0.01,0
1789659403,0.01,0.01,0.01,0.01,0
1789659703,0.01,0.01,0.01,0.01,0
1789660003,0.01,0.01,0.01,0.01,0
1789660303,0.01,0.01,0.01,0.01,0
1789660603,0.01,0.01,0.01,0.01,0
1789660903,0.01,0.01,0.01,0.01,0
1789661203,0.01,0.01,0.01,0.01,0
1789661503,0.01,0.01,0.01,0.01,0
1789661803,0.01,0.01,0.01,0.01,0
1789662103,0.01,0.01,0.01,0.01,0
1789662403,0.01,0.01,0.01,0.01,0
1789662703,0.01,0.01,0.01,0.01,0
1789663003,0.01,0.01,0.01,0.01,0
1789663303,0.01,0.01,0.01,0.01,0
1789663603,0.01,0.01,0.01,0.01,0
1789663903,0.01,0.01,0.01,0.01,0
1789664203,0.01,0.01,0.01,0.01,0
1789664503,0.01,0.01,0.01,0.01,0
1789664803,0.01,0.01,0.01,0.01,0
1789665103,0.01,0.01,0.01,0.01,0
1789665403,0.01,0.01,0.01,0.01,0
1789665703,0.01,0.01,0.01,0.01,0
1789666003,0.01,0.01,0.01,0.01,0
1789666303,0.01,0.01,0.01,0.01,0
1789666603,0.01,0.01,0.01,0.01,0
1789666903,0.01,0.01,0.01,0.01,0
1789667203,0.01,0.01,0.01,0.01,0
1789667503,0.01,0.01,0.01,0.01,0
1789667803,0.01,0.01,0.01,0.01,0
1789668103,0.01,0.01,0.01,0.01,0
1789668403,0.01,0.01,0.01,0.01,0
1789668703,0.01,0.01,0.01,0.01,0
1789669003,0.01,0.01,0.01,0.01,0
1789669303,0.01,0.01,0.01,0.01,0
1789669603,0.01,0.01,0.01,0.01,0
1789669903,0.01,0.01,0.01,0.01,0
1789670203,0.01,0.01,0.01,0.01,0
1789670503,0.01,0.01,0.01,0.01,0
1789670803,0.01,0.01,0.01,0.01,0
1789671103,0.01,0.01,0.01,0.01,0
1789671403,0.01,0.01,0.01,0.01,0
1789671703,0.01,0.01,0.01,0.01,0
1789672003,0.01,0.01,0.01,0.01,0
1789672303,0.01,0.01,0.01,0.01,0
1789672603,0.01,0.01,0.01,0.01,0
1789672903,0.01,0.01,0.01,0.01,0
1789673203,0.01,0.01,0.01,0.01,0
1789673503,0.01,0.01,0.01,0.01,0
1789673803,0.01,0.01,0.01,0.01,0
1789674103,0.01,0.01,0.01,0.01,0
1789674403,0.01,0.01,0.01,0.01,0
1789674703,0.01,0.01,0.01,0.01,0
1789675003,0.01,0.01,0.01,0.01,0
1789675303,0.01,0.01,0.01,0.01,0
1789675603,0.01,0.01,0.01,0.01,0
1789675903,0.01,0.01,0.01,0.01,0
1789676203,0.01,0.01,0.01,0.01,0
1789676503,0.01,0.01,0.01,0.01,0
1789676803,0.01,0.01,0.01,0.01,0
1789677103,0.01,0.01,0.01,0.01,0
1789677403,0.01,0.01,0.01,0.01,0
1789677703,0.01,0.01,0.01,0.01,0
1789678003,0.01,0.01,0.01,0.01,0
1789678303,0.01,0.01,0.01,0.01,0
1789678603,0.01,0.01,0.01,0.01,0
1789678903,0.01,0.01,0.01,0.01,0
1789679203,0.01,0.01,0.01,0.01,0
1789679503,0.01,0.01,0.01,0.01,0
1789679803,0.01,0.01,0.01,0.01,0
1789680103,0.01,0.01,0.01,0.01,0
1789680403,0.01,0.01,0.01,0.01,0
1789680703,0.01,0.01,0.01,0.01,0
1789681003,0.01,0.01,0.01,0.01,0
1789681303,0.01,0.01,0.01,0.01,0
1789681603,0.01,0.01,0.01,0.01,0
1789681903,0.01,0.01,0.01,0.01,0
1789682203,0.01,0.01,0.01,0.01,0
1789682503,0.01,0.01,0.01,0.01,0
1789682803,0.01,0.01,0.01,0.01,0
1789683103,0.01,0.01,0.01,0.01,0
1789683403,0.01,0.01,0.01,0.01,0
1789683703,0.01,0.01,0.01,0.01,0
1789684003,0.01,0.01,0.01,0.01,0
1789684303,0.01,0.01,0.01,0.01,0
1789684603,0.01,0.01,0.01,0.01,0
1789684903,0.01,0.01,0.01,0.01,0
1789685203,0.01,0.01,0.01,0.01,0
1789685503,0.01,0.01,0.01,0.01,0
1789685803,0.01,0.01,0.01,0.01,0
1789686103,0.01,0.01,0.01,0.01,0
1789686403,0.01,0.01,0.01,0.01,0
1789686703,0.01,0.01,0.01,0.01,0
1789687003,0.01,0.01,0.01,0.01,0
1789687303,0.01,0.01,0.01,0.01,0
1789687603,0.01,0.01,0.01,0.01,0
1789687903,0.01,0.01,0.01,0.01,0
1789688203,0.01,0.01,0.01,0.01,0
1789688503,0.01,0.01,0.01,0.01,0
1789688803,0.01,0.01,0.01,0.01,0
1789689103,0.01,0.01,0.01,0.01,0
1789689403,0.01,0.01,0.01,0.01,0
1789689703,0.01,0.01,0.01,0.01,0
1789690003,0.01,0.01,0.01,0.01,0
1789690303,0.01,0.01,0.01,0.01,0
1789690603,0.01,0.01,0.01,0.01,0
1789690903,0.01,0.01,0.01,0.01,0
1789691203,0.01,0.01,0.01,0.01,0
1789691503,0.01,0.01,0.01,0.01,0
1789691803,0.01,0.01,0.01,0.01,0
1789692103,0.01,0.01,0.01,0.01,0
1789692403,0.01,0.01,0.01,0.01,0
1789692703,0.01,0.01,0.01,0.01,0
1789693003,0.01,0.01,0.01,0.01,0
1789693303,0.01,0.01,0.01,0.01,0
1789693603,0.01,0.01,0.01,0.01,0
1789693903,0.01,0.01,0.01,0.01,0
1789694203,0.01,0.01,0.01,0.01,0
1789694503,0.01,0.01,0.01,0.01,0
1789694803,0.01,0.01,0.01,0.01,0
1789695103,0.01,0.01,0.01,0.01,0
1789695403,0.01,0.01,0.01,0.01,0
1789695703,0.01,0.01,0.01,0.01,0
1789696003,0.01,0.01,0.01,0.01,0
1789696303,0.01,0.01,0.01,0.01,0
1789696603,0.01,0.01,0.01,0.01,0
1789696903,0.01,0.01,0.01,0.01,0
1789697203,0.01,0.01,0.01,0.01,0
1789697503,0.01,0.01,0.01,0.01,0
1789697803,0.01,0.01,0.01,0.01,0
1789698103,0.01,0.01,0.01,0.01,0
1789698403,0.01,0.01,0.01,0.01,0
1789698703,0.01,0.01,0.01,0.01,0
1789699003,0.01,0.01,0.01,0.01,0
1789699303,0.01,0.01,0.01,0.01,0
1789699603,0.01,0.01,0.01,0.01,0
1789699903,0.01,0.01,0.01,0.01,0
1789700203,0.01,0.01,0.01,0.01,0
1789700503,0.01,0.01,0.01,0.01,0
1789700803,0.01,0.01,0.01,0.01,0
1789701103,0.01,0.01,0.01,0.01,0
1789701403,0.01,0.01,0.01,0.01,0
1789701703,0.01,0.01,0.01,0.01,0
1789702003,0.01,0.01,0.01,0.01,0
1789702303,0.01,0.01,0.01,0.01,0
1789702603,0.01,0.01,0.01,0.01,0
1789702903,0.01,0.01,0.01,0.01,0
1789703203,0.01,0.01,0.01,0.01,0
1789703503,0.01,0.01,0.01,0.01,0
1789703803,0.01,0.01,0.01,0.01,0
1789704103,0.01,0.01,0.01,0.01,0
1789704403,0.01,0.01,0.01,0.01,0
1789704703,0.01,0.01,0.01,0.01,0
1789705003,0.01,0.01,0.01,0.01,0
1789705303,0.01,0.01,0.01,0.01,0
1789705603,0.01,0.01,0.01,0.01,0
1789705903,0.01,0.01,0.01,0.01,0
1789706203,0.01,0.01,0.01,0.01,0
1789706503,0.01,0.01,0.01,0.01,0
1789706803,0.01,0.01,0.01,0.01,0
1789707103,0.01,0.01,0.01,0.01,0
1789707403,0.01,0.01,0.01,0.01,0
1789707703,0.01,0.01,0.01,0.01,0
1789708003,0.01,0.01,0.01,0.01,0
1789708303,0.01,0.01,0.01,0.01,0
1789708603,0.01,0.01,0.01,0.01,0
1789708903,0.01,0.01,0.01,0.01,0
1789709203,0.01,0.01,0.01,0.01,0
1789709503,0.01,0.01,0.01,0.01,0
1789709803,0.01,0.01,0.01,0.01,0
1789710103,0.01,0.01,0.01,0.01,0
1789710403,0.01,0.01,0.01,0.01,0
1789710703,0.01,0.01,0.01,0.01,0
1789711003,0.01,0.01,0.01,0.01,0
1789711303,0.01,0.01,0.01,0.01,0
1789711603,0.01,0.01,0.01,0.01,0
1789711903,0.01,0.01,0.01,0.01,0
1789712203,0.01,0.01,0.01,0.01,0
1789712503,0.01,0.01,0.01,0.01,0
1789712803,0.01,0.01,0.01,0.01,0
1789713103,0.01,0.01,0.01,0.01,0
1789713403,0.01,0.01,0.01,0.01,0
1789713703,0.01,0.01,0.01,0.01,0
1789714003,0.01,0.01,0.01,0.01,0
1789714303,0.01,0.01,0.01,0.01,0
1789714603,0.01,0.01,0.01,0.01,0
1789714903,0.01,0.01,0.01,0.01,0
1789715203,0.01,0.01,0.01,0.01,0
1789715503,0.01,0.01,0.01,0.01,0
1789715803,0.01,0.01,0.01,0.01,0
1789716103,0.01,0.01,0.01,0.01,0
1789716403,0.01,0.01,0.01,0.01,0
1789716703,0.01,0.01,0.01,0.01,0
1789717003,0.01,0.01,0.01,0.01,0
1789717303,0.01,0.01,0.01,0.01,0
1789717603,0.01,0.01,0.01,0.01,0
1789717903,0.01,0.01,0.01,0.01,0
1789718203,0.01,0.01,0.01,0.01,0
1789718503,0.01,0.01,0.01,0.01,0
1789718803,0.01,0.01,0.01,0.01,0
1789719103,0.01,0.01,0.01,0.01,0
1789719403,0.01,0.01,0.01,0.01,0
1789719703,0.01,0.01,0.01,0.01,0
1789720003,0.01,0.01,0.01,0.01,0
1789720303,0.01,0.01,0.01,0.01,0
1789720603,0.01,0.01,0.01,0.01,0
1789720903,0.01,0.01,0.01,0.01,0
1789721203,0.01,0.01,0.01,0.01,0
1789721503,0.01,0.01,0.01,0.01,0
1789721803,0.01,0.01,0.01,0.01,0
1789722103,0.01,0.01,0.01,0.01,0
1789722403,0.01,0.01,0.01,0.01,0
1789722703,0.01,0.01,0.01,0.01,0
1789723003,0.01,0.01,0.01,0.01,0
1789723303,0.01,0.01,0.01,0.01,0
1789723603,0.01,0.01,0.01,0.01,0
1789723903,0.01,0.01,0.01,0.01,0
1789724203,0.01,0.01,0.01,0.01,0
1789724503,0.01,0.01,0.01,0.01,0
1789724803,0.01,0.01,0.01,0.01,0
1789725103,0.01,0.01,0.01,0.01,0
1789725403,0.01,0.01,0.01,0.01,0
1789725703,0.01,0.01,0.01,0.01,0
1789726003,0.01,0.01,0.01,0.01,0
1789726303,0.01,0.01,0.01,0.01,0
1789726603,0.01,0.01,0.01,0.01,0
1789726903,0.01,0.01,0.01,0.01,0
1789727203,0.01,0.01,0.01,0.01,0
1789727503,0.01,0.01,0.01,0.01,0
1789727803,0.01,0.01,0.01,0.01,0
1789728103,0.01,0.01,0.01,0.01,0
1789728403,0.01,0.01,0.01,0.01,0
1789728703,0.01,0.01,0.01,0.01,0
1789729003,0.01,0.01,0.01,0.01,0
1789729303,0.01,0.01,0.01,0.01,0
1789729603,0.01,0.01,0.01,0.01,0
1789729903,0.01,0.01,0.01,0.01,0
1789730203,0.01,0.01,0.01,0.01,0
1789730503,0.01,0.01,0.01,0.01,0
1789730803,0.01,0.01,0.01,0.01,0
1789731103,0.01,0.01,0.01,0.01,0
1789731403,0.01,0.01,0.01,0.01,0
1789731703,0.01,0.01,0.01,0.01,0
1789732003,0.01,0.01,0.01,0.01,0
1789732303,0.01,0.01,0.01,0.01,0
1789732603,0.01,0.01,0.01,0.01,0
1789732903,0.01,0.01,0.01,0.01,0
1789733203,0.01,0.01,0.01,0.01,0
1789733503,0.01,0.01,0.01,0.01,0
1789733803,0.01,0.01,0.01,0.01,0
1789734103,0.01,0.01,0.01,0.01,0
1789734403,0.01,0.01,0.01,0.01,0
1789734703,0.01,0.01,0.01,0.01,0
1789735003,0.01,0.01,0.01,0.01,0
1789735303,0.01,0.01,0.01,0.01,0
1789735603,0.01,0.01,0.01,0.01,0
1789735903,0.01,0.01,0.01,0.01,0
1789736203,0.01,0.01,0.01,0.01,0
1789736503,0.01,0.01,0.01,0.01,0
1789736803,0.01,0.01,0.01,0.01,0
1789737103,0.01,0.01,0.01,0.01,0
1789737403,0.01,0.01,0.01,0.01,0
1789737703,0.01,0.01,0.01,0.01,0
1789738003,0.01,0.01,0.01,0.01,0
1789738303,0.01,0.01,0.01,0.01,0
1789738603,0.01,0.01,0.01,0.01,0
1789738903,0.01,0.01,0.01,0.01,0
1789739203,0.01,0.01,0.01,0.01,0
1789739503,0.01,0.01,0.01,0.01,0
1789739803,0.01,0.01,0.01,0.01,0
1789740103,0.01,0.01,0.01,0.01,0
1789740403,0.01,0.01,0.01,0.01,0
1789740703,0.01,0.01,0.01,0.01,0
1789741003,0.01,0.01,0.01,0.01,0
1789741303,0.01,0.01,0.01,0.01,0
1789741603,0.01,0.01,0.01,0.01,0
1789741903,0.01,0.01,0.01,0.01,0
1789742203,0.01,0.01,0.01,0.01,0
1789742503,0.01,0.01,0.01,0.01,0
1789742803,0.01,0.01,0.01,0.01,0
1789743103,0.01,0.01,0.01,0.01,0
1789743403,0.01,0.01,0.01,0.01,0
1789743703,0.01,0.01,0.01,0.01,0
1789744003,0.01,0.01,0.01,0.01,0
1789744303,0.01,0.01,0.01,0.01,0
1789744603,0.01,0.01,0.01,0.01,0
1789744903,0.01,0.01,0.01,0.01,0
1789745203,0.01,0.01,0.01,0.01,0
1789745503,0.01,0.01,0.01,0.01,0
1789745803,0.01,0.01,0.01,0.01,0
1789746103,0.01,0.01,0.01,0.01,0
1789746403,0.01,0.01,0.01,0.01,0
1789746703,0.01,0.01,0.01,0.01,0
1789747003,0.01,0.01,0.01,0.01,0
1789747303,0.01,0.01,0.01,0.01,0
1789747603,0.01,0.01,0.01,0.01,0
1789747903,0.01,0.01,0.01,0.01,0
1789748203,0.01,0.01,0.01,0.01,0
1789748503,0.01,0.01,0.01,0.01,0
1789748803,0.01,0.01,0.01,0.01,0
1789749103,0.01,0.01,0.01,0.01,0
1789749403,0.01,0.01,0.01,0.01,0
1789749703,0.01,0.01,0.01,0.01,0
1789750003,0.01,0.01,0.01,0.01,0
1789750303,0.01,0.01,0.01,0.01,0
1789750603,0.01,0.01,0.01,0.01,0
1789750903,0.01,0.01,0.01,0.01,0
1789751203,0.01,0.01,0.01,0.01,0
1789751503,0.01,0.01,0.01,0.01,0
1789751803,0.01,0.01,0.01,0.01,0
1789752103,0.01,0.01,0.01,0.01,0
1789752403,0.01,0.01,0.01,0.01,0
1789752703,0.01,0.01,0.01,0.01,0
1789753003,0.01,0.01,0.01,0.01,0
1789753303,0.01,0.01,0.01,0.01,0
1789753603,0.01,0.01,0.01,0.01,0
1789753903,0.01,0.01,0.01,0.01,0
1789754203,0.01,0.01,0.01,0.01,0
1789754503,0.01,0.01,0.01,0.01,0
1789754803,0.01,0.01,0.01,0.01,0
1789755103,0.01,0.01,0.01,0.01,0
1789755403,0.01,0.01,0.01,0.01,0
1789755703,0.01,0.01,0.01,0.01,0
1789756003,0.01,0.01,0.01,0.01,0
1789756303,0.01,0.01,0.01,0.01,0
1789756603,0.01,0.01,0.01,0.01,0
1789756903,0.01,0.01,0.01,0.01,0
1789757203,0.01,0.01,0.01,0.01,0
1789757503,0.01,0.01,0.01,0.01,0
1789757803,0.01,0.01,0.01,0.01,0
1789758103,0.01,0.01,0.01,0.01,0
1789758403,0.01,0.01,0.01,0.01,0
1789758703,0.01,0.01,0.01,0.01,0
1789759003,0.01,0.01,0.01,0.01,0
1789759303,0.01,0.01,0.01,0.01,0
1789759603,0.01,0.01,0.01,0.01,0
1789759903,0.01,0.01,0.01,0.01,0
1789760203,0.01,0.01,0.01,0.01,0
1789760503,0.01,0.01,0.01,0.01,0
1789760803,0.01,0.01,0.01,0.01,0
1789761103,0.01,0.01,0.01,0.01,0
1789761403,0.01,0.01,0.01,0.01,0
1789761703,0.01,0.01,0.01,0.01,0
1789762003,0.01,0.01,0.01,0.01,0
1789762303,0.01,0.01,0.01,0.01,0
1789762603,0.01,0.01,0.01,0.01,0
1789762903,0.01,0.01,0.01,0.01,0
1789763203,0.01,0.01,0.01,0.01,0
1789763503,0.01,0.01,0.01,0.01,0
1789763803,0.01,0.01,0.01,0.01,0
1789764103,0.01,0.01,0.01,0.01,0
1789764403,0.01,0.01,0.01,0.01,0
1789764703,0.01,0.01,0.01,0.01,0
1789765003,0.01,0.01,0.01,0.01,0
1789765303,0.01,0.01,0.01,0.01,0
1789765603,0.01,0.01,0.01,0.01,0
1789765903,0.01,0.01,0.01,0.01,0
1789766203,0.01,0.01,0.01,0.01,0
1789766503,0.01,0.01,0.01,0.01,0
1789766803,0.01,0.01,0.01,0.01,0
1789767103,0.01,0.01,0.01,0.01,0
1789767403,0.01,0.01,0.01,0.01,0
1789767703,0.01,0.01,0.01,0.01,0
1789768003,0.01,0.01,0.01,0.01,0
1789768303,0.01,0.01,0.01,0.01,0
1789768603,0.01,0.01,0.01,0.01,0
1789768903,0.01,0.01,0.01,0.01,0
1789769203,0.01,0.01,0.01,0.01,0
1789769503,0.01,0.01,0.01,0.01,0
1789769803,0.01,0.01,0.01,0.01,0
1789770103,0.01,0.01,0.01,0.01,0
1789770403,0.01,0.01,0.01,0.01,0
1789770703,0.01,0.01,0.01,0.01,0
1789771003,0.01,0.01,0.01,0.01,0
1789771303,0.01,0.01,0.01,0.01,0
1789771603,0.01,0.01,0.01,0.01,0
1789771903,0.01,0.01,0.01,0.01,0
1789772203,0.01,0.01,0.01,0.01,0
1789772503,0.01,0.01,0.01,0.01,0
1789772803,0.01,0.01,0.01,0.01,0
1789773103,0.01,0.01,0.01,0.01,0
1789773403,0.01,0.01,0.01,0.01,0
1789773703,0.01,0.01,0.01,0.01,0
1789774003,0.01,0.01,0.01,0.01,0
1789774303,0.01,0.01,0.01,0.01,0
1789774603,0.01,0.01,0.01,0.01,0
1789774903,0.01,0.01,0.01,0.01,0
1789775203,0.01,0.01,0.01,0.01,0
1789775503,0.01,0.01,0.01,0.01,0
1789775803,0.01,0.01,0.01,0.01,0
1789776103,0.01,0.01,0.01,0.01,0
1789776403,0.01,0.01,0.01,0.01,0
1789776703,0.01,0.01,0.01,0.01,0
1789777003,0.01,0.01,0.01,0.01,0
1789777303,0.01,0.01,0.01,0.01,0
1789777603,0.01,0.01,0.01,0.01,0
1789777903,0.01,0.01,0.01,0.01,0
1789778203,0.01,0.01,0.01,0.01,0
1789778503,0.01,0.01,0.01,0.01,0
1789778803,0.01,0.01,0.01,0.01,0
1789779103,0.01,0.01,0.01,0.01,0
1789779403,0.01,0.01,0.01,0.01,0
1789779703,0.01,0.01,0.01,0.01,0
1789780003,0.01,0.01,0.01,0.01,0
1789780303,0.01,0.01,0.01,0.01,0
1789780603,0.01,0.01,0.01,0.01,0
1789780903,0.01,0.01,0.01,0.01,0
1789781203,0.01,0.01,0.01,0.01,0
1789781503,0.01,0.01,0.01,0.01,0
1789781803,0.01,0.01,0.01,0.01,0
1789782103,0.01,0.01,0.01,0.01,0
1789782403,0.01,0.01,0.01,0.01,0
1789782703,0.01,0.01,0.01,0.01,0
1789783003,0.01,0.01,0.01,0.01,0
1789783303,0.01,0.01,0.01,0.01,0
1789783603,0.01,0.01,0.01,0.01,0
1789783903,0.01,0.01,0.01,0.01,0
1789784203,0.01,0.01,0.01,0.01,0
1789784503,0.01,0.01,0.01,0.01,0
1789784803,0.01,0.01,0.01,0.01,0
1789785103,0.01,0.01,0.01,0.01,0
1789785403,0.01,0.01,0.01,0.01,0
1789785703,0.01,0.01,0.01,0.01,0
1789786003,0.01,0.01,0.01,0.01,0
1789786303,0.01,0.01,0.01,0.01,0
1789786603,0.01,0.01,0.01,0.01,0
1789786903,0.01,0.01,0.01,0.01,0
1789787203,0.01,0.01,0.01,0.01,0
1789787503,0.01,0.01,0.01,0.01,0
1789787803,0.01,0.01,0.01,0.01,0
1789788103,0.01,0.01,0.01,0.01,0
1789788403,0.01,0.01,0.01,0.01,0
1789788703,0.01,0.01,0.01,0.01,0
1789789003,0.01,0.01,0.01,0.01,0
1789789303,0.01,0.01,0.01,0.01,0
1789789603,0.01,0.01,0.01,0.01,0
1789789903,0.01,0.01,0.01,0.01,0
1789790203,0.01,0.01,0.01,0.01,0
1789790503,0.01,0.01,0.01,0.01,0
1789790803,0.01,0.01,0.01,0.01,0
1789791103,0.01,0.01,0.01,0.01,0
1789791403,0.01,0.01,0.01,0.01,0
1789791703,0.01,0.01,0.01,0.01,0
1789792003,0.01,0.01,0.01,0.01,0
1789792303,0.01,0.01,0.01,0.01,0
1789792603,0.01,0.01,0.01,0.01,0
1789792903,0.01,0.01,0.01,0.01,0
1789793203,0.01,0.01,0.01,0.01,0
1789793503,0.01,0.01,0.01,0.01,0
1789793803,0.01,0.01,0.01,0.01,0
1789794103,0.01,0.01,0.01,0.01,0
1789794403,0.01,0.01,0.01,0.01,0
1789794703,0.01,0.01,0.01,0.01,0
1789795003,0.01,0.01,0.01,0.01,0
1789795303,0.01,0.01,0.01,0.01,0
1789795603,0.01,0.01,0.01,0.01,0
1789795903,0.01,0.01,0.01,0.01,0
1789796203,0.01,0.01,0.01,0.01,0
1789796503,0.01,0.01,0.01,0.01,0
1789796803,0.01,0.01,0.01,0.01,0
1789797103,0.01,0.01,0.01,0.01,0
1789797403,0.01,0.01,0.01,0.01,0
1789797703,0.01,0.01,0.01,0.01,0
1789798003,0.01,0.01,0.01,0.01,0
1789798303,0.01,0.01,0.01,0.01,0
1789798603,0.01,0.01,0.01,0.01,0
1789798903,0.01,0.01,0.01,0.01,0
1789799203,0.01,0.01,0.01,0.01,0
1789799503,0.01,0.01,0.01,0.01,0
1789799803,0.01,0.01,0.01,0.01,0
1789800103,0.01,0.01,0.01,0.01,0
1789800403,0.01,0.01,0.01,0.01,0
1789800703,0.01,0.01,0.01,0.01,0
1789801003,0.01,0.01,0.01,0.01,0
1789801303,0.01,0.01,0.01,0.01,0
1789801603,0.01,0.01,0.01,0.01,0
1789801903,0.01,0.01,0.01,0.01,0
1789802203,0.01,0.01,0.01,0.01,0
1789802503,0.01,0.01,0.01,0.01,0
1789802803,0.01,0.01,0.01,0.01,0
1789803103,0.01,0.01,0.01,0.01,0
1789803403,0.01,0.01,0.01,0.01,0
1789803703,0.01,0.01,0.01,0.01,0
1789804003,0.01,0.01,0.01,0.01,0
1789804303,0.01,0.01,0.01,0.01,0
1789804603,0.01,0.01,0.01,0.01,0
1789804903,0.01,0.01,0.01,0.01,0
1789805203,0.01,0.01,0.01,0.01,0
1789805503,0.01,0.01,0.01,0.01,0
1789805803,0.01,0.01,0.01,0.01,0
1789806103,0.01,0.01,0.01,0.01,0
1789806403,0.01,0.01,0.01,0.01,0
1789806703,0.01,0.01,0.01,0.01,0
1789807003,0.01,0.01,0.01,0.01,0
1789807303,0.01,0.01,0.01,0.01,0
1789807603,0.01,0.01,0.01,0.01,0
1789807903,0.01,0.01,0.01,0.01,0
1789808203,0.01,0.01,0.01,0.01,0
1789808503,0.01,0.01,0.01,0.01,0
1789808803,0.01,0.01,0.01,0.01,0
1789809103,0.01,0.01,0.01,0.01,0
1789809403,0.01,0.01,0.01,0.01,0
1789809703,0.01,0.01,0.01,0.01,0
1789810003,0.01,0.01,0.01,0.01,0
1789810303,0.01,0.01,0.01,0.01,0
1789810603,0.01,0.01,0.01,0.01,0
1789810903,0.01,0.01,0.01,0.01,0
1789811203,0.01,0.01,0.01,0.01,0
1789811503,0.01,0.01,0.01,0.01,0
1789811803,0.01,0.01,0.01,0.01,0
1789812103,0.01,0.01,0.01,0.01,0
1789812403,0.01,0.01,0.01,0.01,0
1789812703,0.01,0.01,0.01,0.01,0
1789813003,0.01,0.01,0.01,0.01,0
1789813303,0.01,0.01,0.01,0.01,0
1789813603,0.01,0.01,0.01,0.01,0
1789813903,0.01,0.01,0.01,0.01,0
1789814203,0.01,0.01,0.01,0.01,0
1789814503,0.01,0.01,0.01,0.01,0
1789814803,0.01,0.01,0.01,0.01,0
1789815103,0.01,0.01,0.01,0.01,0
1789815403,0.01,0.01,0.01,0.01,0
1789815703,0.01,0.01,0.01,0.01,0
1789816003,0.01,0.01,0.01,0.01,0
1789816303,0.01,0.01,0.01,0.01,0
1789816603,0.01,0.01,0.01,0.01,0
1789816903,0.01,0.01,0.01,0.01,0
1789817203,0.01,0.01,0.01,0.01,0
1789817503,0.01,0.01,0.01,0.01,0
1789817803,0.01,0.01,0.01,0.01,0
1789818103,0.01,0.01,0.01,0.01,0
1789818403,0.01,0.01,0.01,0.01,0
1789818703,0.01,0.01,0.01,0.01,0
1789819003,0.01,0.01,0.01,0.01,0
1789819303,0.01,0.01,0.01,0.01,0
1789819603,0.01,0.01,0.01,0.01,0
1789819903,0.01,0.01,0.01,0.01,0
1789820203,0.01,0.01,0.01,0.01,0
1789820503,0.01,0.01,0.01,0.01,0
1789820803,0.01,0.01,0.01,0.01,0
1789821103,0.01,0.01,0.01,0.01,0
1789821403,0.01,0.01,0.01,0.01,0
1789821703,0.01,0.01,0.01,0.01,0
1789822003,0.01,0.01,0.01,0.01,0
1789822303,0.01,0.01,0.01,0.01,0
1789822603,0.01,0.01,0.01,0.01,0
1789822903,0.01,0.01,0.01,0.01,0
1789823203,0.01,0.01,0.01,0.01,0
1789823503,0.01,0.01,0.01,0.01,0
1789823803,0.01,0.01,0.01,0.01,0
1789824103,0.01,0.01,0.01,0.01,0
1789824403,0.01,0.01,0.01,0.01,0
1789824703,0.01,0.01,0.01,0.01,0
1789825003,0.01,0.01,0.01,0.01,0
1789825303,0.01,0.01,0.01,0.01,0
1789825603,0.01,0.01,0.01,0.01,0
1789825903,0.01,0.01,0.01,0.01,0
1789826203,0.01,0.01,0.01,0.01,0
1789826503,0.01,0.01,0.01,0.01,0
1789826803,0.01,0.01,0.01,0.01,0
1789827103,0.01,0.01,0.01,0.01,0
1789827403,0.01,0.01,0.01,0.01,0
1789827703,0.01,0.01,0.01,0.01,0
1789828003,0.01,0.01,0.01,0.01,0
1789828303,0.01,0.01,0.01,0.01,0
1789828603,0.01,0.01,0.01,0.01,0
1789828903,0.01,0.01,0.01,0.01,0
1789829203,0.01,0.01,0.01,0.01,0
1789829503,0.01,0.01,0.01,0.01,0
1789829803,0.01,0.01,0.01,0.01,0
1789830103,0.01,0.01,0.01,0.01,0
1789830403,0.01,0.01,0.01,0.01,0
1789830703,0.01,0.01,0.01,0.01,0
1789831003,0.01,0.01,0.01,0.01,0
1789831303,0.01,0.01,0.01,0.01,0
1789831603,0.01,0.01,0.01,0.01,0
1789831903,0.01,0.01,0.01,0.01,0
1789832203,0.01,0.01,0.01,0.01,0
1789832503,0.01,0.01,0.01,0.01,0
1789832803,0.01,0.01,0.01,0.01,0
1789833103,0.01,0.01,0.01,0.01,0
1789833403,0.01,0.01,0.01,0.01,0
1789833703,0.01,0.01,0.01,0.01,0
1789834003,0.01,0.01,0.01,0.01,0
1789834303,0.01,0.01,0.01,0.01,0
1789834603,0.01,0.01,0.01,0.01,0
1789834903,0.01,0.01,0.01,0.01,0
1789835203,0.01,0.01,0.01,0.01,0
1789835503,0.01,0.01,0.01,0.01,0
1789835803,0.01,0.01,0.01,0.01,0
1789836103,0.01,0.01,0.01,0.01,0
1789836403,0.01,0.01,0.01,0.01,0
1789836703,0.01,0.01,0.01,0.01,0
1789837003,0.01,0.01,0.01,0.01,0
1789837303,0.01,0.01,0.01,0.01,0
1789837603,0.01,0.01,0.01,0.01,0
1789837903,0.01,0.01,0.01,0.01,0
1789838203,0.01,0.01,0.01,0.01,0
1789838503,0.01,0.01,0.01,0.01,0
1789838803,0.01,0.01,0.01,0.01,0
1789839103,0.01,0.01,0.01,0.01,0
1789839403,0.01,0.01,0.01,0.01,0
1789839703,0.01,0.01,0.01,0.01,0
1789840003,0.01,0.01,0.01,0.01,0
1789840303,0.01,0.01,0.01,0.01,0
1789840603,0.01,0.01,0.01,0.01,0
1789840903,0.01,0.01,0.01,0.01,0
1789841203,0.01,0.01,0.01,0.01,0
1789841503,0.01,0.01,0.01,0.01,0
1789841803,0.01,0.01,0.01,0.01,0
1789842103,0.01,0.01,0.01,0.01,0
1789842403,0.01,0.01,0.01,0.01,0
1789842703,0.01,0.01,0.01,0.01,0
1789843003,0.01,0.01,0.01,0.01,0
1789843303,0.01,0.01,0.01,0.01,0
1789843603,0.01,0.01,0.01,0.01,0
1789843903,0.01,0.01,0.01,0.01,0
1789844203,0.01,0.01,0.01,0.01,0
1789844503,0.01,0.01,0.01,0.01,0
1789844803,0.01,0.01,0.01,0.01,0
1789845103,0.01,0.01,0.01,0.01,0
1789845403,0.01,0.01,0.01,0.01,0
1789845703,0.01,0.01,0.01,0.01,0
1789846003,0.01,0.01,0.01,0.01,0
1789846303,0.01,0.01,0.01,0.01,0
1789846603,0.01,0.01,0.01,0.01,0
1789846903,0.01,0.01,0.01,0.01,0
1789847203,0.01,0.01,0.01,0.01,0
1789847503,0.01,0.01,0.01,0.01,0
1789847803,0.01,0.01,0.01,0.01,0
1789848103,0.01,0.01,0.01,0.01,0
1789848403,0.01,0.01,0.01,0.01,0
1789848703,0.01,0.01,0.01,0.01,0
1789849003,0.01,0.01,0.01,0.01,0
1789849303,0.01,0.01,0.01,0.01,0
1789849603,0.01,0.01,0.01,0.01,0
1789849903,0.01,0.01,0.01,0.01,0
1789850203,0.01,0.01,0.01,0.01,0
1789850503,0.01,0.01,0.01,0.01,0
1789850803,0.01,0.01,0.01,0.01,0
1789851103,0.01,0.01,0.01,0.01,0
1789851403,0.01,0.01,0.01,0.01,0
1789851703,0.01,0.01,0.01,0.01,0
1789852003,0.01,0.01,0.01,0.01,0
1789852303,0.01,0.01,0.01,0.01,0
1789852603,0.01,0.01,0.01,0.01,0
1789852903,0.01,0.01,0.01,0.01,0
1789853203,0.01,0.01,0.01,0.01,0
1789853503,0.01,0.01,0.01,0.01,0
1789853803,0.01,0.01,0.01,0.01,0
1789854103,0.01,0.01,0.01,0.01,0
1789854403,0.01,0.01,0.01,0.01,0
1789854703,0.01,0.01,0.01,0.01,0
1789855003,0.01,0.01,0.01,0.01,0
1789855303,0.01,0.01,0.01,0.01,0
1789855603,0.01,0.01,0.01,0.01,0
1789855903,0.01,0.01,0.01,0.01,0
1789856203,0.01,0.01,0.01,0.01,0
1789856503,0.01,0.01,0.01,0.01,0
1789856803,0.01,0.01,0.01,0.01,0
1789857103,0.01,0.01,0.01,0.01,0
1789857403,0.01,0.01,0.01,0.01,0
1789857703,0.01,0.01,0.01,0.01,0
1789858003,0.01,0.01,0.01,0.01,0
1789858303,0.01,0.01,0.01,0.01,0
1789858603,0.01,0.01,0.01,0.01,0
1789858903,0.01,0.01,0.01,0.01,0
1789859203,0.01,0.01,0.01,0.01,0
1789859503,0.01,0.01,0.01,0.01,0
1789859803,0.01,0.01,0.01,0.01,0
1789860103,0.01,0.01,0.01,0.01,0
1789860403,0.01,0.01,0.01,0.01,0
1789860703,0.01,0.01,0.01,0.01,0
1789861003,0.01,0.01,0.01,0.01,0
1789861303,0.01,0.01,0.01,0.01,0
1789861603,0.01,0.01,0.01,0.01,0
1789861903,0.01,0.01,0.01,0.01,0
1789862203,0.01,0.01,0.01,0.01,0
1789862503,0.01,0.01,0.01,0.01,0
1789862803,0.01,0.01,0.01,0.01,0
1789863103,0.01,0.01,0.01,0.01,0
1789863403,0.01,0.01,0.01,0.01,0
1789863703,0.01,0.01,0.01,0.01,0
1789864003,0.01,0.01,0.01,0.01,0
1789864303,0.01,0.01,0.01,0.01,0
1789864603,0.01,0.01,0.01,0.01,0
1789864903,0.01,0.01,0.01,0.01,0
1789865203,0.01,0.01,0.01,0.01,0
1789865503,0.01,0.01,0.01,0.01,0
1789865803,0.01,0.01,0.01,0.01,0
1789866103,0.01,0.01,0.01,0.01,0
1789866403,0.01,0.01,0.01,0.01,0
1789866703,0.01,0.01,0.01,0.01,0
1789867003,0.01,0.01,0.01,0.01,0
1789867303,0.01,0.01,0.01,0.01,0
1789867603,0.01,0.01,0.01,0.01,0
1789867903,0.01,0.01,0.01,0.01,0
1789868203,0.01,0.01,0.01,0.01,0
1789868503,0.01,0.01,0.01,0.01,0
1789868803,0.01,0.01,0.01,0.01,0
1789869103,0.01,0.01,0.01,0.01,0
1789869403,0.01,0.01,0.01,0.01,0
1789869703,0.01,0.01,0.01,0.01,0
1789870003,0.01,0.01,0.01,0.01,0
1789870303,0.01,0.01,0.01,0.01,0
1789870603,0.01,0.01,0.01,0.01,0
1789870903,0.01,0.01,0.01,0.01,0
1789871203,0.01,0.01,0.01,0.01,0
1789871503,0.01,0.01,0.01,0.01,0
1789871803,0.01,0.01,0.01,0.01,0
1789872103,0.01,0.01,0.01,0.01,0
1789872403,0.01,0.01,0.01,0.01,0
1789872703,0.01,0.01,0.01,0.01,0
1789873003,0.01,0.01,0.01,0.01,0
1789873303,0.01,0.01,0.01,0.01,0
1789873603,0.01,0.01,0.01,0.01,0
1789873903,0.01,0.01,0.01,0.01,0
1789874203,0.01,0.01,0.01,0.01,0
1789874503,0.01,0.01,0.01,0.01,0
1789874803,0.01,0.01,0.01,0.01,0
1789875103,0.01,0.01,0.01,0.01,0
1789875403,0.01,0.01,0.01,0.01,0
1789875703,0.01,0.01,0.01,0.01,0
1789876003,0.01,0.01,0.01,0.01,0
1789876303,0.01,0.01,0.01,0.01,0
1789876603,0.01,0.01,0.01,0.01,0
1789876903,0.01,0.01,0.01,0.01,0
1789877203,0.01,0.01,0.01,0.01,0
1789877503,0.01,0.01,0.01,0.01,0
1789877803,0.01,0.01,0.01,0.01,0
1789878103,0.01,0.01,0.01,0.01,0
1789878403,0.01,0.01,0.01,0.01,0
1789878703,0.01,0.01,0.01,0.01,0
1789879003,0.01,0.01,0.01,0.01,0
1789879303,0.01,0.01,0.01,0.01,0
1789879603,0.01,0.01,0.01,0.01,0
1789879903,0.01,0.01,0.01,0.01,0
1789880203,0.01,0.01,0.01,0.01,0
1789880503,0.01,0.01,0.01,0.01,0
1789880803,0.01,0.01,0.01,0.01,0
1789881103,0.01,0.01,0.01,0.01,0
1789881403,0.01,0.01,0.01,0.01,0
1789881703,0.01,0.01,0.01,0.01,0
1789882003,0.01,0.01,0.01,0.01,0
1789882303,0.01,0.01,0.01,0.01,0
1789882603,0.01,0.01,0.01,0.01,0
1789882903,0.01,0.01,0.01,0.01,0
1789883203,0.01,0.01,0.01,0.01,0
1789883503,0.01,0.01,0.01,0.01,0
1789883803,0.01,0.01,0.01,0.01,0
1789884103,0.01,0.01,0.01,0.01,0
1789884403,0.01,0.01,0.01,0.01,0
1789884703,0.01,0.01,0.01,0.01,0
1789885003,0.01,0.01,0.01,0.01,0
1789885303,0.01,0.01,0.01,0.01,0
1789885603,0.01,0.01,0.01,0.01,0
1789885903,0.01,0.01,0.01,0.01,0
1789886203,0.01,0.01,0.01,0.01,0
1789886503,0.01,0.01,0.01,0.01,0
1789886803,0.01,0.01,0.01,0.01,0
1789887103,0.01,0.01,0.01,0.01,0
1789887403,0.01,0.01,0.01,0.01,0
1789887703,0.01,0.01,0.01,0.01,0
1789888003,0.01,0.01,0.01,0.01,0
1789888303,0.01,0.01,0.01,0.01,0
1789888603,0.01,0.01,0.01,0.01,0
1789888903,0.01,0.01,0.01,0.01,0
1789889203,0.01,0.01,0.01,0.01,0
1789889503,0.01,0.01,0.01,0.01,0
1789889803,0.01,0.01,0.01,0.01,0
1789890103,0.01,0.01,0.01,0.01,0
1789890403,0.01,0.01,0.01,0.01,0
1789890703,0.01,0.01,0.01,0.01,0
1789891003,0.01,0.01,0.01,0.01,0
1789891303,0.01,0.01,0.01,0.01,0
1789891603,0.01,0.01,0.01,0.01,0
1789891903,0.01,0.01,0.01,0.01,0
1789892203,0.01,0.01,0.01,0.01,0
1789892503,0.01,0.01,0.01,0.01,0
1789892803,0.01,0.01,0.01,0.01,0
1789893103,0.01,0.01,0.01,0.01,0
1789893403,0.01,0.01,0.01,0.01,0
1789893703,0.01,0.01,0.01,0.01,0
1789894003,0.01,0.01,0.01,0.01,0
1789894303,0.01,0.01,0.01,0.01,0
1789894603,0.01,0.01,0.01,0.01,0
1789894903,0.01,0.01,0.01,0.01,0
1789895203,0.01,0.01,0.01,0.01,0
1789895503,0.01,0.01,0.01,0.01,0
1789895803,0.01,0.01,0.01,0.01,0
1789896103,0.01,0.01,0.01,0.01,0
1789896403,0.01,0.01,0.01,0.01,0
1789896703,0.01,0.01,0.01,0.01,0
1789897003,0.01,0.01,0.01,0.01,0
1789897303,0.01,0.01,0.01,0.01,0
1789897603,0.01,0.01,0.01,0.01,0
1789897903,0.01,0.01,0.01,0.01,0
1789898203,0.01,0.01,0.01,0.01,0
1789898503,0.01,0.01,0.01,0.01,0
1789898803,0.01,0.01,0.01,0.01,0
1789899103,0.01,0.01,0.01,0.01,0
1789899403,0.01,0.01,0.01,0.01,0
1789899703,0.01,0.01,0.01,0.01,0
1789900003,0.01,0.01,0.01,0.01,0
1789900303,0.01,0.01,0.01,0.01,0
1789900603,0.01,0.01,0.01,0.01,0
1789900903,0.01,0.01,0.01,0.01,0
1789901203,0.01,0.01,0.01,0.01,0
1789901503,0.01,0.01,0.01,0.01,0
1789901803,0.01,0.01,0.01,0.01,0
1789902103,0.01,0.01,0.01,0.01,0
1789902403,0.01,0.01,0.01,0.01,0
1789902703,0.01,0.01,0.01,0.01,0
1789903003,0.01,0.01,0.01,0.01,0
1789903303,0.01,0.01,0.01,0.01,0
1789903603,0.01,0.01,0.01,0.01,0
1789903903,0.01,0.01,0.01,0.01,0
1789904203,0.01,0.01,0.01,0.01,0
1789904503,0.01,0.01,0.01,0.01,0
1789904803,0.01,0.01,0.01,0.01,0
1789905103,0.01,0.01,0.01,0.01,0
1789905403,0.01,0.01,0.01,0.01,0
1789905703,0.01,0.01,0.01,0.01,0
1789906003,0.01,0.01,0.01,0.01,0
1789906303,0.01,0.01,0.01,0.01,0
1789906603,0.01,0.01,0.01,0.01,0
1789906903,0.01,0.01,0.01,0.01,0
1789907203,0.01,0.01,0.01,0.01,0
1789907503,0.01,0.01,0.01,0.01,0
1789907803,0.01,0.01,0.01,0.01,0
1789908103,0.01,0.01,0.01,0.01,0
1789908403,0.01,0.01,0.01,0.01,0
1789908703,0.01,0.01,0.01,0.01,0
1789909003,0.01,0.01,0.01,0.01,0
1789909303,0.01,0.01,0.01,0.01,0
1789909603,0.01,0.01,0.01,0.01,0
1789909903,0.01,0.01,0.01,0.01,0
1789910203,0.01,0.01,0.01,0.01,0
1789910503,0.01,0.01,0.01,0.01,0
1789910803,0.01,0.01,0.01,0.01,0
1789911103,0.01,0.01,0.01,0.01,0
1789911403,0.01,0.01,0.01,0.01,0
1789911703,0.01,0.01,0.01,0.01,0
1789912003,0.01,0.01,0.01,0.01,0
1789912303,0.01,0.01,0.01,0.01,0
1789912603,0.01,0.01,0.01,0.01,0
1789912903,0.01,0.01,0.01,0.01,0
1789913203,0.01,0.01,0.01,0.01,0
1789913503,0.01,0.01,0.01,0.01,0
1789913803,0.01,0.01,0.01,0.01,0
1789914103,0.01,0.01,0.01,0.01,0
1789914403,0.01,0.01,0.01,0.01,0
1789914703,0.01,0.01,0.01,0.01,0
1789915003,0.01,0.01,0.01,0.01,0
1789915303,0.01,0.01,0.01,0.01,0
1789915603,0.01,0.01,0.01,0.01,0
1789915903,0.01,0.01,0.01,0.01,0
1789916203,0.01,0.01,0.01,0.01,0
1789916503,0.01,0.01,0.01,0.01,0
1789916803,0.01,0.01,0.01,0.01,0
1789917103,0.01,0.01,0.01,0.01,0
1789917403,0.01,0.01,0.01,0.01,0
1789917703,0.01,0.01,0.01,0.01,0
1789918003,0.01,0.01,0.01,0.01,0
1789918303,0.01,0.01,0.01,0.01,0
1789918603,0.01,0.01,0.01,0.01,0
1789918903,0.01,0.01,0.01,0.01,0
1789919203,0.01,0.01,0.01,0.01,0
1789919503,0.01,0.01,0.01,0.01,0
1789919803,0.01,0.01,0.01,0.01,0
1789920103,0.01,0.01,0.01,0.01,0
1789920403,0.01,0.01,0.01,0.01,0
1789920703,0.01,0.01,0.01,0.01,0
1789921003,0.01,0.01,0.01,0.01,0
1789921303,0.01,0.01,0.01,0.01,0
1789921603,0.01,0.01,0.01,0.01,0
1789921903,0.01,0.01,0.01,0.01,0
1789922203,0.01,0.01,0.01,0.01,0
1789922503,0.01,0.01,0.01,0.01,0
1789922803,0.01,0.01,0.01,0.01,0
1789923103,0.01,0.01,0.01,0.01,0
1789923403,0.01,0.01,0.01,0.01,0
1789923703,0.01,0.01,0.01,0.01,0
1789924003,0.01,0.01,0.01,0.01,0
1789924303,0.01,0.01,0.01,0.01,0
1789924603,0.01,0.01,0.01,0.01,0
1789924903,0.01,0.01,0.01,0.01,0
1789925203,0.01,0.01,0.01,0.01,0
1789925503,0.01,0.01,0.01,0.01,0
1789925803,0.01,0.01,0.01,0.01,0
1789926103,0.01,0.01,0.01,0.01,0
1789926403,0.01,0.01,0.01,0.01,0
1789926703,0.01,0.01,0.01,0.01,0
1789927003,0.01,0.01,0.01,0.01,0
1789927303,0.01,0.01,0.01,0.01,0
1789927603,0.01,0.01,0.01,0.01,0
1789927903,0.01,0.01,0.01,0.01,0
1789928203,0.01,0.01,0.01,0.01,0
1789928503,0.01,0.01,0.01,0.01,0
1789928803,0.01,0.01,0.01,0.01,0
1789929103,0.01,0.01,0.01,0.01,0
1789929403,0.01,0.01,0.01,0.01,0
1789929703,0.01,0.01,0.01,0.01,0
1789930003,0.01,0.01,0.01,0.01,0
1789930303,0.01,0.01,0.01,0.01,0
1789930603,0.01,0.01,0.01,0.01,0
1789930903,0.01,0.01,0.01,0.01,0
1789931203,0.01,0.01,0.01,0.01,0
1789931503,0.01,0.01,0.01,0.01,0
1789931803,0.01,0.01,0.01,0.01,0
1789932103,0.01,0.01,0.01,0.01,0
1789932403,0.01,0.01,0.01,0.01,0
1789932703,0.01,0.01,0.01,0.01,0
1789933003,0.01,0.01,0.01,0.01,0
1789933303,0.01,0.01,0.01,0.01,0
1789933603,0.01,0.01,0.01,0.01,0
1789933903,0.01,0.01,0.01,0.01,0
1789934203,0.01,0.01,0.01,0.01,0
1789934503,0.01,0.01,0.01,0.01,0
1789934803,0.01,0.01,0.01,0.01,0
1789935103,0.01,0.01,0.01,0.01,0
1789935403,0.01,0.01,0.01,0.01,0
1789935703,0.01,0.01,0.01,0.01,0
1789936003,0.01,0.01,0.01,0.01,0
1789936303,0.01,0.01,0.01,0.01,0
1789936603,0.01,0.01,0.01,0.01,0
1789936903,0.01,0.01,0.01,0.01,0
1789937203,0.01,0.01,0.01,0.01,0
1789937503,0.01,0.01,0.01,0.01,0
1789937803,0.01,0.01,0.01,0.01,0
1789938103,0.01,0.01,0.01,0.01,0
1789938403,0.01,0.01,0.01,0.01,0
1789938703,0.01,0.01,0.01,0.01,0
1789939003,0.01,0.01,0.01,0.01,0
1789939303,0.01,0.01,0.01,0.01,0
1789939603,0.01,0.01,0.01,0.01,0
1789939903,0.01,0.01,0.01,0.01,0
1789940203,0.01,0.01,0.01,0.01,0
1789940503,0.01,0.01,0.01,0.01,0
1789940803,0.01,0.01,0.01,0.01,0
1789941103,0.01,0.01,0.01,0.01,0
1789941403,0.01,0.01,0.01,0.01,0
1789941703,0.01,0.01,0.01,0.01,0
1789942003,0.01,0.01,0.01,0.01,0
1789942303,0.01,0.01,0.01,0.01,0
1789942603,0.01,0.01,0.01,0.01,0
1789942903,0.01,0.01,0.01,0.01,0
1789943203,0.01,0.01,0.01,0.01,0
1789943503,0.01,0.01,0.01,0.01,0
1789943803,0.01,0.01,0.01,0.01,0
1789944103,0.01,0.01,0.01,0.01,0
1789944403,0.01,0.01,0.01,0.01,0
1789944703,0.01,0.01,0.01,0.01,0
1789945003,0.01,0.01,0.01,0.01,0
1789945303,0.01,0.01,0.01,0.01,0
1789945603,0.01,0.01,0.01,0.01,0
1789945903,0.01,0.01,0.01,0.01,0
1789946203,0.01,0.01,0.01,0.01,0
1789946503,0.01,0.01,0.01,0.01,0
1789946803,0.01,0.01,0.01,0.01,0
1789947103,0.01,0.01,0.01,0.01,0
1789947403,0.01,0.01,0.01,0.01,0
1789947703,0.01,0.01,0.01,0.01,0
1789948003,0.01,0.01,0.01,0.01,0
1789948303,0.01,0.01,0.01,0.01,0
1789948603,0.01,0.01,0.01,0.01,0
1789948903,0.01,0.01,0.01,0.01,0
1789949203,0.01,0.01,0.01,0.01,0
1789949503,0.01,0.01,0.01,0.01,0
1789949803,0.01,0.01,0.01,0.01,0
1789950103,0.01,0.01,0.01,0.01,0
1789950403,0.01,0.01,0.01,0.01,0
1789950703,0.01,0.01,0.01,0.01,0
1789951003,0.01,0.01,0.01,0.01,0
1789951303,0.01,0.01,0.01,0.01,0
1789951603,0.01,0.01,0.01,0.01,0
1789951903,0.01,0.01,0.01,0.01,0
1789952203,0.01,0.01,0.01,0.01,0
1789952503,0.01,0.01,0.01,0.01,0
1789952803,0.01,0.01,0.01,0.01,0
1789953103,0.01,0.01,0.01,0.01,0
1789953403,0.01,0.01,0.01,0.01,0
1789953703,0.01,0.01,0.01,0.01,0
1789954003,0.01,0.01,0.01,0.01,0
1789954303,0.01,0.01,0.01,0.01,0
1789954603,0.01,0.01,0.01,0.01,0
1789954903,0.01,0.01,0.01,0.01,0
1789955203,0.01,0.01,0.01,0.01,0
1789955503,0.01,0.01,0.01,0.01,0
1789955803,0.01,0.01,0.01,0.01,0
1789956103,0.01,0.01,0.01,0.01,0
1789956403,0.01,0.01,0.01,0.01,0
1789956703,0.01,0.01,0.01,0.01,0
1789957003,0.01,0.01,0.01,0.01,0
1789957303,0.01,0.01,0.01,0.01,0
1789957603,0.01,0.01,0.01,0.01,0
1789957903,0.01,0.01,0.01,0.01,0
1789958203,0.01,0.01,0.01,0.01,0
1789958503,0.01,0.01,0.01,0.01,0
1789958803,0.01,0.01,0.01,0.01,0
1789959103,0.01,0.01,0.01,0.01,0
1789959403,0.01,0.01,0.01,0.01,0
1789959703,0.01,0.01,0.01,0.01,0
1789960003,0.01,0.01,0.01,0.01,0
1789960303,0.01,0.01,0.01,0.01,0
1789960603,0.01,0.01,0.01,0.01,0
1789960903,0.01,0.01,0.01,0.01,0
1789961203,0.01,0.01,0.01,0.01,0
1789961503,0.01,0.01,0.01,0.01,0
1789961803,0.01,0.01,0.01,0.01,0
1789962103,0.01,0.01,0.01,0.01,0
1789962403,0.01,0.01,0.01,0.01,0
1789962703,0.01,0.01,0.01,0.01,0
1789963003,0.01,0.01,0.01,0.01,0
1789963303,0.01,0.01,0.01,0.01,0
1789963603,0.01,0.01,0.01,0.01,0
1789963903,0.01,0.01,0.01,0.01,0
1789964203,0.01,0.01,0.01,0.01,0
1789964503,0.01,0.01,0.01,0.01,0
1789964803,0.01,0.01,0.01,0.01,0
1789965103,0.01,0.01,0.01,0.01,0
1789965403,0.01,0.01,0.01,0.01,0
1789965703,0.01,0.01,0.01,0.01,0
1789966003,0.01,0.01,0.01,0.01,0
1789966303,0.01,0.01,0.01,0.01,0
1789966603,0.01,0.01,0.01,0.01,0
1789966903,0.01,0.01,0.01,0.01,0
1789967203,0.01,0.01,0.01,0.01,0
1789967503,0.01,0.01,0.01,0.01,0
1789967803,0.01,0.01,0.01,0.01,0
1789968103,0.01,0.01,0.01,0.01,0
1789968403,0.01,0.01,0.01,0.01,0
1789968703,0.01,0.01,0.01,0.01,0
1789969003,0.01,0.01,0.01,0.01,0
1789969303,0.01,0.01,0.01,0.01,0
1789969603,0.01,0.01,0.01,0.01,0
1789969903,0.01,0.01,0.01,0.01,0
1789970203,0.01,0.01,0.01,0.01,0
1789970503,0.01,0.01,0.01,0.01,0
1789970803,0.01,0.01,0.01,0.01,0
1789971103,0.01,0.01,0.01,0.01,0
1789971403,0.01,0.01,0.01,0.01,0
1789971703,0.01,0.01,0.01,0.01,0
1789972003,0.01,0.01,0.01,0.01,0
1789972303,0.01,0.01,0.01,0.01,0
1789972603,0.01,0.01,0.01,0.01,0
1789972903,0.01,0.01,0.01,0.01,0
1789973203,0.01,0.01,0.01,0.01,0
1789973503,0.01,0.01,0.01,0.01,0
1789973803,0.01,0.01,0.01,0.01,0
1789974103,0.01,0.01,0.01,0.01,0
1789974403,0.01,0.01,0.01,0.01,0
1789974703,0.01,0.01,0.01,0.01,0
1789975003,0.01,0.01,0.01,0.01,0
1789975303,0.01,0.01,0.01,0.01,0
1789975603,0.01,0.01,0.01,0.01,0
1789975903,0.01,0.01,0.01,0.01,0
1789976203,0.01,0.01,0.01,0.01,0
1789976503,0.01,0.01,0.01,0.01,0
1789976803,0.01,0.01,0.01,0.01,0
1789977103,0.01,0.01,0.01,0.01,0
1789977403,0.01,0.01,0.01,0.01,0
1789977703,0.01,0.01,0.01,0.01,0
1789978003,0.01,0.01,0.01,0.01,0
1789978303,0.01,0.01,0.01,0.01,0
1789978603,0.01,0.01,0.01,0.01,0
1789978903,0.01,0.01,0.01,0.01,0
1789979203,0.01,0.01,0.01,0.01,0
1789979503,0.01,0.01,0.01,0.01,0
1789979803,0.01,0.01,0.01,0.01,0
1789980103,0.01,0.01,0.01,0.01,0
1789980403,0.01,0.01,0.01,0.01,0
1789980703,0.01,0.01,0.01,0.01,0
1789981003,0.01,0.01,0.01,0.01,0
1789981303,0.01,0.01,0.01,0.01,0
1789981603,0.01,0.01,0.01,0.01,0
1789981903,0.01,0.01,0.01,0.01,0
1789982203,0.01,0.01,0.01,0.01,0
1789982503,0.01,0.01,0.01,0.01,0
1789982803,0.01,0.01,0.01,0.01,0
1789983103,0.01,0.01,0.01,0.01,0
1789983403,0.01,0.01,0.01,0.01,0
1789983703,0.01,0.01,0.01,0.01,0
1789984003,0.01,0.01,0.01,0.01,0
1789984303,0.01,0.01,0.01,0.01,0
1789984603,0.01,0.01,0.01,0.01,0
1789984903,0.01,0.01,0.01,0.01,0
1789985203,0.01,0.01,0.01,0.01,0
1789985503,0.01,0.01,0.01,0.01,0
1789985803,0.01,0.01,0.01,0.01,0
1789986103,0.01,0.01,0.01,0.01,0
1789986403,0.01,0.01,0.01,0.01,0
1789986703,0.01,0.01,0.01,0.01,0
1789987003,0.01,0.01,0.01,0.01,0
1789987303,0.01,0.01,0.01,0.01,0
1789987603,0.01,0.01,0.01,0.01,0
1789987903,0.01,0.01,0.01,0.01,0
1789988203,0.01,0.01,0.01,0.01,0
1789988503,0.01,0.01,0.01,0.01,0
1789988803,0.01,0.01,0.01,0.01,0
1789989103,0.01,0.01,0.01,0.01,0
1789989403,0.01,0.01,0.01,0.01,0
1789989703,0.01,0.01,0.01,0.01,0
1789990003,0.01,0.01,0.01,0.01,0
1789990303,0.01,0.01,0.01,0.01,0
1789990603,0.01,0.01,0.01,0.01,0
1789990903,0.01,0.01,0.01,0.01,0
1789991203,0.01,0.01,0.01,0.01,0
1789991503,0.01,0.01,0.01,0.01,0
1789991803,0.01,0.01,0.01,0.01,0
1789992103,0.01,0.01,0.01,0.01,0
1789992403,0.01,0.01,0.01,0.01,0
1789992703,0.01,0.01,0.01,0.01,0
1789993003,0.01,0.01,0.01,0.01,0
1789993303,0.01,0.01,0.01,0.01,0
1789993603,0.01,0.01,0.01,0.01,0
1789993903,0.01,0.01,0.01,0.01,0
1789994203,0.01,0.01,0.01,0.01,0
1789994503,0.01,0.01,0.01,0.01,0
1789994803,0.01,0.01,0.01,0.01,0
1789995103,0.01,0.01,0.01,0.01,0
1789995403,0.01,0.01,0.01,0.01,0
1789995703,0.01,0.01,0.01,0.01,0
1789996003,0.01,0.01,0.01,0.01,0
1789996303,0.01,0.01,0.01,0.01,0
1789996603,0.01,0.01,0.01,0.01,0
1789996903,0.01,0.01,0.01,0.01,0
1789997203,0.01,0.01,0.01,0.01,0
1789997503,0.01,0.01,0.01,0.01,0
1789997803,0.01,0.01,0.01,0.01,0
1789998103,0.01,0.01,0.01,0.01,0
1789998403,0.01,0.01,0.01,0.01,0
1789998703,0.01,0.01,0.01,0.01,0
1789999003,0.01,0.01,0.01,0.01,0
1789999303,0.01,0.01,0.01,0.01,0
1789999603,0.01,0.01,0.01,0.01,0
1789999903,0.01,0.01,0.01,0.01,0
1790000203,0.01,0.01,0.01,0.01,0
1790000503,0.01,0.01,0.01,0.01,0
1790000803,0.01,0.01,0.01,0.01,0
1790001103,0.01,0.01,0.01,0.01,0
1790001403,0.01,0.01,0.01,0.01,0
1790001703,0.01,0.01,0.01,0.01,0
1790002003,0.01,0.01,0.01,0.01,0
1790002303,0.01,0.01,0.01,0.01,0
1790002603,0.01,0.01,0.01,0.01,0
1790002903,0.01,0.01,0.01,0.01,0
1790003203,0.01,0.01,0.01,0.01,0
1790003503,0.01,0.01,0.01,0.01,0
1790003803,0.01,0.01,0.01,0.01,0
1790004103,0.01,0.01,0.01,0.01,0
1790004403,0.01,0.01,0.01,0.01,0
1790004703,0.01,0.01,0.01,0.01,0
1790005003,0.01,0.01,0.01,0.01,0
1790005303,0.01,0.01,0.01,0.01,0
1790005603,0.01,0.01,0.01,0.01,0
1790005903,0.01,0.01,0.01,0.01,0
1790006203,0.01,0.01,0.01,0.01,0
1790006503,0.01,0.01,0.01,0.01,0
1790006803,0.01,0.01,0.01,0.01,0
1790007103,0.01,0.01,0.01,0.01,0
1790007403,0.01,0.01,0.01,0.01,0
1790007703,0.01,0.01,0.01,0.01,0
1790008003,0.01,0.01,0.01,0.01,0
1790008303,0.01,0.01,0.01,0.01,0
1790008603,0.01,0.01,0.01,0.01,0
1790008903,0.01,0.01,0.01,0.01,0
1790009203,0.01,0.01,0.01,0.01,0
1790009503,0.01,0.01,0.01,0.01,0
1790009803,0.01,0.01,0.01,0.01,0
1790010103,0.01,0.01,0.01,0.01,0
1790010403,0.01,0.01,0.01,0.01,0
1790010703,0.01,0.01,0.01,0.01,0
1790011003,0.01,0.01,0.01,0.01,0
1790011303,0.01,0.01,0.01,0.01,0
1790011603,0.01,0.01,0.01,0.01,0
1790011903,0.01,0.01,0.01,0.01,0
1790012203,0.01,0.01,0.01,0.01,0
1790012503,0.01,0.01,0.01,0.01,0
1790012803,0.01,0.01,0.01,0.01,0
1790013103,0.0099437872,0.0099437872,0.0099437872,0.0099437872,0
1790013403,0.0098430248,0.0098430248,0.0098430248,0.0098430248,0
1790013703,0.0099606438,0.0099606438,0.0099606438,0.0099606438,0
1790014003,0.009928791,0.009928791,0.009928791,0.009928791,0
1790014303,0.01,0.01,0.01,0.01,0
1790014603,0.0099392953,0.0099392953,0.0099392953,0.0099392953,0
1790014903,0.0098520679,0.0098520679,0.0098520679,0.0098520679,0
1790015203,0.0097570912,0.0097570912,0.0097570912,0.0097570912,0
1790015503,0.0096131953,0.0096131953,0.0096131953,0.0096131953,0
1790015803,0.0095100918,0.0095100918,0.0095100918,0.0095100918,0
1790016103,0.009370792,0.009370792,0.009370792,0.009370792,0
1790016403,0.009361527,0.009361527,0.009361527,0.009361527,0
1790016703,0.009336244,0.009336244,0.009336244,0.009336244,0
1790017003,0.0094127806,0.0094127806,0.0094127806,0.0094127806,0
1790017303,0.009513659,0.009513659,0.009513659,0.009513659,0
1790017603,0.0095731239,0.0095731239,0.0095731239,0.0095731239,0
1790017903,0.0096714478,0.0096714478,0.0096714478,0.0096714478,0
1790018203,0.0097693585,0.0097693585,0.0097693585,0.0097693585,0
1790018503,0.0098771246,0.0098771246,0.0098771246,0.0098771246,0
1790018803,0.0098948406,0.0098948406,0.0098948406,0.0098948406,0
1790019103,0.0098407296,0.0098407296,0.0098407296,0.0098407296,0
1790019403,0.0098473841,0.0098473841,0.0098473841,0.0098473841,0
1790019703,0.0097790846,0.0097790846,0.0097790846,0.0097790846,0
1790020003,0.0097995315,0.0097995315,0.0097995315,0.0097995315,0
1790020303,0.0098849997,0.0098849997,0.0098849997,0.0098849997,0
1790020603,0.0099671157,0.0099671157,0.0099671157,0.0099671157,0
1790020903,0.01,0.01,0.01,0.01,0
1790021203,0.01,0.01,0.01,0.01,0
1790021503,0.01,0.01,0.01,0.01,0
1790021803,0.01,0.01,0.01,0.01,0
1790022103,0.01,0.01,0.01,0.01,0
1790022403,0.01,0.01,0.01,0.01,0
1790022703,0.01,0.01,0.01,0.01,0
1790023003,0.01,0.01,0.01,0.01,0
1790023303,0.01,0.01,0.01,0.01,0
1790023603,0.01,0.01,0.01,0.01,0
1790023903,0.01,0.01,0.01,0.01,0
1790024203,0.01,0.01,0.01,0.01,0
1790024503,0.01,0.01,0.01,0.01,0
1790024803,0.01,0.01,0.01,0.01,0
1790025103,0.01,0.01,0.01,0.01,0
1790025403,0.01,0.01,0.01,0.01,0
1790025703,0.01,0.01,0.01,0.01,0
1790026003,0.01,0.01,0.01,0.01,0
1790026303,0.01,0.01,0.01,0.01,0
1790026603,0.01,0.01,0.01,0.01,0
1790026903,0.01,0.01,0.01,0.01,0
1790027203,0.01,0.01,0.01,0.01,0
1790027503,0.01,0.01,0.01,0.01,0
1790027803,0.01,0.01,0.01,0.01,0
1790028103,0.01,0.01,0.01,0.01,0
1790028403,0.01,0.01,0.01,0.01,0
1790028703,0.01,0.01,0.01,0.01,0
1790029003,0.01,0.01,0.01,0.01,0
1790029303,0.01,0.01,0.01,0.01,0
1790029603,0.01,0.01,0.01,0.01,0
1790029903,0.01,0.01,0.01,0.01,0
1790030203,0.01,0.01,0.01,0.01,0
1790030503,0.01,0.01,0.01,0.01,0
1790030803,0.01,0.01,0.01,0.01,0
1790031103,0.01,0.01,0.01,0.01,0
1790031403,0.01,0.01,0.01,0.01,0
1790031703,0.01,0.01,0.01,0.01,0
1790032003,0.01,0.01,0.01,0.01,0
1790032303,0.01,0.01,0.01,0.01,0
1790032603,0.01,0.01,0.01,0.01,0
1790032903,0.01,0.01,0.01,0.01,0
1790033203,0.01,0.01,0.01,0.01,0
1790033503,0.01,0.01,0.01,0.01,0
1790033803,0.01,0.01,0.01,0.01,0
1790034103,0.01,0.01,0.01,0.01,0
1790034403,0.01,0.01,0.01,0.01,0
1790034703,0.01,0.01,0.01,0.01,0
1790035003,0.01,0.01,0.01,0.01,0
1790035303,0.01,0.01,0.01,0.01,0
1790035603,0.01,0.01,0.01,0.01,0
1790035903,0.01,0.01,0.01,0.01,0
1790036203,0.01,0.01,0.01,0.01,0
1790036503,0.01,0.01,0.01,0.01,0
1790036803,0.01,0.01,0.01,0.01,0
1790037103,0.01,0.01,0.01,0.01,0
1790037403,0.01,0.01,0.01,0.01,0
1790037703,0.01,0.01,0.01,0.01,0
1790038003,0.01,0.01,0.01,0.01,0
1790038303,0.01,0.01,0.01,0.01,0
1790038603,0.01,0.01,0.01,0.01,0
1790038903,0.01,0.01,0.01,0.01,0
1790039203,0.01,0.01,0.01,0.01,0
1790039503,0.01,0.01,0.01,0.01,0
1790039803,0.01,0.01,0.01,0.01,0
1790040103,0.01,0.01,0.01,0.01,0
1790040403,0.01,0.01,0.01,0.01,0
1790040703,0.01,0.01,0.01,0.01,0
1790041003,0.01,0.01,0.01,0.01,0
1790041303,0.01,0.01,0.01,0.01,0
1790041603,0.01,0.01,0.01,0.01,0
1790041903,0.01,0.01,0.01,0.01,0
1790042203,0.01,0.01,0.01,0.01,0
1790042503,0.01,0.01,0.01,0.01,0
1790042803,0.01,0.01,0.01,0.01,0
1790043103,0.01,0.01,0.01,0.01,0
1790043403,0.01,0.01,0.01,0.01,0
1790043703,0.01,0.01,0.01,0.01,0
1790044003,0.01,0.01,0.01,0.01,0
1790044303,0.01,0.01,0.01,0.01,0
1790044603,0.01,0.01,0.01,0.01,0
1790044903,0.01,0.01,0.01,0.01,0
1790045203,0.01,0.01,0.01,0.01,0
1790045503,0.01,0.01,0.01,0.01,0
1790045803,0.01,0.01,0.01,0.01,0
1790046103,0.01,0.01,0.01,0.01,0
1790046403,0.01,0.01,0.01,0.01,0
1790046703,0.01,0.01,0.01,0.01,0
1790047003,0.01,0.01,0.01,0.01,0
1790047303,0.01,0.01,0.01,0.01,0
1790047603,0.01,0.01,0.01,0.01,0
1790047903,0.01,0.01,0.01,0.01,0
1790048203,0.01,0.01,0.01,0.01,0
1790048503,0.01,0.01,0.01,0.01,0
1790048803,0.01,0.01,0.01,0.01,0
1790049103,0.01,0.01,0.01,0.01,0
1790049403,0.01,0.01,0.01,0.01,0
1790049703,0.01,0.01,0.01,0.01,0
1790050003,0.01,0.01,0.01,0.01,0
1790050303,0.01,0.01,0.01,0.01,0
1790050603,0.01,0.01,0.01,0.01,0
1790050903,0.01,0.01,0.01,0.01,0
1790051203,0.01,0.01,0.01,0.01,0
1790051503,0.01,0.01,0.01,0.01,0
1790051803,0.01,0.01,0.01,0.01,0
1790052103,0.01,0.01,0.01,0.01,0
1790052403,0.01,0.01,0.01,0.01,0
1790052703,0.01,0.01,0.01,0.01,0
1790053003,0.01,0.01,0.01,0.01,0
1790053303,0.01,0.01,0.01,0.01,0
1790053603,0.01,0.01,0.01,0.01,0
1790053903,0.01,0.01,0.01,0.01,0
1790054203,0.01,0.01,0.01,0.01,0
1790054503,0.01,0.01,0.01,0.01,0
1790054803,0.01,0.01,0.01,0.01,0
1790055103,0.01,0.01,0.01,0.01,0
1790055403,0.01,0.01,0.01,0.01,0
1790055703,0.01,0.01,0.01,0.01,0
1790056003,0.01,0.01,0.01,0.01,0
1790056303,0.01,0.01,0.01,0.01,0
1790056603,0.01,0.01,0.01,0.01,0
1790056903,0.01,0.01,0.01,0.01,0
1790057203,0.01,0.01,0.01,0.01,0
1790057503,0.01,0.01,0.01,0.01,0
1790057803,0.01,0.01,0.01,0.01,0
1790058103,0.01,0.01,0.01,0.01,0
1790058403,0.01,0.01,0.01,0.01,0
1790058703,0.01,0.01,0.01,0.01,0
1790059003,0.01,0.01,0.01,0.01,0
1790059303,0.01,0.01,0.01,0.01,0
1790059603,0.01,0.01,0.01,0.01,0
1790059903,0.01,0.01,0.01,0.01,0
1790060203,0.01,0.01,0.01,0.01,0
1790060503,0.01,0.01,0.01,0.01,0
1790060803,0.01,0.01,0.01,0.01,0
1790061103,0.01,0.01,0.01,0.01,0
1790061403,0.01,0.01,0.01,0.01,0
1790061703,0.01,0.01,0.01,0.01,0
1790062003,0.01,0.01,0.01,0.01,0
1790062303,0.01,0.01,0.01,0.01,0
1790062603,0.01,0.01,0.01,0.01,0
1790062903,0.01,0.01,0.01,0.01,0
1790063203,0.01,0.01,0.01,0.01,0
1790063503,0.01,0.01,0.01,0.01,0
1790063803,0.01,0.01,0.01,0.01,0
1790064103,0.01,0.01,0.01,0.01,0
1790064403,0.01,0.01,0.01,0.01,0
1790064703,0.01,0.01,0.01,0.01,0
1790065003,0.01,0.01,0.01,0.01,0
1790065303,0.01,0.01,0.01,0.01,0
1790065603,0.01,0.01,0.01,0.01,0
1790065903,0.01,0.01,0.01,0.01,0
1790066203,0.01,0.01,0.01,0.01,0
1790066503,0.01,0.01,0.01,0.01,0
1790066803,0.01,0.01,0.01,0.01,0
1790067103,0.01,0.01,0.01,0.01,0
1790067403,0.01,0.01,0.01,0.01,0
1790067703,0.01,0.01,0.01,0.01,0
1790068003,0.01,0.01,0.01,0.01,0
1790068303,0.01,0.01,0.01,0.01,0
1790068603,0.01,0.01,0.01,0.01,0
1790068903,0.01,0.01,0.01,0.01,0
1790069203,0.01,0.01,0.01,0.01,0
1790069503,0.01,0.01,0.01,0.01,0
1790069803,0.01,0.01,0.01,0.01,0
1790070103,0.01,0.01,0.01,0.01,0
1790070403,0.01,0.01,0.01,0.01,0
1790070703,0.01,0.01,0.01,0.01,0
1790071003,0.01,0.01,0.01,0.01,0
1790071303,0.01,0.01,0.01,0.01,0
1790071603,0.01,0.01,0.01,0.01,0
1790071903,0.01,0.01,0.01,0.01,0
1790072203,0.01,0.01,0.01,0.01,0
1790072503,0.01,0.01,0.01,0.01,0
1790072803,0.01,0.01,0.01,0.01,0
1790073103,0.01,0.01,0.01,0.01,0
1790073403,0.01,0.01,0.01,0.01,0
1790073703,0.01,0.01,0.01,0.01,0
1790074003,0.01,0.01,0.01,0.01,0
1790074303,0.01,0.01,0.01,0.01,0
1790074603,0.01,0.01,0.01,0.01,0
1790074903,0.01,0.01,0.01,0.01,0
1790075203,0.01,0.01,0.01,0.01,0
1790075503,0.01,0.01,0.01,0.01,0
1790075803,0.01,0.01,0.01,0.01,0
1790076103,0.01,0.01,0.01,0.01,0
1790076403,0.01,0.01,0.01,0.01,0
1790076703,0.01,0.01,0.01,0.01,0
1790077003,0.01,0.01,0.01,0.01,0
1790077303,0.01,0.01,0.01,0.01,0
1790077603,0.01,0.01,0.01,0.01,0
1790077903,0.01,0.01,0.01,0.01,0
1790078203,0.01,0.01,0.01,0.01,0
1790078503,0.01,0.01,0.01,0.01,0
1790078803,0.01,0.01,0.01,0.01,0
1790079103,0.01,0.01,0.01,0.01,0
1790079403,0.01,0.01,0.01,0.01,0
1790079703,0.01,0.01,0.01,0.01,0
1790080003,0.01,0.01,0.01,0.01,0
1790080303,0.01,0.01,0.01,0.01,0
1790080603,0.01,0.01,0.01,0.01,0
1790080903,0.01,0.01,0.01,0.01,0
1790081203,0.01,0.01,0.01,0.01,0
1790081503,0.01,0.01,0.01,0.01,0
1790081803,0.01,0.01,0.01,0.01,0
1790082103,0.01,0.01,0.01,0.01,0
1790082403,0.01,0.01,0.01,0.01,0
1790082703,0.01,0.01,0.01,0.01,0
1790083003,0.01,0.01,0.01,0.01,0
1790083303,0.01,0.01,0.01,0.01,0
1790083603,0.01,0.01,0.01,0.01,0
1790083903,0.01,0.01,0.01,0.01,0
1790084203,0.01,0.01,0.01,0.01,0
1790084503,0.01,0.01,0.01,0.01,0
1790084803,0.01,0.01,0.01,0.01,0
1790085103,0.01,0.01,0.01,0.01,0
1790085403,0.01,0.01,0.01,0.01,0
1790085703,0.01,0.01,0.01,0.01,0
1790086003,0.01,0.01,0.01,0.01,0
1790086303,0.01,0.01,0.01,0.01,0
1790086603,0.01,0.01,0.01,0.01,0
1790086903,0.01,0.01,0.01,0.01,0
1790087203,0.01,0.01,0.01,0.01,0
1790087503,0.01,0.01,0.01,0.01,0
1790087803,0.01,0.01,0.01,0.01,0
1790088103,0.01,0.01,0.01,0.01,0
1790088403,0.01,0.01,0.01,0.01,0
1790088703,0.01,0.01,0.01,0.01,0
1790089003,0.01,0.01,0.01,0.01,0
1790089303,0.01,0.01,0.01,0.01,0
1790089603,0.01,0.01,0.01,0.01,0
1790089903,0.01,0.01,0.01,0.01,0
1790090203,0.01,0.01,0.01,0.01,0
1790090503,0.01,0.01,0.01,0.01,0
1790090803,0.01,0.01,0.01,0.01,0
1790091103,0.01,0.01,0.01,0.01,0
1790091403,0.01,0.01,0.01,0.01,0
1790091703,0.01,0.01,0.01,0.01,0
1790092003,0.01,0.01,0.01,0.01,0
1790092303,0.01,0.01,0.01,0.01,0
1790092603,0.01,0.01,0.01,0.01,0
1790092903,0.01,0.01,0.01,0.01,0
1790093203,0.01,0.01,0.01,0.01,0
1790093503,0.009876643,0.009876643,0.009876643,0.009876643,0
1790093803,0.0097678472,0.0097678472,0.0097678472,0.0097678472,0
1790094103,0.0096699989,0.0096699989,0.0096699989,0.0096699989,0
1790094403,0.0095713834,0.0095713834,0.0095713834,0.0095713834,0
1790094703,0.0094763653,0.0094763653,0.0094763653,0.0094763653,0
1790095003,0.0094127498,0.0094127498,0.0094127498,0.0094127498,0
1790095303,0.0093503976,0.0093503976,0.0093503976,0.0093503976,0
1790095603,0.009349101,0.009349101,0.009349101,0.009349101,0
1790095903,0.0093322804,0.0093322804,0.0093322804,0.0093322804,0
1790096203,0.0093193236,0.0093193236,0.0093193236,0.0093193236,0
1790096503,0.00935591,0.00935591,0.00935591,0.00935591,0
1790096803,0.0093165542,0.0093165542,0.0093165542,0.0093165542,0
1790097103,0.0093646114,0.0093646114,0.0093646114,0.0093646114,0
1790097403,0.0092811577,0.0092811577,0.0092811577,0.0092811577,0
1790097703,0.0092093713,0.0092093713,0.0092093713,0.0092093713,0
1790098003,0.0091420535,0.0091420535,0.0091420535,0.0091420535,0
1790098303,0.0090825401,0.0090825401,0.0090825401,0.0090825401,0
1790098603,0.0089406155,0.0089406155,0.0089406155,0.0089406155,0
1790098903,0.0088610783,0.0088610783,0.0088610783,0.0088610783,0
1790099203,0.0087152162,0.0087152162,0.0087152162,0.0087152162,0
1790099503,0.0086483775,0.0086483775,0.0086483775,0.0086483775,0
1790099803,0.0084514796,0.0084514796,0.0084514796,0.0084514796,0
1790100103,0.0083744094,0.0083744094,0.0083744094,0.0083744094,0
1790100403,0.0082404357,0.0082404357,0.0082404357,0.0082404357,0
1790100703,0.0080747415,0.0080747415,0.0080747415,0.0080747415,0
1790101003,0.0079074847,0.0079074847,0.0079074847,0.0079074847,0
1790101303,0.0077022449,0.0077022449,0.0077022449,0.0077022449,0
1790101603,0.0075156718,0.0075156718,0.0075156718,0.0075156718,0
1790101903,0.0073403055,0.0073403055,0.0073403055,0.0073403055,0
1790102203,0.0071470456,0.0071470456,0.0071470456,0.0071470456,0
1790102503,0.0069903114,0.0069903114,0.0069903114,0.0069903114,0
1790102803,0.0068699495,0.0068699495,0.0068699495,0.0068699495,0
1790103103,0.0067194438,0.0067194438,0.0067194438,0.0067194438,0
1790103403,0.0065138755,0.0065138755,0.0065138755,0.0065138755,0
1790103703,0.0063104308,0.0063104308,0.0063104308,0.0063104308,0
1790104003,0.0061109473,0.0061109473,0.0061109473,0.0061109473,0
1790104303,0.0059414462,0.0059414462,0.0059414462,0.0059414462,0
1790104603,0.0057364973,0.0057364973,0.0057364973,0.0057364973,0
1790104903,0.0055815491,0.0055815491,0.0055815491,0.0055815491,0
1790105203,0.0053244733,0.0053244733,0.0053244733,0.0053244733,0
1790105503,0.0051644327,0.0051644327,0.0051644327,0.0051644327,0
1790105803,0.0049915002,0.0049915002,0.0049915002,0.0049915002,0
1790106103,0.0048481356,0.0048481356,0.0048481356,0.0048481356,0
1790106403,0.0047835846,0.0047835846,0.0047835846,0.0047835846,0
1790106703,0.0046067368,0.0046067368,0.0046067368,0.0046067368,0
1790107003,0.0045364641,0.0045364641,0.0045364641,0.0045364641,0
1790107303,0.0043914736,0.0043914736,0.0043914736,0.0043914736,0
1790107603,0.0043329621,0.0043329621,0.0043329621,0.0043329621,0
1790107903,0.0043109615,0.0043109615,0.0043109615,0.0043109615,0
1790108203,0.0044076444,0.0044076444,0.0044076444,0.0044076444,0
1790108503,0.0044948845,0.0044948845,0.0044948845,0.0044948845,0
1790108803,0.0047129408,0.0047129408,0.0047129408,0.0047129408,0
1790109103,0.0047568238,0.0047568238,0.0047568238,0.0047568238,0
1790109403,0.004684381,0.004684381,0.004684381,0.004684381,0
1790109703,0.004680292,0.004680292,0.004680292,0.004680292,0
1790110003,0.0046828171,0.0046828171,0.0046828171,0.0046828171,0
1790110303,0.0046750234,0.0046750234,0.0046750234,0.0046750234,0
1790110603,0.004727595,0.004727595,0.004727595,0.004727595,0
1790110903,0.0047550145,0.0047550145,0.0047550145,0.0047550145,0
1790111203,0.0049434911,0.0049434911,0.0049434911,0.0049434911,0
1790111503,0.0051107069,0.0051107069,0.0051107069,0.0051107069,0
1790111803,0.0052605058,0.0052605058,0.0052605058,0.0052605058,0
1790112103,0.0054485362,0.0054485362,0.0054485362,0.0054485362,0
1790112403,0.0055911167,0.0055911167,0.0055911167,0.0055911167,0
1790112703,0.0057559969,0.0057559969,0.0057559969,0.0057559969,0
1790113003,0.0059663771,0.0059663771,0.0059663771,0.0059663771,0
1790113303,0.0060143783,0.0060143783,0.0060143783,0.0060143783,0
1790113603,0.0060329522,0.0060329522,0.0060329522,0.0060329522,0
1790113903,0.0061240644,0.0061240644,0.0061240644,0.0061240644,0
1790114203,0.0061639064,0.0061639064,0.0061639064,0.0061639064,0
1790114503,0.0062348709,0.0062348709,0.0062348709,0.0062348709,0
1790114803,0.0062032392,0.0062032392,0.0062032392,0.0062032392,0
1790115103,0.0064121768,0.0064121768,0.0064121768,0.0064121768,0
1790115403,0.0066352696,0.0066352696,0.0066352696,0.0066352696,0
1790115703,0.0068517166,0.0068517166,0.0068517166,0.0068517166,0
1790116003,0.0070493041,0.0070493041,0.0070493041,0.0070493041,0
1790116303,0.0072022029,0.0072022029,0.0072022029,0.0072022029,0
1790116603,0.007460368,0.007460368,0.007460368,0.007460368,0
1790116903,0.0076428659,0.0076428659,0.0076428659,0.0076428659,0
1790117203,0.007728183,0.007728183,0.007728183,0.007728183,0
1790117503,0.007991133,0.007991133,0.007991133,0.007991133,0
1790117803,0.0081649887,0.0081649887,0.0081649887,0.0081649887,0
1790118103,0.0083223839,0.0083223839,0.0083223839,0.0083223839,0
1790118403,0.0084876507,0.0084876507,0.0084876507,0.0084876507,0
1790118703,0.0087362424,0.0087362424,0.0087362424,0.0087362424,0
1790119003,0.0089019732,0.0089019732,0.0089019732,0.0089019732,0
1790119303,0.0089739224,0.0089739224,0.0089739224,0.0089739224,0
1790119603,0.0090246796,0.0090246796,0.0090246796,0.0090246796,0
1790119903,0.0091711946,0.0091711946,0.0091711946,0.0091711946,0
1790120203,0.009190165,0.009190165,0.009190165,0.009190165,0
1790120503,0.0092281076,0.0092281076,0.0092281076,0.0092281076,0
1790120803,0.0093815257,0.0093815257,0.0093815257,0.0093815257,0
1790121103,0.009591691,0.009591691,0.009591691,0.009591691,0
1790121403,0.0096592706,0.0096592706,0.0096592706,0.0096592706,0
1790121703,0.0096723961,0.0096723961,0.0096723961,0.0096723961,0
1790122003,0.0097106197,0.0097106197,0.0097106197,0.0097106197,0
1790122303,0.0098010794,0.0098010794,0.0098010794,0.0098010794,0
1790122603,0.0098799935,0.0098799935,0.0098799935,0.0098799935,0
1790122903,0.01,0.01,0.01,0.01,0
1790123203,0.01,0.01,0.01,0.01,0
1790123503,0.01,0.01,0.01,0.01,0
1790123803,0.01,0.01,0.01,0.01,0
1790124103,0.01,0.01,0.01,0.01,0
1790124403,0.01,0.01,0.01,0.01,0
1790124703,0.01,0.01,0.01,0.01,0
1790125003,0.01,0.01,0.01,0.01,0
1790125303,0.01,0.01,0.01,0.01,0
1790125603,0.01,0.01,0.01,0.01,0
1790125903,0.01,0.01,0.01,0.01,0
1790126203,0.01,0.01,0.01,0.01,0
1790126503,0.01,0.01,0.01,0.01,0
1790126803,0.01,0.01,0.01,0.01,0
1790127103,0.01,0.01,0.01,0.01,0
1790127403,0.01,0.01,0.01,0.01,0
1790127703,0.01,0.01,0.01,0.01,0
1790128003,0.01,0.01,0.01,0.01,0
1790128303,0.01,0.01,0.01,0.01,0
1790128603,0.01,0.01,0.01,0.01,0
1790128903,0.01,0.01,0.01,0.01,0
1790129203,0.01,0.01,0.01,0.01,0
1790129503,0.01,0.01,0.01,0.01,0
1790129803,0.01,0.01,0.01,0.01,0
1790130103,0.01,0.01,0.01,0.01,0
1790130403,0.01,0.01,0.01,0.01,0
1790130703,0.01,0.01,0.01,0.01,0
1790131003,0.01,0.01,0.01,0.01,0
1790131303,0.01,0.01,0.01,0.01,0
1790131603,0.01,0.01,0.01,0.01,0
1790131903,0.01,0.01,0.01,0.01,0
1790132203,0.01,0.01,0.01,0.01,0
1790132503,0.01,0.01,0.01,0.01,0
1790132803,0.01,0.01,0.01,0.01,0
1790133103,0.01,0.01,0.01,0.01,0
1790133403,0.01,0.01,0.01,0.01,0
1790133703,0.01,0.01,0.01,0.01,0
1790134003,0.01,0.01,0.01,0.01,0
1790134303,0.01,0.01,0.01,0.01,0
1790134603,0.01,0.01,0.01,0.01,0
1790134903,0.01,0.01,0.01,0.01,0
1790135203,0.01,0.01,0.01,0.01,0
1790135503,0.01,0.01,0.01,0.01,0
1790135803,0.01,0.01,0.01,0.01,0
1790136103,0.01,0.01,0.01,0.01,0
1790136403,0.01,0.01,0.01,0.01,0
1790136703,0.01,0.01,0.01,0.01,0
1790137003,0.01,0.01,0.01,0.01,0
1790137303,0.01,0.01,0.01,0.01,0
1790137603,0.01,0.01,0.01,0.01,0
1790137903,0.01,0.01,0.01,0.01,0
1790138203,0.01,0.01,0.01,0.01,0
1790138503,0.01,0.01,0.01,0.01,0
1790138803,0.01,0.01,0.01,0.01,0
1790139103,0.01,0.01,0.01,0.01,0
1790139403,0.01,0.01,0.01,0.01,0
1790139703,0.01,0.01,0.01,0.01,0
1790140003,0.01,0.01,0.01,0.01,0
1790140303,0.01,0.01,0.01,0.01,0
1790140603,0.01,0.01,0.01,0.01,0
1790140903,0.01,0.01,0.01,0.01,0
1790141203,0.01,0.01,0.01,0.01,0
1790141503,0.01,0.01,0.01,0.01,0
1790141803,0.01,0.01,0.01,0.01,0
1790142103,0.01,0.01,0.01,0.01,0
1790142403,0.01,0.01,0.01,0.01,0
1790142703,0.01,0.01,0.01,0.01,0
1790143003,0.01,0.01,0.01,0.01,0
1790143303,0.0099042456,0.0099042456,0.0099042456,0.0099042456,0
1790143603,0.0097214908,0.0097214908,0.0097214908,0.0097214908,0
1790143903,0.0096293791,0.0096293791,0.0096293791,0.0096293791,0
1790144203,0.0094593762,0.0094593762,0.0094593762,0.0094593762,0
1790144503,0.009256474,0.009256474,0.009256474,0.009256474,0
1790144803,0.0091063536,0.0091063536,0.0091063536,0.0091063536,0
1790145103,0.0089509603,0.0089509603,0.0089509603,0.0089509603,0
1790145403,0.0089035061,0.0089035061,0.0089035061,0.0089035061,0
1790145703,0.0089220606,0.0089220606,0.0089220606,0.0089220606,0
1790146003,0.0089268035,0.0089268035,0.0089268035,0.0089268035,0
1790146303,0.0088558928,0.0088558928,0.0088558928,0.0088558928,0
1790146603,0.0088075632,0.0088075632,0.0088075632,0.0088075632,0
1790146903,0.0088199708,0.0088199708,0.0088199708,0.0088199708,0
1790147203,0.0087428532,0.0087428532,0.0087428532,0.0087428532,0
1790147503,0.0087741116,0.0087741116,0.0087741116,0.0087741116,0
1790147803,0.008784578,0.008784578,0.008784578,0.008784578,0
1790148103,0.0087856736,0.0087856736,0.0087856736,0.0087856736,0
1790148403,0.0087408071,0.0087408071,0.0087408071,0.0087408071,0
1790148703,0.0088057209,0.0088057209,0.0088057209,0.0088057209,0
1790149003,0.0089135593,0.0089135593,0.0089135593,0.0089135593,0
1790149303,0.0089947052,0.0089947052,0.0089947052,0.0089947052,0
1790149603,0.0092388505,0.0092388505,0.0092388505,0.0092388505,0
1790149903,0.0094185665,0.0094185665,0.0094185665,0.0094185665,0
1790150203,0.0095664794,0.0095664794,0.0095664794,0.0095664794,0
1790150503,0.0098321634,0.0098321634,0.0098321634,0.0098321634,0
1790150803,0.0099681331,0.0099681331,0.0099681331,0.0099681331,0
1790151103,0.01,0.01,0.01,0.01,0
1790151403,0.01,0.01,0.01,0.01,0
1790151703,0.01,0.01,0.01,0.01,0
1790152003,0.01,0.01,0.01,0.01,0
1790152303,0.01,0.01,0.01,0.01,0
1790152603,0.01,0.01,0.01,0.01,0
1790152903,0.01,0.01,0.01,0.01,0
1790153203,0.01,0.01,0.01,0.01,0
1790153503,0.01,0.01,0.01,0.01,0
1790153803,0.01,0.01,0.01,0.01,0
1790154103,0.01,0.01,0.01,0.01,0
1790154403,0.01,0.01,0.01,0.01,0
1790154703,0.01,0.01,0.01,0.01,0
1790155003,0.01,0.01,0.01,0.01,0
1790155303,0.01,0.01,0.01,0.01,0
1790155603,0.01,0.01,0.01,0.01,0
1790155903,0.01,0.01,0.01,0.01,0
1790156203,0.01,0.01,0.01,0.01,0
1790156503,0.01,0.01,0.01,0.01,0
1790156803,0.01,0.01,0.01,0.01,0
1790157103,0.01,0.01,0.01,0.01,0
1790157403,0.01,0.01,0.01,0.01,0
1790157703,0.01,0.01,0.01,0.01,0
1790158003,0.01,0.01,0.01,0.01,0
1790158303,0.01,0.01,0.01,0.01,0
1790158603,0.01,0.01,0.01,0.01,0
1790158903,0.01,0.01,0.01,0.01,0
1790159203,0.01,0.01,0.01,0.01,0
1790159503,0.01,0.01,0.01,0.01,0
1790159803,0.01,0.01,0.01,0.01,0
1790160103,0.01,0.01,0.01,0.01,0
1790160403,0.01,0.01,0.01,0.01,0
1790160703,0.01,0.01,0.01,0.01,0
1790161003,0.01,0.01,0.01,0.01,0
1790161303,0.01,0.01,0.01,0.01,0
1790161603,0.01,0.01,0.01,0.01,0
1790161903,0.01,0.01,0.01,0.01,0
1790162203,0.01,0.01,0.01,0.01,0
1790162503,0.01,0.01,0.01,0.01,0
1790162803,0.01,0.01,0.01,0.01,0
1790163103,0.01,0.01,0.01,0.01,0
1790163403,0.01,0.01,0.01,0.01,0
1790163703,0.01,0.01,0.01,0.01,0
1790164003,0.01,0.01,0.01,0.01,0
1790164303,0.01,0.01,0.01,0.01,0
1790164603,0.01,0.01,0.01,0.01,0
1790164903,0.01,0.01,0.01,0.01,0
1790165203,0.01,0.01,0.01,0.01,0
1790165503,0.01,0.01,0.01,0.01,0
1790165803,0.01,0.01,0.01,0.01,0
1790166103,0.01,0.01,0.01,0.01,0
1790166403,0.01,0.01,0.01,0.01,0
1790166703,0.01,0.01,0.01,0.01,0
1790167003,0.01,0.01,0.01,0.01,0
1790167303,0.01,0.01,0.01,0.01,0
1790167603,0.01,0.01,0.01,0.01,0
1790167903,0.01,0.01,0.01,0.01,0
1790168203,0.01,0.01,0.01,0.01,0
1790168503,0.01,0.01,0.01,0.01,0
1790168803,0.01,0.01,0.01,0.01,0
1790169103,0.01,0.01,0.01,0.01,0
1790169403,0.01,0.01,0.01,0.01,0
1790169703,0.01,0.01,0.01,0.01,0
1790170003,0.01,0.01,0.01,0.01,0
1790170303,0.01,0.01,0.01,0.01,0
1790170603,0.01,0.01,0.01,0.01,0
1790170903,0.01,0.01,0.01,0.01,0
1790171203,0.01,0.01,0.01,0.01,0
1790171503,0.01,0.01,0.01,0.01,0
1790171803,0.01,0.01,0.01,0.01,0
1790172103,0.01,0.01,0.01,0.01,0
1790172403,0.01,0.01,0.01,0.01,0
1790172703,0.01,0.01,0.01,0.01,0
1790173003,0.01,0.01,0.01,0.01,0
1790173303,0.01,0.01,0.01,0.01,0
1790173603,0.01,0.01,0.01,0.01,0
1790173903,0.01,0.01,0.01,0.01,0
1790174203,0.01,0.01,0.01,0.01,0
1790174503,0.01,0.01,0.01,0.01,0
1790174803,0.01,0.01,0.01,0.01,0
1790175103,0.01,0.01,0.01,0.01,0
1790175403,0.01,0.01,0.01,0.01,0
1790175703,0.01,0.01,0.01,0.01,0
1790176003,0.01,0.01,0.01,0.01,0
1790176303,0.0097245258,0.0097245258,0.0097245258,0.0097245258,0
1790176603,0.0092740772,0.0092740772,0.0092740772,0.0092740772,0
1790176903,0.0088512633,0.0088512633,0.0088512633,0.0088512633,0
1790177203,0.008489331,0.008489331,0.008489331,0.008489331,0
1790177503,0.0081747933,0.0081747933,0.0081747933,0.0081747933,0
1790177803,0.0077857661,0.0077857661,0.0077857661,0.0077857661,0
1790178103,0.0075129846,0.0075129846,0.0075129846,0.0075129846,0
1790178403,0.0072977254,0.0072977254,0.0072977254,0.0072977254,0
1790178703,0.007231991,0.007231991,0.007231991,0.007231991,0
1790179003,0.0072733329,0.0072733329,0.0072733329,0.0072733329,0
1790179303,0.0072441774,0.0072441774,0.0072441774,0.0072441774,0
1790179603,0.0071697714,0.0071697714,0.0071697714,0.0071697714,0
1790179903,0.007112293,0.007112293,0.007112293,0.007112293,0
1790180203,0.0069894332,0.0069894332,0.0069894332,0.0069894332,0
1790180503,0.0068373603,0.0068373603,0.0068373603,0.0068373603,0
1790180803,0.006861128,0.006861128,0.006861128,0.006861128,0
1790181103,0.0067932934,0.0067932934,0.0067932934,0.0067932934,0
1790181403,0.0066690398,0.0066690398,0.0066690398,0.0066690398,0
1790181703,0.0066543212,0.0066543212,0.0066543212,0.0066543212,0
1790182003,0.0065813512,0.0065813512,0.0065813512,0.0065813512,0
1790182303,0.0065716011,0.0065716011,0.0065716011,0.0065716011,0
1790182603,0.0066302844,0.0066302844,0.0066302844,0.0066302844,0
1790182903,0.006635221,0.006635221,0.006635221,0.006635221,0
1790183203,0.0066320818,0.0066320818,0.0066320818,0.0066320818,0
1790183503,0.0066388138,0.0066388138,0.0066388138,0.0066388138,0
1790183803,0.0066996309,0.0066996309,0.0066996309,0.0066996309,0
1790184103,0.0067800629,0.0067800629,0.0067800629,0.0067800629,0
1790184403,0.0067387477,0.0067387477,0.0067387477,0.0067387477,0
1790184703,0.0066258225,0.0066258225,0.0066258225,0.0066258225,0
1790185003,0.0064895536,0.0064895536,0.0064895536,0.0064895536,0
1790185303,0.0064353542,0.0064353542,0.0064353542,0.0064353542,0
1790185603,0.0063694505,0.0063694505,0.0063694505,0.0063694505,0
1790185903,0.0061664514,0.0061664514,0.0061664514,0.0061664514,0
1790186203,0.0060673187,0.0060673187,0.0060673187,0.0060673187,0
1790186503,0.0060331101,0.0060331101,0.0060331101,0.0060331101,0
1790186803,0.0060054802,0.0060054802,0.0060054802,0.0060054802,0
1790187103,0.0059552418,0.0059552418,0.0059552418,0.0059552418,0
1790187403,0.0059040031,0.0059040031,0.0059040031,0.0059040031,0
1790187703,0.0058212932,0.0058212932,0.0058212932,0.0058212932,0
1790188003,0.0057556972,0.0057556972,0.0057556972,0.0057556972,0
1790188303,0.0057752096,0.0057752096,0.0057752096,0.0057752096,0
1790188603,0.0057949079,0.0057949079,0.0057949079,0.0057949079,0
1790188903,0.0058394512,0.0058394512,0.0058394512,0.0058394512,0
1790189203,0.0059217626,0.0059217626,0.0059217626,0.0059217626,0
1790189503,0.0059874957,0.0059874957,0.0059874957,0.0059874957,0
1790189803,0.0060177086,0.0060177086,0.0060177086,0.0060177086,0
1790190103,0.0060419165,0.0060419165,0.0060419165,0.0060419165,0
1790190403,0.0060096592,0.0060096592,0.0060096592,0.0060096592,0
1790190703,0.0060125625,0.0060125625,0.0060125625,0.0060125625,0
1790191003,0.0060440324,0.0060440324,0.0060440324,0.0060440324,0
1790191303,0.0059907247,0.0059907247,0.0059907247,0.0059907247,0
1790191603,0.0059241016,0.0059241016,0.0059241016,0.0059241016,0
1790191903,0.0058733572,0.0058733572,0.0058733572,0.0058733572,0
1790192203,0.0057912814,0.0057912814,0.0057912814,0.0057912814,0
1790192503,0.0057644282,0.0057644282,0.0057644282,0.0057644282,0
1790192803,0.00564368,0.00564368,0.00564368,0.00564368,0
1790193103,0.0056067449,0.0056067449,0.0056067449,0.0056067449,0
1790193403,0.0055294254,0.0055294254,0.0055294254,0.0055294254,0
1790193703,0.0054557433,0.0054557433,0.0054557433,0.0054557433,0
1790194003,0.0053752792,0.0053752792,0.0053752792,0.0053752792,0
1790194303,0.005412626,0.005412626,0.005412626,0.005412626,0
1790194603,0.0054438475,0.0054438475,0.0054438475,0.0054438475,0
1790194903,0.0055349991,0.0055349991,0.0055349991,0.0055349991,0
1790195203,0.0056876253,0.0056876253,0.0056876253,0.0056876253,0
1790195503,0.0058580756,0.0058580756,0.0058580756,0.0058580756,0
1790195803,0.0060137207,0.0060137207,0.0060137207,0.0060137207,0
1790196103,0.0061033243,0.0061033243,0.0061033243,0.0061033243,0
1790196403,0.0061981494,0.0061981494,0.0061981494,0.0061981494,0
1790196703,0.0062123798,0.0062123798,0.0062123798,0.0062123798,0
1790197003,0.0063326449,0.0063326449,0.0063326449,0.0063326449,0
1790197303,0.0064372582,0.0064372582,0.0064372582,0.0064372582,0
1790197603,0.0065684371,0.0065684371,0.0065684371,0.0065684371,0
1790197903,0.0067967694,0.0067967694,0.0067967694,0.0067967694,0
1790198203,0.006944287,0.006944287,0.006944287,0.006944287,0
1790198503,0.0070827343,0.0070827343,0.0070827343,0.0070827343,0
1790198803,0.0072522207,0.0072522207,0.0072522207,0.0072522207,0
1790199103,0.0074356941,0.0074356941,0.0074356941,0.0074356941,0
1790199403,0.0075729116,0.0075729116,0.0075729116,0.0075729116,0
1790199703,0.0076870863,0.0076870863,0.0076870863,0.0076870863,0
1790200003,0.0078316054,0.0078316054,0.0078316054,0.0078316054,0
1790200303,0.0079064142,0.0079064142,0.0079064142,0.0079064142,0
1790200603,0.0079805429,0.0079805429,0.0079805429,0.0079805429,0
1790200903,0.0080606549,0.0080606549,0.0080606549,0.0080606549,0
1790201203,0.0081377451,0.0081377451,0.0081377451,0.0081377451,0
1790201503,0.0082752757,0.0082752757,0.0082752757,0.0082752757,0
1790201803,0.0083377855,0.0083377855,0.0083377855,0.0083377855,0
1790202103,0.0084092954,0.0084092954,0.0084092954,0.0084092954,0
1790202403,0.0084815471,0.0084815471,0.0084815471,0.0084815471,0
1790202703,0.0086060377,0.0086060377,0.0086060377,0.0086060377,0
1790203003,0.0087062991,0.0087062991,0.0087062991,0.0087062991,0
1790203303,0.008795406,0.008795406,0.008795406,0.008795406,0
1790203603,0.0089439153,0.0089439153,0.0089439153,0.0089439153,0
1790203903,0.0090566476,0.0090566476,0.0090566476,0.0090566476,0
1790204203,0.0091687483,0.0091687483,0.0091687483,0.0091687483,0
1790204503,0.0092226542,0.0092226542,0.0092226542,0.0092226542,0
1790204803,0.0092962468,0.0092962468,0.0092962468,0.0092962468,0
1790205103,0.0093577227,0.0093577227,0.0093577227,0.0093577227,0
1790205403,0.009385461,0.009385461,0.009385461,0.009385461,0
1790205703,0.0094057402,0.0094057402,0.0094057402,0.0094057402,0
1790206003,0.0093399697,0.0093399697,0.0093399697,0.0093399697,0
1790206303,0.0092423774,0.0092423774,0.0092423774,0.0092423774,0
1790206603,0.0090351917,0.0090351917,0.0090351917,0.0090351917,0
1790206903,0.0088958221,0.0088958221,0.0088958221,0.0088958221,0
1790207203,0.0086962352,0.0086962352,0.0086962352,0.0086962352,0
1790207503,0.0086275953,0.0086275953,0.0086275953,0.0086275953,0
1790207803,0.0086088673,0.0086088673,0.0086088673,0.0086088673,0
1790208103,0.0086185638,0.0086185638,0.0086185638,0.0086185638,0
1790208403,0.0085821486,0.0085821486,0.0085821486,0.0085821486,0
1790208703,0.0086965623,0.0086965623,0.0086965623,0.0086965623,0
1790209003,0.0088765038,0.0088765038,0.0088765038,0.0088765038,0
1790209303,0.0089766411,0.0089766411,0.0089766411,0.0089766411,0
1790209603,0.0091753813,0.0091753813,0.0091753813,0.0091753813,0
1790209903,0.0093640261,0.0093640261,0.0093640261,0.0093640261,0
1790210203,0.0096064357,0.0096064357,0.0096064357,0.0096064357,0
1790210503,0.0097715642,0.0097715642,0.0097715642,0.0097715642,0
1790210803,0.0099643936,0.0099643936,0.0099643936,0.0099643936,0
1790211103,0.01,0.01,0.01,0.01,0
1790211403,0.01,0.01,0.01,0.01,0
1790211703,0.01,0.01,0.01,0.01,0
1790212003,0.01,0.01,0.01,0.01,0
1790212303,0.01,0.01,0.01,0.01,0
1790212603,0.01,0.01,0.01,0.01,0
1790212903,0.01,0.01,0.01,0.01,0
1790213203,0.01,0.01,0.01,0.01,0
1790213503,0.01,0.01,0.01,0.01,0
1790213803,0.01,0.01,0.01,0.01,0
1790214103,0.01,0.01,0.01,0.01,0
1790214403,0.01,0.01,0.01,0.01,0
1790214703,0.01,0.01,0.01,0.01,0
1790215003,0.01,0.01,0.01,0.01,0
1790215303,0.01,0.01,0.01,0.01,0
1790215603,0.01,0.01,0.01,0.01,0
1790215903,0.01,0.01,0.01,0.01,0
1790216203,0.01,0.01,0.01,0.01,0
1790216503,0.01,0.01,0.01,0.01,0
1790216803,0.01,0.01,0.01,0.01,0
1790217103,0.01,0.01,0.01,0.01,0
1790217403,0.01,0.01,0.01,0.01,0
1790217703,0.01,0.01,0.01,0.01,0
1790218003,0.01,0.01,0.01,0.01,0
1790218303,0.01,0.01,0.01,0.01,0
1790218603,0.01,0.01,0.01,0.01,0
1790218903,0.01,0.01,0.01,0.01,0
1790219203,0.01,0.01,0.01,0.01,0
1790219503,0.01,0.01,0.01,0.01,0
1790219803,0.01,0.01,0.01,0.01,0
1790220103,0.01,0.01,0.01,0.01,0
1790220403,0.01,0.01,0.01,0.01,0
1790220703,0.01,0.01,0.01,0.01,0
1790221003,0.01,0.01,0.01,0.01,0
1790221303,0.01,0.01,0.01,0.01,0
1790221603,0.01,0.01,0.01,0.01,0
1790221903,0.01,0.01,0.01,0.01,0
1790222203,0.01,0.01,0.01,0.01,0
1790222503,0.01,0.01,0.01,0.01,0
1790222803,0.01,0.01,0.01,0.01,0
1790223103,0.01,0.01,0.01,0.01,0
1790223403,0.01,0.01,0.01,0.01,0
1790223703,0.01,0.01,0.01,0.01,0
1790224003,0.01,0.01,0.01,0.01,0
1790224303,0.01,0.01,0.01,0.01,0
1790224603,0.01,0.01,0.01,0.01,0
1790224903,0.01,0.01,0.01,0.01,0
1790225203,0.01,0.01,0.01,0.01,0
1790225503,0.01,0.01,0.01,0.01,0
1790225803,0.01,0.01,0.01,0.01,0
1790226103,0.01,0.01,0.01,0.01,0
1790226403,0.01,0.01,0.01,0.01,0
1790226703,0.01,0.01,0.01,0.01,0
1790227003,0.01,0.01,0.01,0.01,0
1790227303,0.01,0.01,0.01,0.01,0
1790227603,0.01,0.01,0.01,0.01,0
1790227903,0.01,0.01,0.01,0.01,0
1790228203,0.01,0.01,0.01,0.01,0
1790228503,0.01,0.01,0.01,0.01,0
1790228803,0.01,0.01,0.01,0.01,0
1790229103,0.01,0.01,0.01,0.01,0
1790229403,0.01,0.01,0.01,0.01,0
1790229703,0.01,0.01,0.01,0.01,0
1790230003,0.01,0.01,0.01,0.01,0
1790230303,0.01,0.01,0.01,0.01,0
1790230603,0.01,0.01,0.01,0.01,0
1790230903,0.01,0.01,0.01,0.01,0
1790231203,0.01,0.01,0.01,0.01,0
1790231503,0.01,0.01,0.01,0.01,0
1790231803,0.01,0.01,0.01,0.01,0
1790232103,0.01,0.01,0.01,0.01,0
1790232403,0.01,0.01,0.01,0.01,0
1790232703,0.01,0.01,0.01,0.01,0
1790233003,0.01,0.01,0.01,0.01,0
1790233303,0.01,0.01,0.01,0.01,0
1790233603,0.01,0.01,0.01,0.01,0
1790233903,0.01,0.01,0.01,0.01,0
1790234203,0.01,0.01,0.01,0.01,0
1790234503,0.01,0.01,0.01,0.01,0
1790234803,0.01,0.01,0.01,0.01,0
1790235103,0.01,0.01,0.01,0.01,0
1790235403,0.01,0.01,0.01,0.01,0
1790235703,0.01,0.01,0.01,0.01,0
1790236003,0.01,0.01,0.01,0.01,0
1790236303,0.01,0.01,0.01,0.01,0
1790236603,0.01,0.01,0.01,0.01,0
1790236903,0.01,0.01,0.01,0.01,0
1790237203,0.01,0.01,0.01,0.01,0
1790237503,0.01,0.01,0.01,0.01,0
1790237803,0.01,0.01,0.01,0.01,0
1790238103,0.01,0.01,0.01,0.01,0
1790238403,0.01,0.01,0.01,0.01,0
1790238703,0.01,0.01,0.01,0.01,0
1790239003,0.01,0.01,0.01,0.01,0
1790239303,0.01,0.01,0.01,0.01,0
1790239603,0.01,0.01,0.01,0.01,0
1790239903,0.01,0.01,0.01,0.01,0
1790240203,0.01,0.01,0.01,0.01,0
1790240503,0.01,0.01,0.01,0.01,0
1790240803,0.01,0.01,0.01,0.01,0
1790241103,0.01,0.01,0.01,0.01,0
1790241403,0.01,0.01,0.01,0.01,0
1790241703,0.01,0.01,0.01,0.01,0
1790242003,0.01,0.01,0.01,0.01,0
1790242303,0.01,0.01,0.01,0.01,0
1790242603,0.0099553438,0.0099553438,0.0099553438,0.0099553438,0
1790242903,0.0099167118,0.0099167118,0.0099167118,0.0099167118,0
1790243203,0.0099491066,0.0099491066,0.0099491066,0.0099491066,0
1790243503,0.0098421292,0.0098421292,0.0098421292,0.0098421292,0
1790243803,0.0098051429,0.0098051429,0.0098051429,0.0098051429,0
1790244103,0.0098818403,0.0098818403,0.0098818403,0.0098818403,0
1790244403,0.0098509581,0.0098509581,0.0098509581,0.0098509581,0
1790244703,0.0098269522,0.0098269522,0.0098269522,0.0098269522,0
1790245003,0.0097682786,0.0097682786,0.0097682786,0.0097682786,0
1790245303,0.0097916926,0.0097916926,0.0097916926,0.0097916926,0
1790245603,0.0097318481,0.0097318481,0.0097318481,0.0097318481,0
1790245903,0.0096898009,0.0096898009,0.0096898009,0.0096898009,0
1790246203,0.0096803899,0.0096803899,0.0096803899,0.0096803899,0
1790246503,0.0097105733,0.0097105733,0.0097105733,0.0097105733,0
1790246803,0.0096763133,0.0096763133,0.0096763133,0.0096763133,0
1790247103,0.0097045378,0.0097045378,0.0097045378,0.0097045378,0
1790247403,0.0097714398,0.0097714398,0.0097714398,0.0097714398,0
1790247703,0.009806779,0.009806779,0.009806779,0.009806779,0
1790248003,0.0098409682,0.0098409682,0.0098409682,0.0098409682,0
1790248303,0.0098693184,0.0098693184,0.0098693184,0.0098693184,0
1790248603,0.009900287,0.009900287,0.009900287,0.009900287,0
1790248903,0.009917603,0.009917603,0.009917603,0.009917603,0
1790249203,0.0099705006,0.0099705006,0.0099705006,0.0099705006,0
1790249503,0.0099428421,0.0099428421,0.0099428421,0.0099428421,0
1790249803,0.009974806,0.009974806,0.009974806,0.009974806,0
1790250103,0.0099956915,0.0099956915,0.0099956915,0.0099956915,0
1790250403,0.01,0.01,0.01,0.01,0
1790250703,0.01,0.01,0.01,0.01,0
1790251003,0.01,0.01,0.01,0.01,0
1790251303,0.01,0.01,0.01,0.01,0
1790251603,0.01,0.01,0.01,0.01,0
1790251903,0.01,0.01,0.01,0.01,0
1790252203,0.01,0.01,0.01,0.01,0
1790252503,0.01,0.01,0.01,0.01,0
1790252803,0.01,0.01,0.01,0.01,0
1790253103,0.01,0.01,0.01,0.01,0
1790253403,0.01,0.01,0.01,0.01,0
1790253703,0.01,0.01,0.01,0.01,0
1790254003,0.01,0.01,0.01,0.01,0
1790254303,0.01,0.01,0.01,0.01,0
1790254603,0.01,0.01,0.01,0.01,0
1790254903,0.01,0.01,0.01,0.01,0
1790255203,0.01,0.01,0.01,0.01,0
1790255503,0.01,0.01,0.01,0.01,0
1790255803,0.01,0.01,0.01,0.01,0
1790256103,0.01,0.01,0.01,0.01,0
1790256403,0.01,0.01,0.01,0.01,0
1790256703,0.01,0.01,0.01,0.01,0
1790257003,0.01,0.01,0.01,0.01,0
1790257303,0.01,0.01,0.01,0.01,0
1790257603,0.01,0.01,0.01,0.01,0
1790257903,0.01,0.01,0.01,0.01,0
1790258203,0.01,0.01,0.01,0.01,0
1790258503,0.01,0.01,0.01,0.01,0
1790258803,0.01,0.01,0.01,0.01,0
1790259103,0.01,0.01,0.01,0.01,0
1790259403,0.01,0.01,0.01,0.01,0
1790259703,0.01,0.01,0.01,0.01,0
1790260003,0.01,0.01,0.01,0.01,0
1790260303,0.01,0.01,0.01,0.01,0
1790260603,0.01,0.01,0.01,0.01,0
1790260903,0.01,0.01,0.01,0.01,0
1790261203,0.01,0.01,0.01,0.01,0
1790261503,0.01,0.01,0.01,0.01,0
1790261803,0.01,0.01,0.01,0.01,0
1790262103,0.01,0.01,0.01,0.01,0
1790262403,0.01,0.01,0.01,0.01,0
1790262703,0.01,0.01,0.01,0.01,0
1790263003,0.01,0.01,0.01,0.01,0
1790263303,0.01,0.01,0.01,0.01,0
1790263603,0.01,0.01,0.01,0.01,0
1790263903,0.01,0.01,0.01,0.01,0
1790264203,0.01,0.01,0.01,0.01,0
1790264503,0.01,0.01,0.01,0.01,0
1790264803,0.01,0.01,0.01,0.01,0
1790265103,0.01,0.01,0.01,0.01,0
1790265403,0.01,0.01,0.01,0.01,0
1790265703,0.01,0.01,0.01,0.01,0
1790266003,0.01,0.01,0.01,0.01,0
1790266303,0.01,0.01,0.01,0.01,0
1790266603,0.01,0.01,0.01,0.01,0
1790266903,0.01,0.01,0.01,0.01,0
1790267203,0.01,0.01,0.01,0.01,0
1790267503,0.01,0.01,0.01,0.01,0
1790267803,0.01,0.01,0.01,0.01,0
1790268103,0.01,0.01,0.01,0.01,0
1790268403,0.01,0.01,0.01,0.01,0
1790268703,0.01,0.01,0.01,0.01,0
1790269003,0.01,0.01,0.01,0.01,0
1790269303,0.0099247241,0.0099247241,0.0099247241,0.0099247241,0
1790269603,0.0098558547,0.0098558547,0.0098558547,0.0098558547,0
1790269903,0.0098317125,0.0098317125,0.0098317125,0.0098317125,0
1790270203,0.0098448076,0.0098448076,0.0098448076,0.0098448076,0
1790270503,0.0097394946,0.0097394946,0.0097394946,0.0097394946,0
1790270803,0.0096743998,0.0096743998,0.0096743998,0.0096743998,0
1790271103,0.0097386271,0.0097386271,0.0097386271,0.0097386271,0
1790271403,0.009778164,0.009778164,0.009778164,0.009778164,0
1790271703,0.0097136707,0.0097136707,0.0097136707,0.0097136707,0
1790272003,0.0097285226,0.0097285226,0.0097285226,0.0097285226,0
1790272303,0.0097750422,0.0097750422,0.0097750422,0.0097750422,0
1790272603,0.0097312177,0.0097312177,0.0097312177,0.0097312177,0
1790272903,0.0096830982,0.0096830982,0.0096830982,0.0096830982,0
1790273203,0.0096930793,0.0096930793,0.0096930793,0.0096930793,0
1790273503,0.0097752542,0.0097752542,0.0097752542,0.0097752542,0
1790273803,0.0097969237,0.0097969237,0.0097969237,0.0097969237,0
1790274103,0.0097031121,0.0097031121,0.0097031121,0.0097031121,0
1790274403,0.0097220302,0.0097220302,0.0097220302,0.0097220302,0
1790274703,0.0097702688,0.0097702688,0.0097702688,0.0097702688,0
1790275003,0.0097321465,0.0097321465,0.0097321465,0.0097321465,0
1790275303,0.0098048218,0.0098048218,0.0098048218,0.0098048218,0
1790275603,0.0098853275,0.0098853275,0.0098853275,0.0098853275,0
1790275903,0.0099117889,0.0099117889,0.0099117889,0.0099117889,0
1790276203,0.0099886769,0.0099886769,0.0099886769,0.0099886769,0
1790276503,0.01,0.01,0.01,0.01,0
1790276803,0.01,0.01,0.01,0.01,0
1790277103,0.01,0.01,0.01,0.01,0
1790277403,0.01,0.01,0.01,0.01,0
1790277703,0.0099472989,0.0099472989,0.0099472989,0.0099472989,0
1790278003,0.0099900862,0.0099900862,0.0099900862,0.0099900862,0
1790278303,0.0098831025,0.0098831025,0.0098831025,0.0098831025,0
1790278603,0.0098869237,0.0098869237,0.0098869237,0.0098869237,0
1790278903,0.0099213194,0.0099213194,0.0099213194,0.0099213194,0
1790279203,0.01,0.01,0.01,0.01,0
1790279503,0.01,0.01,0.01,0.01,0
1790279803,0.01,0.01,0.01,0.01,0
1790280103,0.01,0.01,0.01,0.01,0
1790280403,0.01,0.01,0.01,0.01,0
1790280703,0.01,0.01,0.01,0.01,0
1790281003,0.01,0.01,0.01,0.01,0
1790281303,0.01,0.01,0.01,0.01,0
1790281603,0.01,0.01,0.01,0.01,0
1790281903,0.01,0.01,0.01,0.01,0
1790282203,0.01,0.01,0.01,0.01,0
1790282503,0.01,0.01,0.01,0.01,0
1790282803,0.01,0.01,0.01,0.01,0
1790283103,0.01,0.01,0.01,0.01,0
1790283403,0.01,0.01,0.01,0.01,0
1790283703,0.0099417692,0.0099417692,0.0099417692,0.0099417692,0
1790284003,0.0097993922,0.0097993922,0.0097993922,0.0097993922,0
1790284303,0.0096546229,0.0096546229,0.0096546229,0.0096546229,0
1790284603,0.0095128929,0.0095128929,0.0095128929,0.0095128929,0
1790284903,0.0094488837,0.0094488837,0.0094488837,0.0094488837,0
1790285203,0.0093202779,0.0093202779,0.0093202779,0.0093202779,0
1790285503,0.0091662648,0.0091662648,0.0091662648,0.0091662648,0
1790285803,0.0091281966,0.0091281966,0.0091281966,0.0091281966,0
1790286103,0.0090267849,0.0090267849,0.0090267849,0.0090267849,0
1790286403,0.0089689248,0.0089689248,0.0089689248,0.0089689248,0
1790286703,0.0088843552,0.0088843552,0.0088843552,0.0088843552,0
1790287003,0.0088188701,0.0088188701,0.0088188701,0.0088188701,0
1790287303,0.0088263463,0.0088263463,0.0088263463,0.0088263463,0
1790287603,0.0088657663,0.0088657663,0.0088657663,0.0088657663,0
1790287903,0.0088453988,0.0088453988,0.0088453988,0.0088453988,0
1790288203,0.0087916454,0.0087916454,0.0087916454,0.0087916454,0
1790288503,0.0086874119,0.0086874119,0.0086874119,0.0086874119,0
1790288803,0.0087227978,0.0087227978,0.0087227978,0.0087227978,0
1790289103,0.0087181015,0.0087181015,0.0087181015,0.0087181015,0
1790289403,0.0087303813,0.0087303813,0.0087303813,0.0087303813,0
1790289703,0.0086259004,0.0086259004,0.0086259004,0.0086259004,0
1790290003,0.0085374747,0.0085374747,0.0085374747,0.0085374747,0
1790290303,0.0084723878,0.0084723878,0.0084723878,0.0084723878,0
1790290603,0.0084691378,0.0084691378,0.0084691378,0.0084691378,0
1790290903,0.0084323055,0.0084323055,0.0084323055,0.0084323055,0
1790291203,0.0084464134,0.0084464134,0.0084464134,0.0084464134,0
1790291503,0.0084823619,0.0084823619,0.0084823619,0.0084823619,0
1790291803,0.008472171,0.008472171,0.008472171,0.008472171,0
1790292103,0.0084872221,0.0084872221,0.0084872221,0.0084872221,0
1790292403,0.008577401,0.008577401,0.008577401,0.008577401,0
1790292703,0.0086072773,0.0086072773,0.0086072773,0.0086072773,0
1790293003,0.0086253045,0.0086253045,0.0086253045,0.0086253045,0
1790293303,0.0086268662,0.0086268662,0.0086268662,0.0086268662,0
1790293603,0.008691596,0.008691596,0.008691596,0.008691596,0
1790293903,0.0087600472,0.0087600472,0.0087600472,0.0087600472,0
1790294203,0.0088296489,0.0088296489,0.0088296489,0.0088296489,0
1790294503,0.0088346753,0.0088346753,0.0088346753,0.0088346753,0
1790294803,0.0088752561,0.0088752561,0.0088752561,0.0088752561,0
1790295103,0.0090189335,0.0090189335,0.0090189335,0.0090189335,0
1790295403,0.0090734701,0.0090734701,0.0090734701,0.0090734701,0
1790295703,0.0091280054,0.0091280054,0.0091280054,0.0091280054,0
1790296003,0.0091873107,0.0091873107,0.0091873107,0.0091873107,0
1790296303,0.0092387119,0.0092387119,0.0092387119,0.0092387119,0
1790296603,0.009253121,0.009253121,0.009253121,0.009253121,0
1790296903,0.009367916,0.009367916,0.009367916,0.009367916,0
1790297203,0.009436535,0.009436535,0.009436535,0.009436535,0
1790297503,0.0095081063,0.0095081063,0.0095081063,0.0095081063,0
1790297803,0.0095910812,0.0095910812,0.0095910812,0.0095910812,0
1790298403,0.0098040358,0.0098040358,0.0098040358,0.0098040358,0
1790298703,0.0098939397,0.0098939397,0.0098939397,0.0098939397,0
1790299003,0.0099574733,0.0099574733,0.0099574733,0.0099574733,0
1790299303,0.0099449383,0.0099449383,0.0099449383,0.0099449383,0
1790299603,0.01,0.01,0.01,0.01,0
1790299903,0.0099665395,0.0099665395,0.0099665395,0.0099665395,0
1790300203,0.01,0.01,0.01,0.01,0
1790300503,0.01,0.01,0.01,0.01,0
1790300803,0.01,0.01,0.01,0.01,0
1790301103,0.01,0.01,0.01,0.01,0
1790301403,0.01,0.01,0.01,0.01,0
1790301703,0.01,0.01,0.01,0.01,0
1790302003,0.01,0.01,0.01,0.01,0
1790302303,0.01,0.01,0.01,0.01,0
1790302603,0.01,0.01,0.01,0.01,0
1790302903,0.01,0.01,0.01,0.01,0
1790303203,0.01,0.01,0.01,0.01,0
1790303503,0.01,0.01,0.01,0.01,0
1790303803,0.01,0.01,0.01,0.01,0
1790304103,0.01,0.01,0.01,0.01,0
1790304403,0.01,0.01,0.01,0.01,0
1790304703,0.01,0.01,0.01,0.01,0
1790305003,0.01,0.01,0.01,0.01,0
1790305303,0.01,0.01,0.01,0.01,0
1790305603,0.01,0.01,0.01,0.01,0
1790305903,0.01,0.01,0.01,0.01,0
1790306203,0.01,0.01,0.01,0.01,0
1790306503,0.01,0.01,0.01,0.01,0
1790306803,0.01,0.01,0.01,0.01,0
1790307103,0.01,0.01,0.01,0.01,0
1790307403,0.01,0.01,0.01,0.01,0
1790307703,0.01,0.01,0.01,0.01,0
1790308003,0.01,0.01,0.01,0.01,0
1790308303,0.01,0.01,0.01,0.01,0
1790308603,0.01,0.01,0.01,0.01,0
1790308903,0.01,0.01,0.01,0.01,0
1790309203,0.01,0.01,0.01,0.01,0
1790309503,0.01,0.01,0.01,0.01,0
1790309803,0.01,0.01,0.01,0.01,0
1790310103,0.01,0.01,0.01,0.01,0
1790310403,0.01,0.01,0.01,0.01,0
1790310703,0.01,0.01,0.01,0.01,0
1790311003,0.01,0.01,0.01,0.01,0
1790311303,0.01,0.01,0.01,0.01,0
1790311603,0.01,0.01,0.01,0.01,0
1790311903,0.01,0.01,0.01,0.01,0
1790312203,0.01,0.01,0.01,0.01,0
1790312503,0.01,0.01,0.01,0.01,0
1790312803,0.01,0.01,0.01,0.01,0
1790313103,0.01,0.01,0.01,0.01,0
1790313403,0.01,0.01,0.01,0.01,0
1790313703,0.01,0.01,0.01,0.01,0
1790314003,0.01,0.01,0.01,0.01,0
1790314303,0.01,0.01,0.01,0.01,0
1790314603,0.01,0.01,0.01,0.01,0
1790314903,0.01,0.01,0.01,0.01,0
1790315203,0.01,0.01,0.01,0.01,0
1790315503,0.01,0.01,0.01,0.01,0
1790315803,0.01,0.01,0.01,0.01,0
1790316103,0.01,0.01,0.01,0.01,0
1790316403,0.0098850443,0.0098850443,0.0098850443,0.0098850443,0
1790316703,0.0096190262,0.0096190262,0.0096190262,0.0096190262,0
1790317003,0.0093486166,0.0093486166,0.0093486166,0.0093486166,0
1790317303,0.0091067241,0.0091067241,0.0091067241,0.0091067241,0
1790317603,0.0089624246,0.0089624246,0.0089624246,0.0089624246,0
1790317903,0.0087365755,0.0087365755,0.0087365755,0.0087365755,0
1790318203,0.0084747972,0.0084747972,0.0084747972,0.0084747972,0
1790318503,0.0081887314,0.0081887314,0.0081887314,0.0081887314,0
1790318803,0.0080167464,0.0080167464,0.0080167464,0.0080167464,0
1790319103,0.007871473,0.007871473,0.007871473,0.007871473,0
1790319403,0.0077900359,0.0077900359,0.0077900359,0.0077900359,0
1790319703,0.0076520722,0.0076520722,0.0076520722,0.0076520722,0
1790320003,0.0073847231,0.0073847231,0.0073847231,0.0073847231,0
1790320303,0.0071134304,0.0071134304,0.0071134304,0.0071134304,0
1790320603,0.0069380586,0.0069380586,0.0069380586,0.0069380586,0
1790320903,0.0066497851,0.0066497851,0.0066497851,0.0066497851,0
1790321203,0.0064194881,0.0064194881,0.0064194881,0.0064194881,0
1790321503,0.0062498002,0.0062498002,0.0062498002,0.0062498002,0
1790321803,0.0060705074,0.0060705074,0.0060705074,0.0060705074,0
1790322103,0.0057957844,0.0057957844,0.0057957844,0.0057957844,0
1790322403,0.0055754751,0.0055754751,0.0055754751,0.0055754751,0
1790322703,0.0053296333,0.0053296333,0.0053296333,0.0053296333,0
1790323003,0.0050287151,0.0050287151,0.0050287151,0.0050287151,0
1790323303,0.0047589657,0.0047589657,0.0047589657,0.0047589657,0
1790323603,0.0046574524,0.0046574524,0.0046574524,0.0046574524,0
1790323903,0.0043701806,0.0043701806,0.0043701806,0.0043701806,0
1790324203,0.0040624121,0.0040624121,0.0040624121,0.0040624121,0
1790324503,0.003844732,0.003844732,0.003844732,0.003844732,0
1790324803,0.0035423548,0.0035423548,0.0035423548,0.0035423548,0
1790325103,0.0033217374,0.0033217374,0.0033217374,0.0033217374,0
1790325403,0.0031810136,0.0031810136,0.0031810136,0.0031810136,0
1790325703,0.003034162,0.003034162,0.003034162,0.003034162,0
1790326003,0.0028611745,0.0028611745,0.0028611745,0.0028611745,0
1790326303,0.0026780519,0.0026780519,0.0026780519,0.0026780519,0
1790326603,0.0025452242,0.0025452242,0.0025452242,0.0025452242,0
1790326903,0.0024597233,0.0024597233,0.0024597233,0.0024597233,0
1790327203,0.0023035609,0.0023035609,0.0023035609,0.0023035609,0
1790327503,0.0020497255,0.0020497255,0.0020497255,0.0020497255,0
1790327803,0.0018510787,0.0018510787,0.0018510787,0.0018510787,0
1790328103,0.001672359,0.001672359,0.001672359,0.001672359,0
1790328403,0.0014553998,0.0014553998,0.0014553998,0.0014553998,0
1790328703,0.0012271494,0.0012271494,0.0012271494,0.0012271494,0
1790329003,0.0010765177,0.0010765177,0.0010765177,0.0010765177,0
1790329303,0.000954006,0.000954006,0.000954006,0.000954006,0
1790329603,0.0008521742,0.0008521742,0.0008521742,0.0008521742,0
1790329903,0.0006338494,0.0006338494,0.0006338494,0.0006338494,0
1790330203,0.0004495871,0.0004495871,0.0004495871,0.0004495871,0
1790330503,0.0003370634,0.0003370634,0.0003370634,0.0003370634,0
1790330803,0.0001356448,0.0001356448,0.0001356448,0.0001356448,0
1790331103,0.0000474398,0.0000474398,0.0000474398,0.0000474398,0
1790331403,-0.0001177108,-0.0001177108,-0.0001177108,-0.0001177108,0
1790331703,-0.0003047891,-0.0003047891,-0.0003047891,-0.0003047891,0
1790332003,-0.0004885562,-0.0004885562,-0.0004885562,-0.0004885562,0
1790332303,-0.0006427948,-0.0006427948,-0.0006427948,-0.0006427948,0
1790332603,-0.0007830895,-0.0007830895,-0.0007830895,-0.0007830895,0
1790332903,-0.0008999731,-0.0008999731,-0.0008999731,-0.0008999731,0
1790333203,-0.0010603169,-0.0010603169,-0.0010603169,-0.0010603169,0
1790333503,-0.0011670103,-0.0011670103,-0.0011670103,-0.0011670103,0
1790333803,-0.00122081,-0.00122081,-0.00122081,-0.00122081,0
1790334103,-0.0012316277,-0.0012316277,-0.0012316277,-0.0012316277,0
1790334403,-0.0012210783,-0.0012210783,-0.0012210783,-0.0012210783,0
1790334703,-0.0011305885,-0.0011305885,-0.0011305885,-0.0011305885,0
1790335003,-0.0011168181,-0.0011168181,-0.0011168181,-0.0011168181,0
1790335303,-0.0011079081,-0.0011079081,-0.0011079081,-0.0011079081,0
1790335603,-0.0012259143,-0.0012259143,-0.0012259143,-0.0012259143,0
1790335903,-0.0012412615,-0.0012412615,-0.0012412615,-0.0012412615,0
1790336203,-0.0013753308,-0.0013753308,-0.0013753308,-0.0013753308,0
1790336503,-0.0015147971,-0.0015147971,-0.0015147971,-0.0015147971,0
1790336803,-0.0016103898,-0.0016103898,-0.0016103898,-0.0016103898,0
1790337103,-0.0016725987,-0.0016725987,-0.0016725987,-0.0016725987,0
1790337403,-0.0017085649,-0.0017085649,-0.0017085649,-0.0017085649,0
1790337703,-0.001745384,-0.001745384,-0.001745384,-0.001745384,0
1790338003,-0.0018399203,-0.0018399203,-0.0018399203,-0.0018399203,0
1790338303,-0.001995934,-0.001995934,-0.001995934,-0.001995934,0
1790338603,-0.0020618866,-0.0020618866,-0.0020618866,-0.0020618866,0
1790338903,-0.0021573724,-0.0021573724,-0.0021573724,-0.0021573724,0
1790339203,-0.0022063192,-0.0022063192,-0.0022063192,-0.0022063192,0
1790339503,-0.0023087681,-0.0023087681,-0.0023087681,-0.0023087681,0
1790339803,-0.0024092435,-0.0024092435,-0.0024092435,-0.0024092435,0
1790340103,-0.0025818033,-0.0025818033,-0.0025818033,-0.0025818033,0
1790340403,-0.0027072692,-0.0027072692,-0.0027072692,-0.0027072692,0
1790340703,-0.0027264538,-0.0027264538,-0.0027264538,-0.0027264538,0
1790341003,-0.0027060124,-0.0027060124,-0.0027060124,-0.0027060124,0
1790341303,-0.0027161432,-0.0027161432,-0.0027161432,-0.0027161432,0
1790341603,-0.0027800321,-0.0027800321,-0.0027800321,-0.0027800321,0
1790341903,-0.0028502331,-0.0028502331,-0.0028502331,-0.0028502331,0
1790342203,-0.0029925326,-0.0029925326,-0.0029925326,-0.0029925326,0
1790342503,-0.0030977701,-0.0030977701,-0.0030977701,-0.0030977701,0
1790342803,-0.00312439,-0.00312439,-0.00312439,-0.00312439,0
1790343103,-0.0030954868,-0.0030954868,-0.0030954868,-0.0030954868,0
1790343403,-0.0031375561,-0.0031375561,-0.0031375561,-0.0031375561,0
1790343703,-0.003127825,-0.003127825,-0.003127825,-0.003127825,0
1790344003,-0.0031017274,-0.0031017274,-0.0031017274,-0.0031017274,0
1790344303,-0.0030411987,-0.0030411987,-0.0030411987,-0.0030411987,0
1790344603,-0.0029827859,-0.0029827859,-0.0029827859,-0.0029827859,0
1790344903,-0.0028895913,-0.0028895913,-0.0028895913,-0.0028895913,0
1790345203,-0.0029394905,-0.0029394905,-0.0029394905,-0.0029394905,0
1790345503,-0.0028553569,-0.0028553569,-0.0028553569,-0.0028553569,0
1790345803,-0.0027503853,-0.0027503853,-0.0027503853,-0.0027503853,0
1790346103,-0.002600388,-0.002600388,-0.002600388,-0.002600388,0
1790346403,-0.0025037409,-0.0025037409,-0.0025037409,-0.0025037409,0
1790346703,-0.0023576407,-0.0023576407,-0.0023576407,-0.0023576407,0
1790347003,-0.0021801128,-0.0021801128,-0.0021801128,-0.0021801128,0
1790347303,-0.0021397109,-0.0021397109,-0.0021397109,-0.0021397109,0
1790347603,-0.0020715077,-0.0020715077,-0.0020715077,-0.0020715077,0
1790347903,-0.0018558823,-0.0018558823,-0.0018558823,-0.0018558823,0
1790348203,-0.0017793294,-0.0017793294,-0.0017793294,-0.0017793294,0
1790348503,-0.0016909288,-0.0016909288,-0.0016909288,-0.0016909288,0
1790348803,-0.0016423968,-0.0016423968,-0.0016423968,-0.0016423968,0
1790349103,-0.0015736495,-0.0015736495,-0.0015736495,-0.0015736495,0
1790349403,-0.0014911481,-0.0014911481,-0.0014911481,-0.0014911481,0
1790349703,-0.0013668718,-0.0013668718,-0.0013668718,-0.0013668718,0
1790350003,-0.0013303005,-0.0013303005,-0.0013303005,-0.0013303005,0
1790350303,-0.0012229394,-0.0012229394,-0.0012229394,-0.0012229394,0
1790350603,-0.0011262672,-0.0011262672,-0.0011262672,-0.0011262672,0
1790350903,-0.0010375612,-0.0010375612,-0.0010375612,-0.0010375612,0
1790351203,-0.0008856934,-0.0008856934,-0.0008856934,-0.0008856934,0
1790351503,-0.0006944136,-0.0006944136,-0.0006944136,-0.0006944136,0
1790351803,-0.0005537535,-0.0005537535,-0.0005537535,-0.0005537535,0
1790352103,-0.0003922692,-0.0003922692,-0.0003922692,-0.0003922692,0
1790352403,-0.0001511231,-0.0001511231,-0.0001511231,-0.0001511231,0
1790352703,0.0001521682,0.0001521682,0.0001521682,0.0001521682,0
1790353003,0.0004349359,0.0004349359,0.0004349359,0.0004349359,0
1790353303,0.0006181088,0.0006181088,0.0006181088,0.0006181088,0
1790353603,0.0007798,0.0007798,0.0007798,0.0007798,0
1790353903,0.0010028104,0.0010028104,0.0010028104,0.0010028104,0
1790354203,0.0012462217,0.0012462217,0.0012462217,0.0012462217,0
1790354503,0.0014990246,0.0014990246,0.0014990246,0.0014990246,0
1790354803,0.0016303524,0.0016303524,0.0016303524,0.0016303524,0
1790355103,0.0017876211,0.0017876211,0.0017876211,0.0017876211,0
1790355403,0.0020564783,0.0020564783,0.0020564783,0.0020564783,0
1790355703,0.0022758744,0.0022758744,0.0022758744,0.0022758744,0
1790356003,0.0024913473,0.0024913473,0.0024913473,0.0024913473,0
1790356303,0.0026801837,0.0026801837,0.0026801837,0.0026801837,0
1790356603,0.0028613438,0.0028613438,0.0028613438,0.0028613438,0
1790356903,0.0029244638,0.0029244638,0.0029244638,0.0029244638,0
1790357203,0.0029015337,0.0029015337,0.0029015337,0.0029015337,0
1790357503,0.0029449976,0.0029449976,0.0029449976,0.0029449976,0
1790357803,0.0030037618,0.0030037618,0.0030037618,0.0030037618,0
1790358103,0.0029606005,0.0029606005,0.0029606005,0.0029606005,0
1790358403,0.0030034218,0.0030034218,0.0030034218,0.0030034218,0
1790358703,0.0030893247,0.0030893247,0.0030893247,0.0030893247,0
1790359003,0.0031595465,0.0031595465,0.0031595465,0.0031595465,0
1790359303,0.0033525892,0.0033525892,0.0033525892,0.0033525892,0
1790359603,0.003490351,0.003490351,0.003490351,0.003490351,0
1790359903,0.0036351141,0.0036351141,0.0036351141,0.0036351141,0
1790360203,0.003833803,0.003833803,0.003833803,0.003833803,0
1790360503,0.0039664276,0.0039664276,0.0039664276,0.0039664276,0
1790360803,0.0040333378,0.0040333378,0.0040333378,0.0040333378,0
1790361103,0.0041709554,0.0041709554,0.0041709554,0.0041709554,0
1790361403,0.0043409238,0.0043409238,0.0043409238,0.0043409238,0
1790361703,0.0044266116,0.0044266116,0.0044266116,0.0044266116,0
1790362003,0.0045496528,0.0045496528,0.0045496528,0.0045496528,0
1790362303,0.0046095726,0.0046095726,0.0046095726,0.0046095726,0
1790362603,0.004663301,0.004663301,0.004663301,0.004663301,0
1790362903,0.0047634681,0.0047634681,0.0047634681,0.0047634681,0
1790363203,0.0047661938,0.0047661938,0.0047661938,0.0047661938,0
1790363503,0.0047966363,0.0047966363,0.0047966363,0.0047966363,0
1790363803,0.0047303082,0.0047303082,0.0047303082,0.0047303082,0
1790364103,0.0047541054,0.0047541054,0.0047541054,0.0047541054,0
1790364403,0.0047251299,0.0047251299,0.0047251299,0.0047251299,0
1790364703,0.0047323874,0.0047323874,0.0047323874,0.0047323874,0
1790365003,0.0047688151,0.0047688151,0.0047688151,0.0047688151,0
1790365303,0.0048049421,0.0048049421,0.0048049421,0.0048049421,0
1790365603,0.0049004009,0.0049004009,0.0049004009,0.0049004009,0
1790365903,0.0049888964,0.0049888964,0.0049888964,0.0049888964,0
1790366203,0.0049050359,0.0049050359,0.0049050359,0.0049050359,0
1790366503,0.0048870887,0.0048870887,0.0048870887,0.0048870887,0
1790366803,0.0048645419,0.0048645419,0.0048645419,0.0048645419,0
1790367103,0.0047712782,0.0047712782,0.0047712782,0.0047712782,0
1790367403,0.0046884308,0.0046884308,0.0046884308,0.0046884308,0
1790367703,0.0046368967,0.0046368967,0.0046368967,0.0046368967,0
1790368003,0.0047074341,0.0047074341,0.0047074341,0.0047074341,0
1790368303,0.0046584371,0.0046584371,0.0046584371,0.0046584371,0
1790368603,0.0047008248,0.0047008248,0.0047008248,0.0047008248,0
1790368903,0.0046033222,0.0046033222,0.0046033222,0.0046033222,0
1790369203,0.004541643,0.004541643,0.004541643,0.004541643,0
1790369503,0.0044561099,0.0044561099,0.0044561099,0.0044561099,0
1790369803,0.0042981028,0.0042981028,0.0042981028,0.0042981028,0
1790370103,0.0041718244,0.0041718244,0.0041718244,0.0041718244,0
1790370403,0.0041227062,0.0041227062,0.0041227062,0.0041227062,0
1790370703,0.0039638729,0.0039638729,0.0039638729,0.0039638729,0
1790371003,0.0039177458,0.0039177458,0.0039177458,0.0039177458,0
1790371303,0.0037994282,0.0037994282,0.0037994282,0.0037994282,0
1790371603,0.0037279085,0.0037279085,0.0037279085,0.0037279085,0
1790371903,0.0035929974,0.0035929974,0.0035929974,0.0035929974,0
1790372203,0.0033964956,0.0033964956,0.0033964956,0.0033964956,0
1790372503,0.0032832542,0.0032832542,0.0032832542,0.0032832542,0
1790372803,0.0030821744,0.0030821744,0.0030821744,0.0030821744,0
1790373103,0.0028770761,0.0028770761,0.0028770761,0.0028770761,0
1790373403,0.0025593279,0.0025593279,0.0025593279,0.0025593279,0
1790373703,0.0022125681,0.0022125681,0.0022125681,0.0022125681,0
1790374003,0.0020362477,0.0020362477,0.0020362477,0.0020362477,0
1790374303,0.0019860108,0.0019860108,0.0019860108,0.0019860108,0
1790374603,0.0018386713,0.0018386713,0.0018386713,0.0018386713,0
1790374903,0.0017017894,0.0017017894,0.0017017894,0.0017017894,0
1790375203,0.001532251,0.001532251,0.001532251,0.001532251,0
1790375503,0.0014199193,0.0014199193,0.0014199193,0.0014199193,0
1790375803,0.0013820586,0.0013820586,0.0013820586,0.0013820586,0
1790376103,0.0014017765,0.0014017765,0.0014017765,0.0014017765,0
1790376403,0.0013508244,0.0013508244,0.0013508244,0.0013508244,0
1790376703,0.0013079155,0.0013079155,0.0013079155,0.0013079155,0
1790377003,0.0013548807,0.0013548807,0.0013548807,0.0013548807,0
1790377303,0.0013296705,0.0013296705,0.0013296705,0.0013296705,0
1790377603,0.0013497565,0.0013497565,0.0013497565,0.0013497565,0
1790377903,0.0014345454,0.0014345454,0.0014345454,0.0014345454,0
1790378203,0.0014354114,0.0014354114,0.0014354114,0.0014354114,0
1790378503,0.0013825425,0.0013825425,0.0013825425,0.0013825425,0
1790378803,0.0013162086,0.0013162086,0.0013162086,0.0013162086,0
1790379103,0.0011897334,0.0011897334,0.0011897334,0.0011897334,0
1790379403,0.001065174,0.001065174,0.001065174,0.001065174,0
1790379703,0.0009473248,0.0009473248,0.0009473248,0.0009473248,0
1790380003,0.0007613048,0.0007613048,0.0007613048,0.0007613048,0
1790380303,0.00055296,0.00055296,0.00055296,0.00055296,0
1790380603,0.000460409,0.000460409,0.000460409,0.000460409,0
1790380903,0.0002780728,0.0002780728,0.0002780728,0.0002780728,0
1790381203,0.0001378574,0.0001378574,0.0001378574,0.0001378574,0
1790381503,0.0001211383,0.0001211383,0.0001211383,0.0001211383,0
1790381803,0.0000598968,0.0000598968,0.0000598968,0.0000598968,0
1790382103,-0.0000325865,-0.0000325865,-0.0000325865,-0.0000325865,0
1790382403,-0.0000628197,-0.0000628197,-0.0000628197,-0.0000628197,0
1790382703,-0.0001151542,-0.0001151542,-0.0001151542,-0.0001151542,0
1790383003,-0.0001305971,-0.0001305971,-0.0001305971,-0.0001305971,0
1790383303,-0.0001395796,-0.0001395796,-0.0001395796,-0.0001395796,0
1790383603,-0.0001151802,-0.0001151802,-0.0001151802,-0.0001151802,0
1790383903,-0.0001107554,-0.0001107554,-0.0001107554,-0.0001107554,0
1790384203,-0.0001022783,-0.0001022783,-0.0001022783,-0.0001022783,0
1790384503,-0.000132877,-0.000132877,-0.000132877,-0.000132877,0
1790384803,-0.0000470036,-0.0000470036,-0.0000470036,-0.0000470036,0
1790385103,0.0000528728,0.0000528728,0.0000528728,0.0000528728,0
1790385403,0.0000658663,0.0000658663,0.0000658663,0.0000658663,0
1790385703,0.0001403889,0.0001403889,0.0001403889,0.0001403889,0
1790386003,0.0002175827,0.0002175827,0.0002175827,0.0002175827,0
1790386303,0.000356884,0.000356884,0.000356884,0.000356884,0
1790386603,0.0004653082,0.0004653082,0.0004653082,0.0004653082,0
1790386903,0.0005724533,0.0005724533,0.0005724533,0.0005724533,0
1790387203,0.0007458679,0.0007458679,0.0007458679,0.0007458679,0
1790387503,0.0009443269,0.0009443269,0.0009443269,0.0009443269,0
1790387803,0.0010883676,0.0010883676,0.0010883676,0.0010883676,0
1790388103,0.0012328816,0.0012328816,0.0012328816,0.0012328816,0
1790388403,0.0012449994,0.0012449994,0.0012449994,0.0012449994,0
1790388703,0.0014220098,0.0014220098,0.0014220098,0.0014220098,0
1790389003,0.0015714462,0.0015714462,0.0015714462,0.0015714462,0
1790389303,0.0016293035,0.0016293035,0.0016293035,0.0016293035,0
1790389603,0.0016885979,0.0016885979,0.0016885979,0.0016885979,0
1790389903,0.001821586,0.001821586,0.001821586,0.001821586,0
1790390203,0.0020060383,0.0020060383,0.0020060383,0.0020060383,0
1790390503,0.0021696993,0.0021696993,0.0021696993,0.0021696993,0
1790390803,0.0023140747,0.0023140747,0.0023140747,0.0023140747,0
1790391103,0.0025185082,0.0025185082,0.0025185082,0.0025185082,0
1790391403,0.0027178846,0.0027178846,0.0027178846,0.0027178846,0
1790391703,0.0029266776,0.0029266776,0.0029266776,0.0029266776,0
1790392003,0.0031092951,0.0031092951,0.0031092951,0.0031092951,0
1790392303,0.0032354968,0.0032354968,0.0032354968,0.0032354968,0
1790392603,0.0033821748,0.0033821748,0.0033821748,0.0033821748,0
1790392903,0.0035150288,0.0035150288,0.0035150288,0.0035150288,0
1790393203,0.0038166386,0.0038166386,0.0038166386,0.0038166386,0
1790393503,0.0039657459,0.0039657459,0.0039657459,0.0039657459,0
1790393803,0.0041202749,0.0041202749,0.0041202749,0.0041202749,0
1790394103,0.0042722338,0.0042722338,0.0042722338,0.0042722338,0
1790394403,0.0043588404,0.0043588404,0.0043588404,0.0043588404,0
1790394703,0.004519868,0.004519868,0.004519868,0.004519868,0
1790395003,0.0047090203,0.0047090203,0.0047090203,0.0047090203,0
1790395303,0.0047748566,0.0047748566,0.0047748566,0.0047748566,0
1790395603,0.0048882272,0.0048882272,0.0048882272,0.0048882272,0
1790395903,0.0050338069,0.0050338069,0.0050338069,0.0050338069,0
1790396203,0.0051760505,0.0051760505,0.0051760505,0.0051760505,0
1790396503,0.0052999399,0.0052999399,0.0052999399,0.0052999399,0
1790396803,0.0054519114,0.0054519114,0.0054519114,0.0054519114,0
1790397103,0.0056392665,0.0056392665,0.0056392665,0.0056392665,0
1790397403,0.0057989587,0.0057989587,0.0057989587,0.0057989587,0
1790397703,0.0060591698,0.0060591698,0.0060591698,0.0060591698,0
1790398003,0.0062656796,0.0062656796,0.0062656796,0.0062656796,0
1790398303,0.0064267324,0.0064267324,0.0064267324,0.0064267324,0
1790398603,0.0065456095,0.0065456095,0.0065456095,0.0065456095,0
1790398903,0.0066411227,0.0066411227,0.0066411227,0.0066411227,0
1790399203,0.0068733573,0.0068733573,0.0068733573,0.0068733573,0
1790399503,0.0069770794,0.0069770794,0.0069770794,0.0069770794,0
1790399803,0.0069695022,0.0069695022,0.0069695022,0.0069695022,0
1790400103,0.0070566633,0.0070566633,0.0070566633,0.0070566633,0
1790400403,0.007148604,0.007148604,0.007148604,0.007148604,0
1790400703,0.007255492,0.007255492,0.007255492,0.007255492,0
1790401003,0.0072393035,0.0072393035,0.0072393035,0.0072393035,0
1790401303,0.0073053104,0.0073053104,0.0073053104,0.0073053104,0
1790401603,0.0075306907,0.0075306907,0.0075306907,0.0075306907,0
1790401903,0.0076015302,0.0076015302,0.0076015302,0.0076015302,0
1790402203,0.007635288,0.007635288,0.007635288,0.007635288,0
1790402503,0.0076918083,0.0076918083,0.0076918083,0.0076918083,0
1790402803,0.0076744297,0.0076744297,0.0076744297,0.0076744297,0
1790403103,0.0076295364,0.0076295364,0.0076295364,0.0076295364,0
1790403403,0.007652022,0.007652022,0.007652022,0.007652022,0
1790403703,0.0076292115,0.0076292115,0.0076292115,0.0076292115,0
1790404003,0.0076486119,0.0076486119,0.0076486119,0.0076486119,0
1790404303,0.0076341638,0.0076341638,0.0076341638,0.0076341638,0
1790404603,0.007546401,0.007546401,0.007546401,0.007546401,0
1790404903,0.0074608729,0.0074608729,0.0074608729,0.0074608729,0
1790405203,0.0074164267,0.0074164267,0.0074164267,0.0074164267,0
1790405503,0.0073226749,0.0073226749,0.0073226749,0.0073226749,0
1790405803,0.0073007038,0.0073007038,0.0073007038,0.0073007038,0
1790406103,0.0073287858,0.0073287858,0.0073287858,0.0073287858,0
1790406403,0.0073281417,0.0073281417,0.0073281417,0.0073281417,0
1790406703,0.0072800064,0.0072800064,0.0072800064,0.0072800064,0
1790407003,0.0072632711,0.0072632711,0.0072632711,0.0072632711,0
1790407303,0.0072595942,0.0072595942,0.0072595942,0.0072595942,0
1790407603,0.0071954357,0.0071954357,0.0071954357,0.0071954357,0
1790407903,0.0070942248,0.0070942248,0.0070942248,0.0070942248,0
1790408203,0.0070403144,0.0070403144,0.0070403144,0.0070403144,0
1790408503,0.0069308734,0.0069308734,0.0069308734,0.0069308734,0
1790408803,0.0068461374,0.0068461374,0.0068461374,0.0068461374,0
1790409103,0.0068202934,0.0068202934,0.0068202934,0.0068202934,0
1790409403,0.0067538209,0.0067538209,0.0067538209,0.0067538209,0
1790409703,0.0066454971,0.0066454971,0.0066454971,0.0066454971,0
1790410003,0.006487222,0.006487222,0.006487222,0.006487222,0
1790410303,0.0063543246,0.0063543246,0.0063543246,0.0063543246,0
1790410603,0.0062927158,0.0062927158,0.0062927158,0.0062927158,0
1790410903,0.0061247111,0.0061247111,0.0061247111,0.0061247111,0
1790411203,0.0059180894,0.0059180894,0.0059180894,0.0059180894,0
1790411503,0.005737353,0.005737353,0.005737353,0.005737353,0
1790411803,0.0056686073,0.0056686073,0.0056686073,0.0056686073,0
1790412103,0.0055837942,0.0055837942,0.0055837942,0.0055837942,0
1790412403,0.0053455022,0.0053455022,0.0053455022,0.0053455022,0
1790412703,0.0051588192,0.0051588192,0.0051588192,0.0051588192,0
1790413003,0.0049719209,0.0049719209,0.0049719209,0.0049719209,0
1790413303,0.0047121502,0.0047121502,0.0047121502,0.0047121502,0
1790413603,0.0045467663,0.0045467663,0.0045467663,0.0045467663,0
1790413903,0.0043354055,0.0043354055,0.0043354055,0.0043354055,0
1790414203,0.0041256772,0.0041256772,0.0041256772,0.0041256772,0
1790414503,0.0039940026,0.0039940026,0.0039940026,0.0039940026,0
1790414803,0.0038509994,0.0038509994,0.0038509994,0.0038509994,0
1790415103,0.0037779702,0.0037779702,0.0037779702,0.0037779702,0
1790415403,0.0036437663,0.0036437663,0.0036437663,0.0036437663,0
1790415703,0.0034788599,0.0034788599,0.0034788599,0.0034788599,0
1790416003,0.0033300588,0.0033300588,0.0033300588,0.0033300588,0
1790416303,0.0031947079,0.0031947079,0.0031947079,0.0031947079,0
1790416603,0.0029731625,0.0029731625,0.0029731625,0.0029731625,0
1790416903,0.0027550168,0.0027550168,0.0027550168,0.0027550168,0
1790417203,0.0026584731,0.0026584731,0.0026584731,0.0026584731,0
1790417503,0.0025336065,0.0025336065,0.0025336065,0.0025336065,0
1790417803,0.0023616829,0.0023616829,0.0023616829,0.0023616829,0
1790418103,0.002170982,0.002170982,0.002170982,0.002170982,0
1790418403,0.0019738824,0.0019738824,0.0019738824,0.0019738824,0
1790418703,0.0019094518,0.0019094518,0.0019094518,0.0019094518,0
1790419003,0.0017782208,0.0017782208,0.0017782208,0.0017782208,0
1790419303,0.0016730538,0.0016730538,0.0016730538,0.0016730538,0
1790419603,0.0015762952,0.0015762952,0.0015762952,0.0015762952,0
1790419903,0.0014801843,0.0014801843,0.0014801843,0.0014801843,0
1790420203,0.0013312021,0.0013312021,0.0013312021,0.0013312021,0
1790420503,0.0012013182,0.0012013182,0.0012013182,0.0012013182,0
1790420803,0.0010907407,0.0010907407,0.0010907407,0.0010907407,0
1790421103,0.0010211258,0.0010211258,0.0010211258,0.0010211258,0
1790421403,0.0009850364,0.0009850364,0.0009850364,0.0009850364,0
1790421703,0.0008534903,0.0008534903,0.0008534903,0.0008534903,0
1790422003,0.0007254234,0.0007254234,0.0007254234,0.0007254234,0
1790422303,0.0006416348,0.0006416348,0.0006416348,0.0006416348,0
1790422603,0.0005698649,0.0005698649,0.0005698649,0.0005698649,0
1790422903,0.0006059032,0.0006059032,0.0006059032,0.0006059032,0
1790423203,0.0005255718,0.0005255718,0.0005255718,0.0005255718,0
1790423503,0.000537396,0.000537396,0.000537396,0.000537396,0
1790423803,0.0004783405,0.0004783405,0.0004783405,0.0004783405,0
1790424103,0.0004901745,0.0004901745,0.0004901745,0.0004901745,0
1790424403,0.0005691501,0.0005691501,0.0005691501,0.0005691501,0
1790424703,0.0005408329,0.0005408329,0.0005408329,0.0005408329,0
1790425003,0.0005897246,0.0005897246,0.0005897246,0.0005897246,0
1790425303,0.0005723887,0.0005723887,0.0005723887,0.0005723887,0
1790425603,0.0005180128,0.0005180128,0.0005180128,0.0005180128,0
1790425903,0.0004055201,0.0004055201,0.0004055201,0.0004055201,0
1790426203,0.000448016,0.000448016,0.000448016,0.000448016,0
1790426503,0.00040014,0.00040014,0.00040014,0.00040014,0
1790426803,0.0003262922,0.0003262922,0.0003262922,0.0003262922,0
1790427103,0.0003131039,0.0003131039,0.0003131039,0.0003131039,0
1790427403,0.0002327118,0.0002327118,0.0002327118,0.0002327118,0
1790427703,0.0001585151,0.0001585151,0.0001585151,0.0001585151,0
1790428003,0.0001634924,0.0001634924,0.0001634924,0.0001634924,0
1790428303,0.0002412745,0.0002412745,0.0002412745,0.0002412745,0
1790428603,0.0002504469,0.0002504469,0.0002504469,0.0002504469,0
1790428903,0.0002772547,0.0002772547,0.0002772547,0.0002772547,0
1790429203,0.0003214466,0.0003214466,0.0003214466,0.0003214466,0
1790429503,0.000416838,0.000416838,0.000416838,0.000416838,0
1790429803,0.0004301458,0.0004301458,0.0004301458,0.0004301458,0
1790430103,0.0005207623,0.0005207623,0.0005207623,0.0005207623,0
1790430403,0.0006004178,0.0006004178,0.0006004178,0.0006004178,0
1790430703,0.0005714109,0.0005714109,0.0005714109,0.0005714109,0
1790431003,0.0005091076,0.0005091076,0.0005091076,0.0005091076,0
1790431303,0.0004913305,0.0004913305,0.0004913305,0.0004913305,0
1790431603,0.0005404205,0.0005404205,0.0005404205,0.0005404205,0
1790431903,0.0005343949,0.0005343949,0.0005343949,0.0005343949,0
1790432203,0.0005205836,0.0005205836,0.0005205836,0.0005205836,0
1790432503,0.0005296977,0.0005296977,0.0005296977,0.0005296977,0
1790432803,0.0005321229,0.0005321229,0.0005321229,0.0005321229,0
1790433103,0.0005065446,0.0005065446,0.0005065446,0.0005065446,0
1790433403,0.0004484405,0.0004484405,0.0004484405,0.0004484405,0
1790433703,0.0003601733,0.0003601733,0.0003601733,0.0003601733,0
1790434003,0.0003131722,0.0003131722,0.0003131722,0.0003131722,0
1790434303,0.0003470682,0.0003470682,0.0003470682,0.0003470682,0
1790434603,0.0002991705,0.0002991705,0.0002991705,0.0002991705,0
1790434903,0.0002935015,0.0002935015,0.0002935015,0.0002935015,0
1790435203,0.0003269987,0.0003269987,0.0003269987,0.0003269987,0
1790435503,0.0004591511,0.0004591511,0.0004591511,0.0004591511,0
1790435803,0.0005675064,0.0005675064,0.0005675064,0.0005675064,0
1790436103,0.0007046272,0.0007046272,0.0007046272,0.0007046272,0
1790436403,0.0006924352,0.0006924352,0.0006924352,0.0006924352,0
1790436703,0.0007607107,0.0007607107,0.0007607107,0.0007607107,0
1790437003,0.0008577471,0.0008577471,0.0008577471,0.0008577471,0
1790437303,0.0009029393,0.0009029393,0.0009029393,0.0009029393,0
1790437603,0.0010120112,0.0010120112,0.0010120112,0.0010120112,0
1790437903,0.0009470298,0.0009470298,0.0009470298,0.0009470298,0
1790438203,0.0009263262,0.0009263262,0.0009263262,0.0009263262,0
1790438503,0.0008367115,0.0008367115,0.0008367115,0.0008367115,0
1790438803,0.000624417,0.000624417,0.000624417,0.000624417,0
1790439103,0.000433372,0.000433372,0.000433372,0.000433372,0
1790439403,0.0003985929,0.0003985929,0.0003985929,0.0003985929,0
1790439703,0.0003248145,0.0003248145,0.0003248145,0.0003248145,0
1790440003,0.0003443074,0.0003443074,0.0003443074,0.0003443074,0
1790440303,0.000399405,0.000399405,0.000399405,0.000399405,0
1790440603,0.0005227767,0.0005227767,0.0005227767,0.0005227767,0
1790440903,0.0005207212,0.0005207212,0.0005207212,0.0005207212,0
1790441203,0.0004412434,0.0004412434,0.0004412434,0.0004412434,0
1790441503,0.0002891117,0.0002891117,0.0002891117,0.0002891117,0
1790441803,0.0002063827,0.0002063827,0.0002063827,0.0002063827,0
1790442103,0.0001689433,0.0001689433,0.0001689433,0.0001689433,0
1790442403,0.0000226539,0.0000226539,0.0000226539,0.0000226539,0
1790442703,-0.0000818049,-0.0000818049,-0.0000818049,-0.0000818049,0
1790443003,-0.0002418567,-0.0002418567,-0.0002418567,-0.0002418567,0
1790443303,-0.0002975079,-0.0002975079,-0.0002975079,-0.0002975079,0
1790443603,-0.0003161711,-0.0003161711,-0.0003161711,-0.0003161711,0
1790443903,-0.0002722495,-0.0002722495,-0.0002722495,-0.0002722495,0
1790444203,-0.0002830442,-0.0002830442,-0.0002830442,-0.0002830442,0
1790444503,-0.0002154392,-0.0002154392,-0.0002154392,-0.0002154392,0
1790444803,-0.0002925471,-0.0002925471,-0.0002925471,-0.0002925471,0
1790445103,-0.0002877636,-0.0002877636,-0.0002877636,-0.0002877636,0
1790445403,-0.0002564591,-0.0002564591,-0.0002564591,-0.0002564591,0
1790445703,-0.0002100115,-0.0002100115,-0.0002100115,-0.0002100115,0
1790446003,-0.0001951147,-0.0001951147,-0.0001951147,-0.0001951147,0
1790446303,-0.0001007093,-0.0001007093,-0.0001007093,-0.0001007093,0
1790446603,-0.0000188615,-0.0000188615,-0.0000188615,-0.0000188615,0
1790446903,0.0000328361,0.0000328361,0.0000328361,0.0000328361,0
1790447203,0.0001243225,0.0001243225,0.0001243225,0.0001243225,0
1790447503,0.0002279848,0.0002279848,0.0002279848,0.0002279848,0
1790447803,0.0002713597,0.0002713597,0.0002713597,0.0002713597,0
1790448103,0.0002792569,0.0002792569,0.0002792569,0.0002792569,0
1790448403,0.0003589421,0.0003589421,0.0003589421,0.0003589421,0
1790448703,0.0003779562,0.0003779562,0.0003779562,0.0003779562,0
1790449003,0.0004458119,0.0004458119,0.0004458119,0.0004458119,0
1790449303,0.000669375,0.000669375,0.000669375,0.000669375,0
1790449603,0.0008818844,0.0008818844,0.0008818844,0.0008818844,0
1790449903,0.0010944523,0.0010944523,0.0010944523,0.0010944523,0
1790450203,0.0012923058,0.0012923058,0.0012923058,0.0012923058,0
1790450503,0.0015059414,0.0015059414,0.0015059414,0.0015059414,0
1790450803,0.0015667892,0.0015667892,0.0015667892,0.0015667892,0
1790451103,0.0016137007,0.0016137007,0.0016137007,0.0016137007,0
1790451403,0.0016756958,0.0016756958,0.0016756958,0.0016756958,0
1790451703,0.0017152453,0.0017152453,0.0017152453,0.0017152453,0
1790452003,0.0017960702,0.0017960702,0.0017960702,0.0017960702,0
1790452303,0.0017565633,0.0017565633,0.0017565633,0.0017565633,0
1790452603,0.0017223962,0.0017223962,0.0017223962,0.0017223962,0
1790452903,0.0018864095,0.0018864095,0.0018864095,0.0018864095,0
1790453203,0.001958411,0.001958411,0.001958411,0.001958411,0
1790453503,0.0019416954,0.0019416954,0.0019416954,0.0019416954,0
1790453803,0.0019468479,0.0019468479,0.0019468479,0.0019468479,0
1790454103,0.0019714541,0.0019714541,0.0019714541,0.0019714541,0
1790454403,0.0018969967,0.0018969967,0.0018969967,0.0018969967,0
1790454703,0.0018505441,0.0018505441,0.0018505441,0.0018505441,0
1790455003,0.001837524,0.001837524,0.001837524,0.001837524,0
1790455303,0.0017956099,0.0017956099,0.0017956099,0.0017956099,0
1790455603,0.0018271252,0.0018271252,0.0018271252,0.0018271252,0
1790455903,0.0018408941,0.0018408941,0.0018408941,0.0018408941,0
1790456203,0.0019625221,0.0019625221,0.0019625221,0.0019625221,0
1790456503,0.0020708512,0.0020708512,0.0020708512,0.0020708512,0
1790456803,0.0022113813,0.0022113813,0.0022113813,0.0022113813,0
1790457103,0.0022852267,0.0022852267,0.0022852267,0.0022852267,0
1790457403,0.0024321207,0.0024321207,0.0024321207,0.0024321207,0
1790457703,0.0025634023,0.0025634023,0.0025634023,0.0025634023,0
1790458003,0.0025644311,0.0025644311,0.0025644311,0.0025644311,0
1790458303,0.0026447885,0.0026447885,0.0026447885,0.0026447885,0
1790458603,0.0027326843,0.0027326843,0.0027326843,0.0027326843,0
1790458903,0.0028014148,0.0028014148,0.0028014148,0.0028014148,0
1790459203,0.0028423307,0.0028423307,0.0028423307,0.0028423307,0
1790459503,0.0028175317,0.0028175317,0.0028175317,0.0028175317,0
1790459803,0.0028401484,0.0028401484,0.0028401484,0.0028401484,0
1790460103,0.0028458016,0.0028458016,0.0028458016,0.0028458016,0
1790460403,0.0029619202,0.0029619202,0.0029619202,0.0029619202,0
1790460703,0.0030051398,0.0030051398,0.0030051398,0.0030051398,0
1790461003,0.003016026,0.003016026,0.003016026,0.003016026,0
1790461303,0.0029798737,0.0029798737,0.0029798737,0.0029798737,0
1790461603,0.0029798906,0.0029798906,0.0029798906,0.0029798906,0
1790461903,0.0029657811,0.0029657811,0.0029657811,0.0029657811,0
1790462203,0.0029457233,0.0029457233,0.0029457233,0.0029457233,0
1790462503,0.0028540494,0.0028540494,0.0028540494,0.0028540494,0
1790462803,0.0028499203,0.0028499203,0.0028499203,0.0028499203,0
1790463103,0.0029141462,0.0029141462,0.0029141462,0.0029141462,0
1790463403,0.0029611395,0.0029611395,0.0029611395,0.0029611395,0
1790463703,0.0031746134,0.0031746134,0.0031746134,0.0031746134,0
1790464003,0.0033293723,0.0033293723,0.0033293723,0.0033293723,0
1790464303,0.0034083231,0.0034083231,0.0034083231,0.0034083231,0
1790464603,0.0035877211,0.0035877211,0.0035877211,0.0035877211,0
1790464903,0.0037247717,0.0037247717,0.0037247717,0.0037247717,0
1790465203,0.003824445,0.003824445,0.003824445,0.003824445,0
1790465503,0.0038851282,0.0038851282,0.0038851282,0.0038851282,0
1790465803,0.0039500774,0.0039500774,0.0039500774,0.0039500774,0
1790466103,0.0039477401,0.0039477401,0.0039477401,0.0039477401,0
1790466403,0.0039860119,0.0039860119,0.0039860119,0.0039860119,0
1790466703,0.0040408893,0.0040408893,0.0040408893,0.0040408893,0
1790467003,0.004041784,0.004041784,0.004041784,0.004041784,0
1790467303,0.0041114805,0.0041114805,0.0041114805,0.0041114805,0
1790467603,0.0042109451,0.0042109451,0.0042109451,0.0042109451,0
1790467903,0.0041464892,0.0041464892,0.0041464892,0.0041464892,0
1790468203,0.0041630371,0.0041630371,0.0041630371,0.0041630371,0
1790468503,0.0042352898,0.0042352898,0.0042352898,0.0042352898,0
1790468803,0.0042751121,0.0042751121,0.0042751121,0.0042751121,0
1790469103,0.0042868814,0.0042868814,0.0042868814,0.0042868814,0
1790469403,0.0043329756,0.0043329756,0.0043329756,0.0043329756,0
1790469703,0.0043614797,0.0043614797,0.0043614797,0.0043614797,0
1790470003,0.0043425856,0.0043425856,0.0043425856,0.0043425856,0
1790470303,0.0043770942,0.0043770942,0.0043770942,0.0043770942,0
1790470603,0.0043701541,0.0043701541,0.0043701541,0.0043701541,0
1790470903,0.0043681581,0.0043681581,0.0043681581,0.0043681581,0
1790471203,0.0043860672,0.0043860672,0.0043860672,0.0043860672,0
1790471503,0.004450059,0.004450059,0.004450059,0.004450059,0
1790471803,0.0045014134,0.0045014134,0.0045014134,0.0045014134,0
1790472103,0.0045939041,0.0045939041,0.0045939041,0.0045939041,0
1790472403,0.0046255396,0.0046255396,0.0046255396,0.0046255396,0
1790472703,0.0047190443,0.0047190443,0.0047190443,0.0047190443,0
1790473003,0.0047668347,0.0047668347,0.0047668347,0.0047668347,0
1790473303,0.0049342189,0.0049342189,0.0049342189,0.0049342189,0
1790473603,0.0050889649,0.0050889649,0.0050889649,0.0050889649,0
1790473903,0.0051604848,0.0051604848,0.0051604848,0.0051604848,0
1790474203,0.0051377748,0.0051377748,0.0051377748,0.0051377748,0
1790474503,0.0050890937,0.0050890937,0.0050890937,0.0050890937,0
1790474803,0.0050566601,0.0050566601,0.0050566601,0.0050566601,0
1790475103,0.0050771283,0.0050771283,0.0050771283,0.0050771283,0
1790475403,0.0050163697,0.0050163697,0.0050163697,0.0050163697,0
1790475703,0.0048781451,0.0048781451,0.0048781451,0.0048781451,0
1790476003,0.0048924423,0.0048924423,0.0048924423,0.0048924423,0
1790476303,0.0049265886,0.0049265886,0.0049265886,0.0049265886,0
1790476603,0.0049470166,0.0049470166,0.0049470166,0.0049470166,0
1790476903,0.0048380086,0.0048380086,0.0048380086,0.0048380086,0
1790477203,0.0047470618,0.0047470618,0.0047470618,0.0047470618,0
1790477503,0.0046421059,0.0046421059,0.0046421059,0.0046421059,0
1790477803,0.0046485928,0.0046485928,0.0046485928,0.0046485928,0
1790478103,0.0046328906,0.0046328906,0.0046328906,0.0046328906,0
1790478403,0.0046183035,0.0046183035,0.0046183035,0.0046183035,0
1790478703,0.0046743044,0.0046743044,0.0046743044,0.0046743044,0
1790479003,0.0047114772,0.0047114772,0.0047114772,0.0047114772,0
1790479303,0.0046514213,0.0046514213,0.0046514213,0.0046514213,0
1790479603,0.0045653093,0.0045653093,0.0045653093,0.0045653093,0
1790479903,0.0045221399,0.0045221399,0.0045221399,0.0045221399,0
1790480203,0.0045397188,0.0045397188,0.0045397188,0.0045397188,0
1790480503,0.0044152429,0.0044152429,0.0044152429,0.0044152429,0
1790480803,0.0043967606,0.0043967606,0.0043967606,0.0043967606,0
1790481103,0.0042648678,0.0042648678,0.0042648678,0.0042648678,0
1790481403,0.0041600301,0.0041600301,0.0041600301,0.0041600301,0
1790481703,0.0039828911,0.0039828911,0.0039828911,0.0039828911,0
1790482003,0.0038557705,0.0038557705,0.0038557705,0.0038557705,0
1790482303,0.0037845526,0.0037845526,0.0037845526,0.0037845526,0
1790482603,0.0037608307,0.0037608307,0.0037608307,0.0037608307,0
1790482903,0.0036765006,0.0036765006,0.0036765006,0.0036765006,0
1790483203,0.0035303292,0.0035303292,0.0035303292,0.0035303292,0
1790483503,0.003331084,0.003331084,0.003331084,0.003331084,0
1790483803,0.0031669177,0.0031669177,0.0031669177,0.0031669177,0
1790484103,0.003062805,0.003062805,0.003062805,0.003062805,0
1790484403,0.0029193898,0.0029193898,0.0029193898,0.0029193898,0
1790484703,0.0028062948,0.0028062948,0.0028062948,0.0028062948,0
1790485003,0.0027481381,0.0027481381,0.0027481381,0.0027481381,0
1790485303,0.0027201524,0.0027201524,0.0027201524,0.0027201524,0
1790485603,0.0026829207,0.0026829207,0.0026829207,0.0026829207,0
1790485903,0.0026917932,0.0026917932,0.0026917932,0.0026917932,0
1790486203,0.002656487,0.002656487,0.002656487,0.002656487,0
1790486503,0.0026544588,0.0026544588,0.0026544588,0.0026544588,0
1790486803,0.0026630123,0.0026630123,0.0026630123,0.0026630123,0
1790487103,0.0026494817,0.0026494817,0.0026494817,0.0026494817,0
1790487403,0.0026458585,0.0026458585,0.0026458585,0.0026458585,0
1790487703,0.0027436961,0.0027436961,0.0027436961,0.0027436961,0
1790488003,0.0027363988,0.0027363988,0.0027363988,0.0027363988,0
1790488303,0.0028073429,0.0028073429,0.0028073429,0.0028073429,0
1790488603,0.0027375778,0.0027375778,0.0027375778,0.0027375778,0
1790488903,0.0026505804,0.0026505804,0.0026505804,0.0026505804,0
1790489203,0.0026237162,0.0026237162,0.0026237162,0.0026237162,0
1790489503,0.0025196335,0.0025196335,0.0025196335,0.0025196335,0
1790489803,0.0023878127,0.0023878127,0.0023878127,0.0023878127,0
1790490103,0.0022300568,0.0022300568,0.0022300568,0.0022300568,0
1790490403,0.0021289881,0.0021289881,0.0021289881,0.0021289881,0
1790490703,0.0018595191,0.0018595191,0.0018595191,0.0018595191,0
1790491003,0.0017152349,0.0017152349,0.0017152349,0.0017152349,0
1790491303,0.0015565824,0.0015565824,0.0015565824,0.0015565824,0
1790491603,0.0014293249,0.0014293249,0.0014293249,0.0014293249,0
1790491903,0.0012989896,0.0012989896,0.0012989896,0.0012989896,0
1790492203,0.0011358519,0.0011358519,0.0011358519,0.0011358519,0
1790492503,0.0010255288,0.0010255288,0.0010255288,0.0010255288,0
1790492803,0.0009238045,0.0009238045,0.0009238045,0.0009238045,0
1790493103,0.0007874012,0.0007874012,0.0007874012,0.0007874012,0
1790493403,0.000655301,0.000655301,0.000655301,0.000655301,0
1790493703,0.0004853763,0.0004853763,0.0004853763,0.0004853763,0
1790494003,0.0003490679,0.0003490679,0.0003490679,0.0003490679,0
1790494303,0.0002905023,0.0002905023,0.0002905023,0.0002905023,0
1790494603,0.0001647282,0.0001647282,0.0001647282,0.0001647282,0
1790494903,0.0001348382,0.0001348382,0.0001348382,0.0001348382,0
1790495203,0.0000455807,0.0000455807,0.0000455807,0.0000455807,0
1790495503,-0.0000720635,-0.0000720635,-0.0000720635,-0.0000720635,0
1790495803,0.0000104293,0.0000104293,0.0000104293,0.0000104293,0
1790496103,0.0001003264,0.0001003264,0.0001003264,0.0001003264,0
1790496403,0.0001760334,0.0001760334,0.0001760334,0.0001760334,0
1790496703,0.0003600607,0.0003600607,0.0003600607,0.0003600607,0
1790497003,0.0004441472,0.0004441472,0.0004441472,0.0004441472,0
1790497303,0.000526843,0.000526843,0.000526843,0.000526843,0
1790497603,0.0006983232,0.0006983232,0.0006983232,0.0006983232,0
1790497903,0.0007665371,0.0007665371,0.0007665371,0.0007665371,0
1790498203,0.0008592332,0.0008592332,0.0008592332,0.0008592332,0
1790498503,0.0009313615,0.0009313615,0.0009313615,0.0009313615,0
1790498803,0.000983012,0.000983012,0.000983012,0.000983012,0
1790499103,0.0010427499,0.0010427499,0.0010427499,0.0010427499,0
1790499403,0.0010771698,0.0010771698,0.0010771698,0.0010771698,0
1790499703,0.0010722489,0.0010722489,0.0010722489,0.0010722489,0
1790500003,0.0010190602,0.0010190602,0.0010190602,0.0010190602,0
1790500303,0.0009875397,0.0009875397,0.0009875397,0.0009875397,0
1790500603,0.0010322027,0.0010322027,0.0010322027,0.0010322027,0
1790500903,0.0011159045,0.0011159045,0.0011159045,0.0011159045,0
1790501203,0.0012792409,0.0012792409,0.0012792409,0.0012792409,0
1790501503,0.0014681304,0.0014681304,0.0014681304,0.0014681304,0
1790501803,0.001488329,0.001488329,0.001488329,0.001488329,0
1790502103,0.001636857,0.001636857,0.001636857,0.001636857,0
1790502403,0.0018088113,0.0018088113,0.0018088113,0.0018088113,0
1790502703,0.0019116912,0.0019116912,0.0019116912,0.0019116912,0
1790503003,0.0020424613,0.0020424613,0.0020424613,0.0020424613,0
1790503303,0.0021057297,0.0021057297,0.0021057297,0.0021057297,0
1790503603,0.0021227413,0.0021227413,0.0021227413,0.0021227413,0
1790503903,0.0021077548,0.0021077548,0.0021077548,0.0021077548,0
1790504203,0.0021898698,0.0021898698,0.0021898698,0.0021898698,0
1790504503,0.0021990036,0.0021990036,0.0021990036,0.0021990036,0
1790504803,0.0022500126,0.0022500126,0.0022500126,0.0022500126,0
1790505103,0.0022797392,0.0022797392,0.0022797392,0.0022797392,0
1790505403,0.0023711994,0.0023711994,0.0023711994,0.0023711994,0
1790505703,0.0023880852,0.0023880852,0.0023880852,0.0023880852,0
1790506003,0.0023852652,0.0023852652,0.0023852652,0.0023852652,0
1790506303,0.0022989189,0.0022989189,0.0022989189,0.0022989189,0
1790506603,0.0021750152,0.0021750152,0.0021750152,0.0021750152,0
1790506903,0.0021976242,0.0021976242,0.0021976242,0.0021976242,0
1790507203,0.002216108,0.002216108,0.002216108,0.002216108,0
1790507503,0.0022693006,0.0022693006,0.0022693006,0.0022693006,0
1790507803,0.002254244,0.002254244,0.002254244,0.002254244,0
1790508103,0.0023017827,0.0023017827,0.0023017827,0.0023017827,0
1790508403,0.0023879102,0.0023879102,0.0023879102,0.0023879102,0
1790508703,0.0024074996,0.0024074996,0.0024074996,0.0024074996,0
1790509003,0.0024674386,0.0024674386,0.0024674386,0.0024674386,0
1790509303,0.0025315807,0.0025315807,0.0025315807,0.0025315807,0
1790509603,0.0026074561,0.0026074561,0.0026074561,0.0026074561,0
1790509903,0.0026781902,0.0026781902,0.0026781902,0.0026781902,0
1790510203,0.0027393837,0.0027393837,0.0027393837,0.0027393837,0
1790510503,0.0028510649,0.0028510649,0.0028510649,0.0028510649,0
1790510803,0.0030147495,0.0030147495,0.0030147495,0.0030147495,0
1790511103,0.0032421386,0.0032421386,0.0032421386,0.0032421386,0
1790511403,0.0033689691,0.0033689691,0.0033689691,0.0033689691,0
1790511703,0.0034147893,0.0034147893,0.0034147893,0.0034147893,0
1790512003,0.0033503367,0.0033503367,0.0033503367,0.0033503367,0
1790512303,0.0033198838,0.0033198838,0.0033198838,0.0033198838,0
1790512603,0.0033345082,0.0033345082,0.0033345082,0.0033345082,0
1790512903,0.0033219882,0.0033219882,0.0033219882,0.0033219882,0
1790513203,0.0031959285,0.0031959285,0.0031959285,0.0031959285,0
1790513503,0.0031745098,0.0031745098,0.0031745098,0.0031745098,0
1790513803,0.0030244706,0.0030244706,0.0030244706,0.0030244706,0
1790514103,0.0029394071,0.0029394071,0.0029394071,0.0029394071,0
1790514403,0.0029074997,0.0029074997,0.0029074997,0.0029074997,0
1790514703,0.0029054861,0.0029054861,0.0029054861,0.0029054861,0
1790515003,0.0027832464,0.0027832464,0.0027832464,0.0027832464,0
1790515303,0.0027234823,0.0027234823,0.0027234823,0.0027234823,0
1790515603,0.0026268476,0.0026268476,0.0026268476,0.0026268476,0
1790515903,0.0025966809,0.0025966809,0.0025966809,0.0025966809,0
1790516203,0.0025922799,0.0025922799,0.0025922799,0.0025922799,0
1790516503,0.0025625749,0.0025625749,0.0025625749,0.0025625749,0
1790516803,0.0024784106,0.0024784106,0.0024784106,0.0024784106,0
1790517103,0.002512135,0.002512135,0.002512135,0.002512135,0
1790517403,0.0025915451,0.0025915451,0.0025915451,0.0025915451,0
1790517703,0.0026998192,0.0026998192,0.0026998192,0.0026998192,0
1790518003,0.0027323424,0.0027323424,0.0027323424,0.0027323424,0
1790518303,0.0027432178,0.0027432178,0.0027432178,0.0027432178,0
1790518603,0.0027602399,0.0027602399,0.0027602399,0.0027602399,0
1790518903,0.0028494843,0.0028494843,0.0028494843,0.0028494843,0
1790519203,0.0027624806,0.0027624806,0.0027624806,0.0027624806,0
1790519503,0.0026497376,0.0026497376,0.0026497376,0.0026497376,0
1790519803,0.0026621809,0.0026621809,0.0026621809,0.0026621809,0
1790520103,0.0026169214,0.0026169214,0.0026169214,0.0026169214,0
1790520403,0.0025775059,0.0025775059,0.0025775059,0.0025775059,0
1790520703,0.0024199855,0.0024199855,0.0024199855,0.0024199855,0
1790521003,0.0023125631,0.0023125631,0.0023125631,0.0023125631,0
1790521303,0.0022391287,0.0022391287,0.0022391287,0.0022391287,0
1790521603,0.0022165824,0.0022165824,0.0022165824,0.0022165824,0
1790521903,0.0020326878,0.0020326878,0.0020326878,0.0020326878,0
1790522203,0.0019573197,0.0019573197,0.0019573197,0.0019573197,0
1790522503,0.0018157935,0.0018157935,0.0018157935,0.0018157935,0
1790522803,0.0016979958,0.0016979958,0.0016979958,0.0016979958,0
1790523103,0.0015180767,0.0015180767,0.0015180767,0.0015180767,0
1790523403,0.0013581533,0.0013581533,0.0013581533,0.0013581533,0
1790523703,0.0012541799,0.0012541799,0.0012541799,0.0012541799,0
1790524003,0.0011555311,0.0011555311,0.0011555311,0.0011555311,0
1790524303,0.0011383822,0.0011383822,0.0011383822,0.0011383822,0
1790524603,0.001138734,0.001138734,0.001138734,0.001138734,0
1790524903,0.0012064862,0.0012064862,0.0012064862,0.0012064862,0
1790525203,0.0012487096,0.0012487096,0.0012487096,0.0012487096,0
1790525503,0.0012286239,0.0012286239,0.0012286239,0.0012286239,0
1790525803,0.0012100467,0.0012100467,0.0012100467,0.0012100467,0
1790526103,0.0011228519,0.0011228519,0.0011228519,0.0011228519,0
1790526403,0.0010520987,0.0010520987,0.0010520987,0.0010520987,0
1790526703,0.0010798932,0.0010798932,0.0010798932,0.0010798932,0
1790527003,0.0010586053,0.0010586053,0.0010586053,0.0010586053,0
1790527303,0.0010502412,0.0010502412,0.0010502412,0.0010502412,0
1790527603,0.0010235057,0.0010235057,0.0010235057,0.0010235057,0
1790527903,0.0010963518,0.0010963518,0.0010963518,0.0010963518,0
1790528203,0.0011181135,0.0011181135,0.0011181135,0.0011181135,0
1790528503,0.0011390226,0.0011390226,0.0011390226,0.0011390226,0
1790528803,0.0012132136,0.0012132136,0.0012132136,0.0012132136,0
1790529103,0.0011879354,0.0011879354,0.0011879354,0.0011879354,0
1790529403,0.0011874839,0.0011874839,0.0011874839,0.0011874839,0
1790529703,0.001248687,0.001248687,0.001248687,0.001248687,0
1790530003,0.0012912152,0.0012912152,0.0012912152,0.0012912152,0
1790530303,0.0013143677,0.0013143677,0.0013143677,0.0013143677,0
1790530603,0.0013843594,0.0013843594,0.0013843594,0.0013843594,0
1790530903,0.0014263723,0.0014263723,0.0014263723,0.0014263723,0
1790531203,0.0013574064,0.0013574064,0.0013574064,0.0013574064,0
1790531503,0.001431381,0.001431381,0.001431381,0.001431381,0
1790531803,0.0014117512,0.0014117512,0.0014117512,0.0014117512,0
1790532103,0.0013668934,0.0013668934,0.0013668934,0.0013668934,0
1790532403,0.0012506712,0.0012506712,0.0012506712,0.0012506712,0
1790532703,0.0011295751,0.0011295751,0.0011295751,0.0011295751,0
1790533003,0.0010840597,0.0010840597,0.0010840597,0.0010840597,0
1790533303,0.0010579696,0.0010579696,0.0010579696,0.0010579696,0
1790533603,0.0010434757,0.0010434757,0.0010434757,0.0010434757,0
1790533903,0.0010145491,0.0010145491,0.0010145491,0.0010145491,0
1790534203,0.0010347872,0.0010347872,0.0010347872,0.0010347872,0
1790534503,0.0011566261,0.0011566261,0.0011566261,0.0011566261,0
1790534803,0.0013403133,0.0013403133,0.0013403133,0.0013403133,0
1790535103,0.0013718214,0.0013718214,0.0013718214,0.0013718214,0
1790535403,0.0014507353,0.0014507353,0.0014507353,0.0014507353,0
1790535703,0.0015397681,0.0015397681,0.0015397681,0.0015397681,0
1790536003,0.0015206164,0.0015206164,0.0015206164,0.0015206164,0
1790536303,0.0016209597,0.0016209597,0.0016209597,0.0016209597,0
1790536603,0.0017809719,0.0017809719,0.0017809719,0.0017809719,0
1790536903,0.0018441733,0.0018441733,0.0018441733,0.0018441733,0
1790537203,0.0018465711,0.0018465711,0.0018465711,0.0018465711,0
1790537503,0.0019296733,0.0019296733,0.0019296733,0.0019296733,0
1790537803,0.0019937442,0.0019937442,0.0019937442,0.0019937442,0
1790538103,0.0020185834,0.0020185834,0.0020185834,0.0020185834,0
1790538403,0.0020862829,0.0020862829,0.0020862829,0.0020862829,0
1790538703,0.0021811613,0.0021811613,0.0021811613,0.0021811613,0
1790539003,0.00219676,0.00219676,0.00219676,0.00219676,0
1790539303,0.0022557566,0.0022557566,0.0022557566,0.0022557566,0
1790539603,0.0023264647,0.0023264647,0.0023264647,0.0023264647,0
1790539903,0.0023280729,0.0023280729,0.0023280729,0.0023280729,0
1790540203,0.0024496803,0.0024496803,0.0024496803,0.0024496803,0
1790540503,0.0025274146,0.0025274146,0.0025274146,0.0025274146,0
1790540803,0.0025059962,0.0025059962,0.0025059962,0.0025059962,0
1790541103,0.0025914877,0.0025914877,0.0025914877,0.0025914877,0
1790541403,0.002641536,0.002641536,0.002641536,0.002641536,0
1790541703,0.0027711536,0.0027711536,0.0027711536,0.0027711536,0
1790542003,0.0029089373,0.0029089373,0.0029089373,0.0029089373,0
1790542303,0.0029394361,0.0029394361,0.0029394361,0.0029394361,0
1790542603,0.0030126572,0.0030126572,0.0030126572,0.0030126572,0
1790542903,0.0029621081,0.0029621081,0.0029621081,0.0029621081,0
1790543203,0.003000815,0.003000815,0.003000815,0.003000815,0
1790543503,0.0030545207,0.0030545207,0.0030545207,0.0030545207,0
1790543803,0.0030407172,0.0030407172,0.0030407172,0.0030407172,0
1790544103,0.0031196428,0.0031196428,0.0031196428,0.0031196428,0
1790544403,0.0032273808,0.0032273808,0.0032273808,0.0032273808,0
1790544703,0.0032587051,0.0032587051,0.0032587051,0.0032587051,0
1790545003,0.0032728997,0.0032728997,0.0032728997,0.0032728997,0
1790545303,0.0032483714,0.0032483714,0.0032483714,0.0032483714,0
1790545603,0.0032976409,0.0032976409,0.0032976409,0.0032976409,0
1790545903,0.003427319,0.003427319,0.003427319,0.003427319,0
1790546203,0.0035036135,0.0035036135,0.0035036135,0.0035036135,0
1790546503,0.0035799892,0.0035799892,0.0035799892,0.0035799892,0
1790546803,0.0035657676,0.0035657676,0.0035657676,0.0035657676,0
1790547103,0.0035615807,0.0035615807,0.0035615807,0.0035615807,0
1790547403,0.0034766881,0.0034766881,0.0034766881,0.0034766881,0
1790547703,0.0034858369,0.0034858369,0.0034858369,0.0034858369,0
1790548003,0.0034437912,0.0034437912,0.0034437912,0.0034437912,0
1790548303,0.0034684515,0.0034684515,0.0034684515,0.0034684515,0
1790548603,0.0034472634,0.0034472634,0.0034472634,0.0034472634,0
1790548903,0.0033321773,0.0033321773,0.0033321773,0.0033321773,0
1790549203,0.0031621818,0.0031621818,0.0031621818,0.0031621818,0
1790549503,0.0032152887,0.0032152887,0.0032152887,0.0032152887,0
1790549803,0.0033079698,0.0033079698,0.0033079698,0.0033079698,0
1790550103,0.0032520568,0.0032520568,0.0032520568,0.0032520568,0
1790550403,0.0031745001,0.0031745001,0.0031745001,0.0031745001,0
1790550703,0.0029642135,0.0029642135,0.0029642135,0.0029642135,0
1790551003,0.0028546292,0.0028546292,0.0028546292,0.0028546292,0
1790551303,0.0026469023,0.0026469023,0.0026469023,0.0026469023,0
1790551603,0.0025426415,0.0025426415,0.0025426415,0.0025426415,0
1790551903,0.0024758199,0.0024758199,0.0024758199,0.0024758199,0
1790552203,0.0023195804,0.0023195804,0.0023195804,0.0023195804,0
1790552503,0.0022476499,0.0022476499,0.0022476499,0.0022476499,0
1790552803,0.0021012526,0.0021012526,0.0021012526,0.0021012526,0
1790553103,0.0019776126,0.0019776126,0.0019776126,0.0019776126,0
1790553403,0.0018568704,0.0018568704,0.0018568704,0.0018568704,0
1790553703,0.0017913167,0.0017913167,0.0017913167,0.0017913167,0
1790554003,0.0017816116,0.0017816116,0.0017816116,0.0017816116,0
1790554303,0.0016664053,0.0016664053,0.0016664053,0.0016664053,0
1790554603,0.0015448648,0.0015448648,0.0015448648,0.0015448648,0
1790554903,0.0014637552,0.0014637552,0.0014637552,0.0014637552,0
1790555203,0.001497508,0.001497508,0.001497508,0.001497508,0
1790555503,0.0014398117,0.0014398117,0.0014398117,0.0014398117,0
1790555803,0.0012998839,0.0012998839,0.0012998839,0.0012998839,0
1790556103,0.001092795,0.001092795,0.001092795,0.001092795,0
1790556403,0.0009224863,0.0009224863,0.0009224863,0.0009224863,0
1790556703,0.0007319994,0.0007319994,0.0007319994,0.0007319994,0
1790557003,0.0005956565,0.0005956565,0.0005956565,0.0005956565,0
1790557303,0.0004137648,0.0004137648,0.0004137648,0.0004137648,0
1790557603,0.0003033434,0.0003033434,0.0003033434,0.0003033434,0
1790557903,0.0002847378,0.0002847378,0.0002847378,0.0002847378,0
1790558203,0.0002174785,0.0002174785,0.0002174785,0.0002174785,0
1790558503,0.0000814391,0.0000814391,0.0000814391,0.0000814391,0
1790558803,0.0000111534,0.0000111534,0.0000111534,0.0000111534,0
1790559103,-0.0000957895,-0.0000957895,-0.0000957895,-0.0000957895,0
1790559403,-0.0001557731,-0.0001557731,-0.0001557731,-0.0001557731,0
1790559703,-0.0002825967,-0.0002825967,-0.0002825967,-0.0002825967,0
1790560003,-0.0003954833,-0.0003954833,-0.0003954833,-0.0003954833,0
1790560303,-0.0004966217,-0.0004966217,-0.0004966217,-0.0004966217,0
1790560603,-0.0005992928,-0.0005992928,-0.0005992928,-0.0005992928,0
1790560903,-0.0006720003,-0.0006720003,-0.0006720003,-0.0006720003,0
1790561203,-0.0007509691,-0.0007509691,-0.0007509691,-0.0007509691,0
1790561503,-0.0007785674,-0.0007785674,-0.0007785674,-0.0007785674,0
1790561803,-0.0007892069,-0.0007892069,-0.0007892069,-0.0007892069,0
1790562103,-0.0008496927,-0.0008496927,-0.0008496927,-0.0008496927,0
1790562403,-0.000857121,-0.000857121,-0.000857121,-0.000857121,0
1790562703,-0.0009056577,-0.0009056577,-0.0009056577,-0.0009056577,0
1790563003,-0.0009827023,-0.0009827023,-0.0009827023,-0.0009827023,0
1790563303,-0.0010620384,-0.0010620384,-0.0010620384,-0.0010620384,0
1790563603,-0.0010664282,-0.0010664282,-0.0010664282,-0.0010664282,0
1790563903,-0.0011583815,-0.0011583815,-0.0011583815,-0.0011583815,0
1790564203,-0.0011761418,-0.0011761418,-0.0011761418,-0.0011761418,0
1790564503,-0.0012219981,-0.0012219981,-0.0012219981,-0.0012219981,0
1790564803,-0.0012347391,-0.0012347391,-0.0012347391,-0.0012347391,0
1790565103,-0.0012592305,-0.0012592305,-0.0012592305,-0.0012592305,0
1790565403,-0.0012361689,-0.0012361689,-0.0012361689,-0.0012361689,0
1790565703,-0.0012442201,-0.0012442201,-0.0012442201,-0.0012442201,0
1790566003,-0.0012645915,-0.0012645915,-0.0012645915,-0.0012645915,0
1790566303,-0.0011564041,-0.0011564041,-0.0011564041,-0.0011564041,0
1790566603,-0.0010882229,-0.0010882229,-0.0010882229,-0.0010882229,0
1790566903,-0.0009041457,-0.0009041457,-0.0009041457,-0.0009041457,0
1790567203,-0.0007750446,-0.0007750446,-0.0007750446,-0.0007750446,0
1790567503,-0.0006318708,-0.0006318708,-0.0006318708,-0.0006318708,0
1790567803,-0.0006175979,-0.0006175979,-0.0006175979,-0.0006175979,0
1790568103,-0.0006520268,-0.0006520268,-0.0006520268,-0.0006520268,0
1790568403,-0.000669077,-0.000669077,-0.000669077,-0.000669077,0
1790568703,-0.0006173565,-0.0006173565,-0.0006173565,-0.0006173565,0
1790569003,-0.0005535698,-0.0005535698,-0.0005535698,-0.0005535698,0
1790569303,-0.0004702206,-0.0004702206,-0.0004702206,-0.0004702206,0
1790569603,-0.0004725183,-0.0004725183,-0.0004725183,-0.0004725183,0
1790569903,-0.0004599047,-0.0004599047,-0.0004599047,-0.0004599047,0
1790570203,-0.0005079885,-0.0005079885,-0.0005079885,-0.0005079885,0
1790570503,-0.0005165793,-0.0005165793,-0.0005165793,-0.0005165793,0
1790570803,-0.0005405905,-0.0005405905,-0.0005405905,-0.0005405905,0
1790571103,-0.0005560551,-0.0005560551,-0.0005560551,-0.0005560551,0
1790571403,-0.0006148691,-0.0006148691,-0.0006148691,-0.0006148691,0
1790571703,-0.0006833748,-0.0006833748,-0.0006833748,-0.0006833748,0
1790572003,-0.0006923696,-0.0006923696,-0.0006923696,-0.0006923696,0
1790572303,-0.0006811954,-0.0006811954,-0.0006811954,-0.0006811954,0
1790572603,-0.0006314504,-0.0006314504,-0.0006314504,-0.0006314504,0
1790572903,-0.0005963934,-0.0005963934,-0.0005963934,-0.0005963934,0
1790573203,-0.000555779,-0.000555779,-0.000555779,-0.000555779,0
1790573503,-0.0005572448,-0.0005572448,-0.0005572448,-0.0005572448,0
1790573803,-0.0006493579,-0.0006493579,-0.0006493579,-0.0006493579,0
1790574103,-0.000763111,-0.000763111,-0.000763111,-0.000763111,0
1790574403,-0.0007426616,-0.0007426616,-0.0007426616,-0.0007426616,0
1790574703,-0.0007125307,-0.0007125307,-0.0007125307,-0.0007125307,0
1790575003,-0.0005946022,-0.0005946022,-0.0005946022,-0.0005946022,0
1790575303,-0.0005456356,-0.0005456356,-0.0005456356,-0.0005456356,0
1790575603,-0.0005123866,-0.0005123866,-0.0005123866,-0.0005123866,0
1790575903,-0.0004548166,-0.0004548166,-0.0004548166,-0.0004548166,0
1790576203,-0.0004535587,-0.0004535587,-0.0004535587,-0.0004535587,0
1790576503,-0.0003543943,-0.0003543943,-0.0003543943,-0.0003543943,0
1790576803,-0.000340367,-0.000340367,-0.000340367,-0.000340367,0
1790577103,-0.0002134137,-0.0002134137,-0.0002134137,-0.0002134137,0
1790577403,-0.0001530479,-0.0001530479,-0.0001530479,-0.0001530479,0
1790577703,-0.0001154744,-0.0001154744,-0.0001154744,-0.0001154744,0
1790578003,-0.0000186477,-0.0000186477,-0.0000186477,-0.0000186477,0
1790578303,0.0000661727,0.0000661727,0.0000661727,0.0000661727,0
1790578603,0.0001139902,0.0001139902,0.0001139902,0.0001139902,0
1790578903,0.0001735538,0.0001735538,0.0001735538,0.0001735538,0
1790579203,0.0002001286,0.0002001286,0.0002001286,0.0002001286,0
1790579503,0.0002228127,0.0002228127,0.0002228127,0.0002228127,0
1790579803,0.0002214108,0.0002214108,0.0002214108,0.0002214108,0
1790580103,0.0002730957,0.0002730957,0.0002730957,0.0002730957,0
1790580403,0.0002995994,0.0002995994,0.0002995994,0.0002995994,0
1790580703,0.000377355,0.000377355,0.000377355,0.000377355,0
1790581003,0.0004007756,0.0004007756,0.0004007756,0.0004007756,0
1790581303,0.0003567442,0.0003567442,0.0003567442,0.0003567442,0
1790581603,0.0003346916,0.0003346916,0.0003346916,0.0003346916,0
1790581903,0.0002030153,0.0002030153,0.0002030153,0.0002030153,0
1790582203,0.0000904516,0.0000904516,0.0000904516,0.0000904516,0
1790582503,-0.0000680133,-0.0000680133,-0.0000680133,-0.0000680133,0
1790582803,-0.0001243924,-0.0001243924,-0.0001243924,-0.0001243924,0
1790583103,-0.000258321,-0.000258321,-0.000258321,-0.000258321,0
1790583403,-0.0004050092,-0.0004050092,-0.0004050092,-0.0004050092,0
1790583703,-0.000514406,-0.000514406,-0.000514406,-0.000514406,0
1790584003,-0.0006682886,-0.0006682886,-0.0006682886,-0.0006682886,0
1790584303,-0.0006596208,-0.0006596208,-0.0006596208,-0.0006596208,0
1790584603,-0.0005781933,-0.0005781933,-0.0005781933,-0.0005781933,0
1790584903,-0.0004636657,-0.0004636657,-0.0004636657,-0.0004636657,0
1790585203,-0.0003988839,-0.0003988839,-0.0003988839,-0.0003988839,0
1790585503,-0.0002839422,-0.0002839422,-0.0002839422,-0.0002839422,0
1790585803,-0.0001536346,-0.0001536346,-0.0001536346,-0.0001536346,0
1790586103,0.0000765418,0.0000765418,0.0000765418,0.0000765418,0
1790586403,0.0002383302,0.0002383302,0.0002383302,0.0002383302,0
1790586703,0.0005141061,0.0005141061,0.0005141061,0.0005141061,0
1790587003,0.0007816609,0.0007816609,0.0007816609,0.0007816609,0
1790587303,0.0009668939,0.0009668939,0.0009668939,0.0009668939,0
1790587603,0.0012985153,0.0012985153,0.0012985153,0.0012985153,0
1790587903,0.0014922484,0.0014922484,0.0014922484,0.0014922484,0
1790588203,0.0017071056,0.0017071056,0.0017071056,0.0017071056,0
1790588503,0.0019765711,0.0019765711,0.0019765711,0.0019765711,0
1790588803,0.0022623563,0.0022623563,0.0022623563,0.0022623563,0
1790589103,0.0025087919,0.0025087919,0.0025087919,0.0025087919,0
1790589403,0.0027603995,0.0027603995,0.0027603995,0.0027603995,0
1790589703,0.0030170563,0.0030170563,0.0030170563,0.0030170563,0
1790590003,0.0032662631,0.0032662631,0.0032662631,0.0032662631,0
1790590303,0.0034358933,0.0034358933,0.0034358933,0.0034358933,0
1790590603,0.0037205853,0.0037205853,0.0037205853,0.0037205853,0
1790590903,0.0039575051,0.0039575051,0.0039575051,0.0039575051,0
1790591203,0.0041672582,0.0041672582,0.0041672582,0.0041672582,0
1790591503,0.0042986652,0.0042986652,0.0042986652,0.0042986652,0
1790591803,0.0044374276,0.0044374276,0.0044374276,0.0044374276,0
1790592103,0.0045966265,0.0045966265,0.0045966265,0.0045966265,0
1790592403,0.0047817681,0.0047817681,0.0047817681,0.0047817681,0
1790592703,0.0049933468,0.0049933468,0.0049933468,0.0049933468,0
1790593003,0.0052352331,0.0052352331,0.0052352331,0.0052352331,0
1790593303,0.0054679338,0.0054679338,0.0054679338,0.0054679338,0
1790593603,0.0056796079,0.0056796079,0.0056796079,0.0056796079,0
1790593903,0.0059321803,0.0059321803,0.0059321803,0.0059321803,0
1790594203,0.0060919307,0.0060919307,0.0060919307,0.0060919307,0
1790594503,0.006397193,0.006397193,0.006397193,0.006397193,0
1790594803,0.0066151283,0.0066151283,0.0066151283,0.0066151283,0
1790595103,0.0067857716,0.0067857716,0.0067857716,0.0067857716,0
1790595403,0.0069649432,0.0069649432,0.0069649432,0.0069649432,0
1790595703,0.007194287,0.007194287,0.007194287,0.007194287,0
1790596003,0.0073720371,0.0073720371,0.0073720371,0.0073720371,0
1790596303,0.0074606341,0.0074606341,0.0074606341,0.0074606341,0
1790596603,0.0076378572,0.0076378572,0.0076378572,0.0076378572,0
1790596903,0.0077554601,0.0077554601,0.0077554601,0.0077554601,0
1790597203,0.0079912704,0.0079912704,0.0079912704,0.0079912704,0
1790597503,0.0082325353,0.0082325353,0.0082325353,0.0082325353,0
1790597803,0.0083174737,0.0083174737,0.0083174737,0.0083174737,0
1790598103,0.0083295161,0.0083295161,0.0083295161,0.0083295161,0
1790598403,0.0084033136,0.0084033136,0.0084033136,0.0084033136,0
1790598703,0.0084173971,0.0084173971,0.0084173971,0.0084173971,0
1790599003,0.0083870895,0.0083870895,0.0083870895,0.0083870895,0
1790599303,0.0083483022,0.0083483022,0.0083483022,0.0083483022,0
1790599603,0.0083693821,0.0083693821,0.0083693821,0.0083693821,0
1790599903,0.0082794736,0.0082794736,0.0082794736,0.0082794736,0
1790600203,0.008284723,0.008284723,0.008284723,0.008284723,0
1790600503,0.0082267959,0.0082267959,0.0082267959,0.0082267959,0
1790600803,0.008200772,0.008200772,0.008200772,0.008200772,0
1790601103,0.0081470322,0.0081470322,0.0081470322,0.0081470322,0
1790601403,0.0081263172,0.0081263172,0.0081263172,0.0081263172,0
1790601703,0.0080503816,0.0080503816,0.0080503816,0.0080503816,0
1790602003,0.0079420703,0.0079420703,0.0079420703,0.0079420703,0
1790602303,0.0078055497,0.0078055497,0.0078055497,0.0078055497,0
1790602603,0.0077886128,0.0077886128,0.0077886128,0.0077886128,0
1790602903,0.0077808006,0.0077808006,0.0077808006,0.0077808006,0
1790603203,0.0077591109,0.0077591109,0.0077591109,0.0077591109,0
1790603503,0.0077351034,0.0077351034,0.0077351034,0.0077351034,0
1790603803,0.0077431242,0.0077431242,0.0077431242,0.0077431242,0
1790604103,0.0076697242,0.0076697242,0.0076697242,0.0076697242,0
1790604403,0.0076056155,0.0076056155,0.0076056155,0.0076056155,0
1790604703,0.0075567433,0.0075567433,0.0075567433,0.0075567433,0
1790605003,0.0073827353,0.0073827353,0.0073827353,0.0073827353,0
1790605303,0.0072279889,0.0072279889,0.0072279889,0.0072279889,0
1790605603,0.0071443851,0.0071443851,0.0071443851,0.0071443851,0
1790605903,0.0068969445,0.0068969445,0.0068969445,0.0068969445,0
1790606203,0.006802753,0.006802753,0.006802753,0.006802753,0
1790606503,0.0067021445,0.0067021445,0.0067021445,0.0067021445,0
1790606803,0.0066032374,0.0066032374,0.0066032374,0.0066032374,0
1790607103,0.0065294509,0.0065294509,0.0065294509,0.0065294509,0
1790607403,0.0065058496,0.0065058496,0.0065058496,0.0065058496,0
1790607703,0.006457745,0.006457745,0.006457745,0.006457745,0
1790608003,0.0063178656,0.0063178656,0.0063178656,0.0063178656,0
1790608303,0.0062125051,0.0062125051,0.0062125051,0.0062125051,0
1790608603,0.0060228217,0.0060228217,0.0060228217,0.0060228217,0
1790608903,0.0059317621,0.0059317621,0.0059317621,0.0059317621,0
1790609203,0.0058523944,0.0058523944,0.0058523944,0.0058523944,0
1790609503,0.0057888604,0.0057888604,0.0057888604,0.0057888604,0
1790609803,0.0057156758,0.0057156758,0.0057156758,0.0057156758,0
1790610103,0.0056157491,0.0056157491,0.0056157491,0.0056157491,0
1790610403,0.0055254333,0.0055254333,0.0055254333,0.0055254333,0
1790610703,0.0054085255,0.0054085255,0.0054085255,0.0054085255,0
1790611003,0.0052926858,0.0052926858,0.0052926858,0.0052926858,0
1790611303,0.0052288113,0.0052288113,0.0052288113,0.0052288113,0
1790611603,0.0050880595,0.0050880595,0.0050880595,0.0050880595,0
1790611903,0.0049661247,0.0049661247,0.0049661247,0.0049661247,0
1790612203,0.0048659769,0.0048659769,0.0048659769,0.0048659769,0
1790612503,0.0048566032,0.0048566032,0.0048566032,0.0048566032,0
1790612803,0.0048518079,0.0048518079,0.0048518079,0.0048518079,0
1790613103,0.0048798448,0.0048798448,0.0048798448,0.0048798448,0
1790613403,0.0049456644,0.0049456644,0.0049456644,0.0049456644,0
1790613703,0.0049742413,0.0049742413,0.0049742413,0.0049742413,0
1790614003,0.0050739299,0.0050739299,0.0050739299,0.0050739299,0
1790614303,0.0050935812,0.0050935812,0.0050935812,0.0050935812,0
1790614603,0.0049684385,0.0049684385,0.0049684385,0.0049684385,0
1790614903,0.0049149263,0.0049149263,0.0049149263,0.0049149263,0
1790615203,0.0049565464,0.0049565464,0.0049565464,0.0049565464,0
1790615503,0.0049486628,0.0049486628,0.0049486628,0.0049486628,0
1790615803,0.0050519572,0.0050519572,0.0050519572,0.0050519572,0
1790616103,0.0051303045,0.0051303045,0.0051303045,0.0051303045,0
1790616403,0.0051238118,0.0051238118,0.0051238118,0.0051238118,0
1790616703,0.0051426399,0.0051426399,0.0051426399,0.0051426399,0
1790617003,0.0050799156,0.0050799156,0.0050799156,0.0050799156,0
1790617303,0.0049422377,0.0049422377,0.0049422377,0.0049422377,0
1790617603,0.0049134659,0.0049134659,0.0049134659,0.0049134659,0
1790617903,0.0048310085,0.0048310085,0.0048310085,0.0048310085,0
1790618203,0.0047555623,0.0047555623,0.0047555623,0.0047555623,0
1790618503,0.0047049238,0.0047049238,0.0047049238,0.0047049238,0
1790618803,0.0047549238,0.0047549238,0.0047549238,0.0047549238,0
1790619103,0.0047511422,0.0047511422,0.0047511422,0.0047511422,0
1790619403,0.0047628053,0.0047628053,0.0047628053,0.0047628053,0
1790619703,0.0047445832,0.0047445832,0.0047445832,0.0047445832,0
1790620003,0.0047136633,0.0047136633,0.0047136633,0.0047136633,0
1790620303,0.0047354725,0.0047354725,0.0047354725,0.0047354725,0
1790620603,0.0046777289,0.0046777289,0.0046777289,0.0046777289,0
1790620903,0.0044982859,0.0044982859,0.0044982859,0.0044982859,0
1790621203,0.0044334469,0.0044334469,0.0044334469,0.0044334469,0
1790621503,0.004338347,0.004338347,0.004338347,0.004338347,0
1790621803,0.0042281681,0.0042281681,0.0042281681,0.0042281681,0
1790622103,0.0041207946,0.0041207946,0.0041207946,0.0041207946,0
1790622403,0.0039718589,0.0039718589,0.0039718589,0.0039718589,0
1790622703,0.0038963119,0.0038963119,0.0038963119,0.0038963119,0
1790623003,0.003852435,0.003852435,0.003852435,0.003852435,0
1790623303,0.0036925018,0.0036925018,0.0036925018,0.0036925018,0
1790623603,0.0036407296,0.0036407296,0.0036407296,0.0036407296,0
1790623903,0.0036568195,0.0036568195,0.0036568195,0.0036568195,0
1790624203,0.0035714339,0.0035714339,0.0035714339,0.0035714339,0
1790624503,0.0034174419,0.0034174419,0.0034174419,0.0034174419,0
1790624803,0.0032678714,0.0032678714,0.0032678714,0.0032678714,0
1790625103,0.0032559393,0.0032559393,0.0032559393,0.0032559393,0
1790625403,0.0031654464,0.0031654464,0.0031654464,0.0031654464,0
1790625703,0.0031233051,0.0031233051,0.0031233051,0.0031233051,0
1790626003,0.003088779,0.003088779,0.003088779,0.003088779,0
1790626303,0.0030907646,0.0030907646,0.0030907646,0.0030907646,0
1790626603,0.0031223693,0.0031223693,0.0031223693,0.0031223693,0
1790626903,0.0030562479,0.0030562479,0.0030562479,0.0030562479,0
1790627203,0.003025286,0.003025286,0.003025286,0.003025286,0
1790627503,0.0030319637,0.0030319637,0.0030319637,0.0030319637,0
1790627803,0.003018532,0.003018532,0.003018532,0.003018532,0
1790628103,0.0029933257,0.0029933257,0.0029933257,0.0029933257,0
1790628403,0.0029718449,0.0029718449,0.0029718449,0.0029718449,0
1790628703,0.0029448504,0.0029448504,0.0029448504,0.0029448504,0
1790629003,0.0028703899,0.0028703899,0.0028703899,0.0028703899,0
1790629303,0.0027574852,0.0027574852,0.0027574852,0.0027574852,0
1790629603,0.0027032813,0.0027032813,0.0027032813,0.0027032813,0
1790629903,0.002589245,0.002589245,0.002589245,0.002589245,0
1790630203,0.0025305048,0.0025305048,0.0025305048,0.0025305048,0
1790630503,0.0024119281,0.0024119281,0.0024119281,0.0024119281,0
1790630803,0.0022822278,0.0022822278,0.0022822278,0.0022822278,0
1790631103,0.0021250634,0.0021250634,0.0021250634,0.0021250634,0
1790631403,0.0020617376,0.0020617376,0.0020617376,0.0020617376,0
1790631703,0.002003393,0.002003393,0.002003393,0.002003393,0
1790632003,0.0019013771,0.0019013771,0.0019013771,0.0019013771,0
1790632303,0.0018928165,0.0018928165,0.0018928165,0.0018928165,0
1790632603,0.0017103506,0.0017103506,0.0017103506,0.0017103506,0
1790632903,0.0015888511,0.0015888511,0.0015888511,0.0015888511,0
1790633203,0.0014934464,0.0014934464,0.0014934464,0.0014934464,0
1790633503,0.0013943604,0.0013943604,0.0013943604,0.0013943604,0
1790633803,0.0012942525,0.0012942525,0.0012942525,0.0012942525,0
1790634103,0.0012653694,0.0012653694,0.0012653694,0.0012653694,0
1790634403,0.0012283284,0.0012283284,0.0012283284,0.0012283284,0
1790634703,0.0011213576,0.0011213576,0.0011213576,0.0011213576,0
1790635003,0.0010902129,0.0010902129,0.0010902129,0.0010902129,0
1790635303,0.0010950081,0.0010950081,0.0010950081,0.0010950081,0
1790635603,0.00111794,0.00111794,0.00111794,0.00111794,0
1790635903,0.0012114333,0.0012114333,0.0012114333,0.0012114333,0
1790636203,0.0013680024,0.0013680024,0.0013680024,0.0013680024,0
1790636503,0.001505733,0.001505733,0.001505733,0.001505733,0
1790636803,0.0015710975,0.0015710975,0.0015710975,0.0015710975,0
1790637103,0.0015650799,0.0015650799,0.0015650799,0.0015650799,0
1790637403,0.0014617898,0.0014617898,0.0014617898,0.0014617898,0
1790637703,0.0014910709,0.0014910709,0.0014910709,0.0014910709,0
1790638003,0.0014818777,0.0014818777,0.0014818777,0.0014818777,0
1790638303,0.0015867118,0.0015867118,0.0015867118,0.0015867118,0
1790638603,0.0017003616,0.0017003616,0.0017003616,0.0017003616,0
1790638903,0.0018196536,0.0018196536,0.0018196536,0.0018196536,0
1790639203,0.0018424045,0.0018424045,0.0018424045,0.0018424045,0
1790639503,0.0019131954,0.0019131954,0.0019131954,0.0019131954,0
1790639803,0.0020120437,0.0020120437,0.0020120437,0.0020120437,0
1790640103,0.0020250272,0.0020250272,0.0020250272,0.0020250272,0
1790640403,0.0021627929,0.0021627929,0.0021627929,0.0021627929,0
1790640703,0.0022780093,0.0022780093,0.0022780093,0.0022780093,0
1790641003,0.0023813183,0.0023813183,0.0023813183,0.0023813183,0
1790641303,0.0024314382,0.0024314382,0.0024314382,0.0024314382,0
1790641603,0.0024572633,0.0024572633,0.0024572633,0.0024572633,0
1790641903,0.0025041387,0.0025041387,0.0025041387,0.0025041387,0
1790642203,0.0025021161,0.0025021161,0.0025021161,0.0025021161,0
1790642503,0.0025678626,0.0025678626,0.0025678626,0.0025678626,0
1790642803,0.0026348282,0.0026348282,0.0026348282,0.0026348282,0
1790643103,0.002546489,0.002546489,0.002546489,0.002546489,0
1790643403,0.0025399452,0.0025399452,0.0025399452,0.0025399452,0
1790643703,0.0024909937,0.0024909937,0.0024909937,0.0024909937,0
1790644003,0.0024725321,0.0024725321,0.0024725321,0.0024725321,0
1790644303,0.0025095458,0.0025095458,0.0025095458,0.0025095458,0
1790644603,0.0025404382,0.0025404382,0.0025404382,0.0025404382,0
1790644903,0.0023920245,0.0023920245,0.0023920245,0.0023920245,0
1790645203,0.0023578854,0.0023578854,0.0023578854,0.0023578854,0
1790645503,0.0022809098,0.0022809098,0.0022809098,0.0022809098,0
1790645803,0.0021755147,0.0021755147,0.0021755147,0.0021755147,0
1790646103,0.0020878446,0.0020878446,0.0020878446,0.0020878446,0
1790646403,0.0020233023,0.0020233023,0.0020233023,0.0020233023,0
1790646703,0.0019764996,0.0019764996,0.0019764996,0.0019764996,0
1790647003,0.0020167775,0.0020167775,0.0020167775,0.0020167775,0
1790647303,0.002021833,0.002021833,0.002021833,0.002021833,0
1790647603,0.0020340913,0.0020340913,0.0020340913,0.0020340913,0
1790647903,0.0020397489,0.0020397489,0.0020397489,0.0020397489,0
1790648203,0.0020063648,0.0020063648,0.0020063648,0.0020063648,0
1790648503,0.0020322914,0.0020322914,0.0020322914,0.0020322914,0
1790648803,0.0020628987,0.0020628987,0.0020628987,0.0020628987,0
1790649103,0.0021176049,0.0021176049,0.0021176049,0.0021176049,0
1790649403,0.0021324384,0.0021324384,0.0021324384,0.0021324384,0
1790649703,0.002229209,0.002229209,0.002229209,0.002229209,0
1790650003,0.0023495311,0.0023495311,0.0023495311,0.0023495311,0
1790650303,0.0024066533,0.0024066533,0.0024066533,0.0024066533,0
1790650603,0.0024609379,0.0024609379,0.0024609379,0.0024609379,0
1790650903,0.0024671527,0.0024671527,0.0024671527,0.0024671527,0
1790651203,0.0026294193,0.0026294193,0.0026294193,0.0026294193,0
1790651503,0.0027730605,0.0027730605,0.0027730605,0.0027730605,0
1790651803,0.00290837,0.00290837,0.00290837,0.00290837,0
1790652103,0.0030120175,0.0030120175,0.0030120175,0.0030120175,0
1790652403,0.0032002363,0.0032002363,0.0032002363,0.0032002363,0
1790652703,0.0033919394,0.0033919394,0.0033919394,0.0033919394,0
1790653003,0.0035248529,0.0035248529,0.0035248529,0.0035248529,0
1790653303,0.0035935835,0.0035935835,0.0035935835,0.0035935835,0
1790653603,0.0036619697,0.0036619697,0.0036619697,0.0036619697,0
1790653903,0.0037131364,0.0037131364,0.0037131364,0.0037131364,0
1790654203,0.0037538782,0.0037538782,0.0037538782,0.0037538782,0
1790654503,0.0037931009,0.0037931009,0.0037931009,0.0037931009,0
1790654803,0.0038876045,0.0038876045,0.0038876045,0.0038876045,0
1790655103,0.0038557308,0.0038557308,0.0038557308,0.0038557308,0
1790655403,0.0039213515,0.0039213515,0.0039213515,0.0039213515,0
1790655703,0.004017529,0.004017529,0.004017529,0.004017529,0
1790656003,0.0040667232,0.0040667232,0.0040667232,0.0040667232,0
1790656303,0.0041316246,0.0041316246,0.0041316246,0.0041316246,0
1790656603,0.0041091988,0.0041091988,0.0041091988,0.0041091988,0
1790656903,0.0041367281,0.0041367281,0.0041367281,0.0041367281,0
1790657203,0.0040912295,0.0040912295,0.0040912295,0.0040912295,0
1790657503,0.0039684757,0.0039684757,0.0039684757,0.0039684757,0
1790657803,0.0039043692,0.0039043692,0.0039043692,0.0039043692,0
1790658103,0.0037996015,0.0037996015,0.0037996015,0.0037996015,0
1790658403,0.0037718776,0.0037718776,0.0037718776,0.0037718776,0
1790658703,0.0037519497,0.0037519497,0.0037519497,0.0037519497,0
1790659003,0.0037733078,0.0037733078,0.0037733078,0.0037733078,0
1790659303,0.0037328579,0.0037328579,0.0037328579,0.0037328579,0
1790659603,0.0036787995,0.0036787995,0.0036787995,0.0036787995,0
1790659903,0.0036547448,0.0036547448,0.0036547448,0.0036547448,0
1790660203,0.0035721275,0.0035721275,0.0035721275,0.0035721275,0
1790660503,0.0034476773,0.0034476773,0.0034476773,0.0034476773,0
1790660803,0.0034185769,0.0034185769,0.0034185769,0.0034185769,0
1790661103,0.0033249177,0.0033249177,0.0033249177,0.0033249177,0
1790661403,0.0033311173,0.0033311173,0.0033311173,0.0033311173,0
1790661703,0.0033804876,0.0033804876,0.0033804876,0.0033804876,0
1790662003,0.0034420724,0.0034420724,0.0034420724,0.0034420724,0
1790662303,0.003509644,0.003509644,0.003509644,0.003509644,0
1790662603,0.0035889334,0.0035889334,0.0035889334,0.0035889334,0
1790662903,0.0036163973,0.0036163973,0.0036163973,0.0036163973,0
1790663203,0.0036905832,0.0036905832,0.0036905832,0.0036905832,0
1790663503,0.0037185128,0.0037185128,0.0037185128,0.0037185128,0
1790663803,0.0038705965,0.0038705965,0.0038705965,0.0038705965,0
1790664103,0.0039638463,0.0039638463,0.0039638463,0.0039638463,0
1790664403,0.0041282995,0.0041282995,0.0041282995,0.0041282995,0
1790664703,0.0042287081,0.0042287081,0.0042287081,0.0042287081,0
1790665003,0.0043078553,0.0043078553,0.0043078553,0.0043078553,0
1790665303,0.0043785057,0.0043785057,0.0043785057,0.0043785057,0
1790665603,0.0044276644,0.0044276644,0.0044276644,0.0044276644,0
1790665903,0.0044276419,0.0044276419,0.0044276419,0.0044276419,0
1790666203,0.0043739231,0.0043739231,0.0043739231,0.0043739231,0
1790666503,0.0043698475,0.0043698475,0.0043698475,0.0043698475,0
1790666803,0.004307578,0.004307578,0.004307578,0.004307578,0
1790667103,0.0042094307,0.0042094307,0.0042094307,0.0042094307,0
1790667403,0.0042476714,0.0042476714,0.0042476714,0.0042476714,0
1790667703,0.004322912,0.004322912,0.004322912,0.004322912,0
1790668003,0.0043344862,0.0043344862,0.0043344862,0.0043344862,0
1790668303,0.0043217582,0.0043217582,0.0043217582,0.0043217582,0
1790668603,0.0043473896,0.0043473896,0.0043473896,0.0043473896,0
1790668903,0.004488326,0.004488326,0.004488326,0.004488326,0
1790669203,0.0046120201,0.0046120201,0.0046120201,0.0046120201,0
1790669503,0.0047308958,0.0047308958,0.0047308958,0.0047308958,0
1790669803,0.0048111816,0.0048111816,0.0048111816,0.0048111816,0
1790670103,0.0049243531,0.0049243531,0.0049243531,0.0049243531,0
1790670403,0.0050295475,0.0050295475,0.0050295475,0.0050295475,0
1790670703,0.0050655148,0.0050655148,0.0050655148,0.0050655148,0
1790671003,0.0051255796,0.0051255796,0.0051255796,0.0051255796,0
1790671303,0.005150344,0.005150344,0.005150344,0.005150344,0
1790671603,0.0052077427,0.0052077427,0.0052077427,0.0052077427,0
1790671903,0.0053334557,0.0053334557,0.0053334557,0.0053334557,0
1790672203,0.0053852831,0.0053852831,0.0053852831,0.0053852831,0
1790672503,0.0054293083,0.0054293083,0.0054293083,0.0054293083,0
1790672803,0.0054439601,0.0054439601,0.0054439601,0.0054439601,0
1790673103,0.0055173468,0.0055173468,0.0055173468,0.0055173468,0
1790673403,0.0056604353,0.0056604353,0.0056604353,0.0056604353,0
1790673703,0.0058100197,0.0058100197,0.0058100197,0.0058100197,0
1790674003,0.0060030281,0.0060030281,0.0060030281,0.0060030281,0
1790674303,0.0060825585,0.0060825585,0.0060825585,0.0060825585,0
1790674603,0.0061205937,0.0061205937,0.0061205937,0.0061205937,0
1790674903,0.0061163978,0.0061163978,0.0061163978,0.0061163978,0
1790675203,0.0060161433,0.0060161433,0.0060161433,0.0060161433,0
1790675503,0.0058938692,0.0058938692,0.0058938692,0.0058938692,0
1790675803,0.0057918895,0.0057918895,0.0057918895,0.0057918895,0
1790676103,0.0056390228,0.0056390228,0.0056390228,0.0056390228,0
1790676403,0.0055508986,0.0055508986,0.0055508986,0.0055508986,0
1790676703,0.0054430766,0.0054430766,0.0054430766,0.0054430766,0
1790677003,0.0053317321,0.0053317321,0.0053317321,0.0053317321,0
1790677303,0.0053000439,0.0053000439,0.0053000439,0.0053000439,0
1790677603,0.0053641043,0.0053641043,0.0053641043,0.0053641043,0
1790677903,0.0054067661,0.0054067661,0.0054067661,0.0054067661,0
1790678203,0.0053258043,0.0053258043,0.0053258043,0.0053258043,0
1790678503,0.0051964374,0.0051964374,0.0051964374,0.0051964374,0
1790678803,0.0050857954,0.0050857954,0.0050857954,0.0050857954,0
1790679103,0.005008271,0.005008271,0.005008271,0.005008271,0
1790679403,0.0049327146,0.0049327146,0.0049327146,0.0049327146,0
1790679703,0.0048675023,0.0048675023,0.0048675023,0.0048675023,0
1790680003,0.0047013027,0.0047013027,0.0047013027,0.0047013027,0
1790680303,0.0046864723,0.0046864723,0.0046864723,0.0046864723,0
1790680603,0.0046222256,0.0046222256,0.0046222256,0.0046222256,0
1790680903,0.0045322449,0.0045322449,0.0045322449,0.0045322449,0
1790681203,0.004441493,0.004441493,0.004441493,0.004441493,0
1790681503,0.0043584546,0.0043584546,0.0043584546,0.0043584546,0
1790681803,0.0043546649,0.0043546649,0.0043546649,0.0043546649,0
1790682103,0.0042716576,0.0042716576,0.0042716576,0.0042716576,0
1790682403,0.0042409207,0.0042409207,0.0042409207,0.0042409207,0
1790682703,0.0042536902,0.0042536902,0.0042536902,0.0042536902,0
1790683003,0.0041773654,0.0041773654,0.0041773654,0.0041773654,0
1790683303,0.004151554,0.004151554,0.004151554,0.004151554,0
1790683603,0.0040701514,0.0040701514,0.0040701514,0.0040701514,0
1790683903,0.0040388722,0.0040388722,0.0040388722,0.0040388722,0
1790684203,0.004006426,0.004006426,0.004006426,0.004006426,0
1790684503,0.0041122612,0.0041122612,0.0041122612,0.0041122612,0
1790684803,0.0040424284,0.0040424284,0.0040424284,0.0040424284,0
1790685103,0.0039996708,0.0039996708,0.0039996708,0.0039996708,0
1790685403,0.0039639108,0.0039639108,0.0039639108,0.0039639108,0
1790685703,0.0039322743,0.0039322743,0.0039322743,0.0039322743,0
1790686003,0.003832549,0.003832549,0.003832549,0.003832549,0
1790686303,0.0036416938,0.0036416938,0.0036416938,0.0036416938,0
1790686603,0.0035064382,0.0035064382,0.0035064382,0.0035064382,0
1790686903,0.0033484222,0.0033484222,0.0033484222,0.0033484222,0
1790687203,0.0031757163,0.0031757163,0.0031757163,0.0031757163,0
1790687503,0.0030424764,0.0030424764,0.0030424764,0.0030424764,0
1790687803,0.0028689301,0.0028689301,0.0028689301,0.0028689301,0
1790688103,0.0027349465,0.0027349465,0.0027349465,0.0027349465,0
1790688403,0.0025833127,0.0025833127,0.0025833127,0.0025833127,0
1790688703,0.0023912783,0.0023912783,0.0023912783,0.0023912783,0
1790689003,0.0022236708,0.0022236708,0.0022236708,0.0022236708,0
1790689303,0.0021026419,0.0021026419,0.0021026419,0.0021026419,0
1790689603,0.0019482439,0.0019482439,0.0019482439,0.0019482439,0
1790689903,0.0017619511,0.0017619511,0.0017619511,0.0017619511,0
1790690203,0.0016319154,0.0016319154,0.0016319154,0.0016319154,0
1790690503,0.0014735014,0.0014735014,0.0014735014,0.0014735014,0
1790690803,0.0013362728,0.0013362728,0.0013362728,0.0013362728,0
1790691103,0.0012205418,0.0012205418,0.0012205418,0.0012205418,0
1790691403,0.0010329634,0.0010329634,0.0010329634,0.0010329634,0
1790691703,0.0008828881,0.0008828881,0.0008828881,0.0008828881,0
1790692003,0.0007584181,0.0007584181,0.0007584181,0.0007584181,0
1790692303,0.0006093986,0.0006093986,0.0006093986,0.0006093986,0
1790692603,0.0005417383,0.0005417383,0.0005417383,0.0005417383,0
1790692903,0.0004863928,0.0004863928,0.0004863928,0.0004863928,0
1790693203,0.0004389524,0.0004389524,0.0004389524,0.0004389524,0
1790693503,0.0004131357,0.0004131357,0.0004131357,0.0004131357,0
1790693803,0.0003191882,0.0003191882,0.0003191882,0.0003191882,0
1790694103,0.0002512677,0.0002512677,0.0002512677,0.0002512677,0
1790694403,0.0001868276,0.0001868276,0.0001868276,0.0001868276,0
1790694703,0.0002643206,0.0002643206,0.0002643206,0.0002643206,0
1790695003,0.0002947201,0.0002947201,0.0002947201,0.0002947201,0
1790695303,0.0003643925,0.0003643925,0.0003643925,0.0003643925,0
1790695603,0.0004202541,0.0004202541,0.0004202541,0.0004202541,0
1790695903,0.0005053321,0.0005053321,0.0005053321,0.0005053321,0
1790696203,0.0005409672,0.0005409672,0.0005409672,0.0005409672,0
1790696503,0.0004433609,0.0004433609,0.0004433609,0.0004433609,0
1790696803,0.0003592255,0.0003592255,0.0003592255,0.0003592255,0
1790697103,0.0002271617,0.0002271617,0.0002271617,0.0002271617,0
1790697403,0.0002617657,0.0002617657,0.0002617657,0.0002617657,0
1790697703,0.0002997654,0.0002997654,0.0002997654,0.0002997654,0
1790698003,0.0002860066,0.0002860066,0.0002860066,0.0002860066,0
1790698303,0.0003678632,0.0003678632,0.0003678632,0.0003678632,0
1790698603,0.000543268,0.000543268,0.000543268,0.000543268,0
1790698903,0.0006266847,0.0006266847,0.0006266847,0.0006266847,0
1790699203,0.0007261109,0.0007261109,0.0007261109,0.0007261109,0
1790699503,0.0007974346,0.0007974346,0.0007974346,0.0007974346,0
1790699803,0.0008741756,0.0008741756,0.0008741756,0.0008741756,0
1790700103,0.0009301303,0.0009301303,0.0009301303,0.0009301303,0
1790700403,0.0009471563,0.0009471563,0.0009471563,0.0009471563,0
1790700703,0.0009373177,0.0009373177,0.0009373177,0.0009373177,0
1790701003,0.0009769416,0.0009769416,0.0009769416,0.0009769416,0
1790701303,0.0010407032,0.0010407032,0.0010407032,0.0010407032,0
1790701603,0.0011990962,0.0011990962,0.0011990962,0.0011990962,0
1790701903,0.0012621375,0.0012621375,0.0012621375,0.0012621375,0
1790702203,0.0013202065,0.0013202065,0.0013202065,0.0013202065,0
1790702503,0.0014352074,0.0014352074,0.0014352074,0.0014352074,0
1790702803,0.0015177415,0.0015177415,0.0015177415,0.0015177415,0
1790703103,0.0015080113,0.0015080113,0.0015080113,0.0015080113,0
1790703403,0.0015121936,0.0015121936,0.0015121936,0.0015121936,0
1790703703,0.0015707178,0.0015707178,0.0015707178,0.0015707178,0
1790704003,0.0015684044,0.0015684044,0.0015684044,0.0015684044,0
1790704303,0.0015514912,0.0015514912,0.0015514912,0.0015514912,0
1790704603,0.0015611586,0.0015611586,0.0015611586,0.0015611586,0
1790704903,0.0014257901,0.0014257901,0.0014257901,0.0014257901,0
1790705203,0.0016288584,0.0016288584,0.0016288584,0.0016288584,0
1790705503,0.001764824,0.001764824,0.001764824,0.001764824,0
1790705803,0.00187339,0.00187339,0.00187339,0.00187339,0
1790706103,0.0020011996,0.0020011996,0.0020011996,0.0020011996,0
1790706403,0.0021682903,0.0021682903,0.0021682903,0.0021682903,0
1790706703,0.0023286813,0.0023286813,0.0023286813,0.0023286813,0
1790707003,0.0025104171,0.0025104171,0.0025104171,0.0025104171,0
1790707303,0.0026131036,0.0026131036,0.0026131036,0.0026131036,0
1790707603,0.0028817221,0.0028817221,0.0028817221,0.0028817221,0
1790707903,0.0030864599,0.0030864599,0.0030864599,0.0030864599,0
1790708203,0.0032905902,0.0032905902,0.0032905902,0.0032905902,0
1790708503,0.0034941244,0.0034941244,0.0034941244,0.0034941244,0
1790708803,0.0036674025,0.0036674025,0.0036674025,0.0036674025,0
1790709103,0.0038238973,0.0038238973,0.0038238973,0.0038238973,0
1790709403,0.0039487373,0.0039487373,0.0039487373,0.0039487373,0
1790709703,0.0041498475,0.0041498475,0.0041498475,0.0041498475,0
1790710003,0.0042866453,0.0042866453,0.0042866453,0.0042866453,0
1790710303,0.0044690946,0.0044690946,0.0044690946,0.0044690946,0
1790710603,0.0046663837,0.0046663837,0.0046663837,0.0046663837,0
1790710903,0.004810917,0.004810917,0.004810917,0.004810917,0
1790711203,0.0050241839,0.0050241839,0.0050241839,0.0050241839,0
1790711503,0.0051063737,0.0051063737,0.0051063737,0.0051063737,0
1790711803,0.0051687789,0.0051687789,0.0051687789,0.0051687789,0
1790712103,0.0051720888,0.0051720888,0.0051720888,0.0051720888,0
1790712403,0.0052437503,0.0052437503,0.0052437503,0.0052437503,0
1790712703,0.0053365069,0.0053365069,0.0053365069,0.0053365069,0
1790713003,0.0053462463,0.0053462463,0.0053462463,0.0053462463,0
1790713303,0.0054692489,0.0054692489,0.0054692489,0.0054692489,0
1790713603,0.0055811134,0.0055811134,0.0055811134,0.0055811134,0
1790713903,0.0056562431,0.0056562431,0.0056562431,0.0056562431,0
1790714203,0.0057185762,0.0057185762,0.0057185762,0.0057185762,0
1790714503,0.005810198,0.005810198,0.005810198,0.005810198,0
1790714803,0.0059020399,0.0059020399,0.0059020399,0.0059020399,0
1790715103,0.0060080172,0.0060080172,0.0060080172,0.0060080172,0
1790715403,0.0060974417,0.0060974417,0.0060974417,0.0060974417,0
1790715703,0.0061648451,0.0061648451,0.0061648451,0.0061648451,0
1790716003,0.0061571726,0.0061571726,0.0061571726,0.0061571726,0
1790716303,0.0060824436,0.0060824436,0.0060824436,0.0060824436,0
1790716603,0.0060875807,0.0060875807,0.0060875807,0.0060875807,0
1790716903,0.0060151497,0.0060151497,0.0060151497,0.0060151497,0
1790717203,0.0059352924,0.0059352924,0.0059352924,0.0059352924,0
1790717503,0.0058516754,0.0058516754,0.0058516754,0.0058516754,0
1790717803,0.0057934852,0.0057934852,0.0057934852,0.0057934852,0
1790718103,0.0057739495,0.0057739495,0.0057739495,0.0057739495,0
1790718403,0.0056522404,0.0056522404,0.0056522404,0.0056522404,0
1790718703,0.0055308668,0.0055308668,0.0055308668,0.0055308668,0
1790719003,0.0055429816,0.0055429816,0.0055429816,0.0055429816,0
1790719303,0.0056104556,0.0056104556,0.0056104556,0.0056104556,0
1790719603,0.0056369271,0.0056369271,0.0056369271,0.0056369271,0
1790719903,0.0055335317,0.0055335317,0.0055335317,0.0055335317,0
1790720203,0.005522242,0.005522242,0.005522242,0.005522242,0
1790720503,0.0055136328,0.0055136328,0.0055136328,0.0055136328,0
1790720803,0.0053998112,0.0053998112,0.0053998112,0.0053998112,0
1790721103,0.0053419879,0.0053419879,0.0053419879,0.0053419879,0
1790721403,0.0052926328,0.0052926328,0.0052926328,0.0052926328,0
1790721703,0.0052692228,0.0052692228,0.0052692228,0.0052692228,0
1790722003,0.0052741205,0.0052741205,0.0052741205,0.0052741205,0
1790722303,0.0052101688,0.0052101688,0.0052101688,0.0052101688,0
1790722603,0.0052200095,0.0052200095,0.0052200095,0.0052200095,0
1790722903,0.005132903,0.005132903,0.005132903,0.005132903,0
1790723203,0.0051054257,0.0051054257,0.0051054257,0.0051054257,0
1790723503,0.0050966747,0.0050966747,0.0050966747,0.0050966747,0
1790723803,0.0051183296,0.0051183296,0.0051183296,0.0051183296,0
1790724103,0.0051269401,0.0051269401,0.0051269401,0.0051269401,0
1790724403,0.0050453223,0.0050453223,0.0050453223,0.0050453223,0
1790724703,0.0049967911,0.0049967911,0.0049967911,0.0049967911,0
1790725003,0.0048848645,0.0048848645,0.0048848645,0.0048848645,0
1790725303,0.0047896797,0.0047896797,0.0047896797,0.0047896797,0
1790725603,0.00463038,0.00463038,0.00463038,0.00463038,0
1790725903,0.0045353578,0.0045353578,0.0045353578,0.0045353578,0
1790726203,0.0044076989,0.0044076989,0.0044076989,0.0044076989,0
1790726503,0.0042614525,0.0042614525,0.0042614525,0.0042614525,0
1790726803,0.0042401792,0.0042401792,0.0042401792,0.0042401792,0
1790727103,0.0040992337,0.0040992337,0.0040992337,0.0040992337,0
1790727403,0.0039482184,0.0039482184,0.0039482184,0.0039482184,0
1790727703,0.0038352775,0.0038352775,0.0038352775,0.0038352775,0
1790728003,0.0037461397,0.0037461397,0.0037461397,0.0037461397,0
1790728303,0.0036140696,0.0036140696,0.0036140696,0.0036140696,0
1790728603,0.0034824039,0.0034824039,0.0034824039,0.0034824039,0
1790728903,0.0033745235,0.0033745235,0.0033745235,0.0033745235,0
1790729203,0.0032926581,0.0032926581,0.0032926581,0.0032926581,0
1790729503,0.0032024889,0.0032024889,0.0032024889,0.0032024889,0
1790729803,0.0031579,0.0031579,0.0031579,0.0031579,0
1790730103,0.0031346201,0.0031346201,0.0031346201,0.0031346201,0
1790730403,0.0030803441,0.0030803441,0.0030803441,0.0030803441,0
1790730703,0.0029596611,0.0029596611,0.0029596611,0.0029596611,0
1790731003,0.0030206956,0.0030206956,0.0030206956,0.0030206956,0
1790731303,0.0031265622,0.0031265622,0.0031265622,0.0031265622,0
1790731603,0.0031864924,0.0031864924,0.0031864924,0.0031864924,0
1790731903,0.0031810423,0.0031810423,0.0031810423,0.0031810423,0
1790732203,0.0032056408,0.0032056408,0.0032056408,0.0032056408,0
1790732503,0.0032661358,0.0032661358,0.0032661358,0.0032661358,0
1790732803,0.0033094667,0.0033094667,0.0033094667,0.0033094667,0
1790733103,0.0033994272,0.0033994272,0.0033994272,0.0033994272,0
1790733403,0.0034844072,0.0034844072,0.0034844072,0.0034844072,0
1790733703,0.0035205556,0.0035205556,0.0035205556,0.0035205556,0
1790734003,0.0035095641,0.0035095641,0.0035095641,0.0035095641,0
1790734303,0.0034289365,0.0034289365,0.0034289365,0.0034289365,0
1790734603,0.0032845538,0.0032845538,0.0032845538,0.0032845538,0
1790734903,0.003190867,0.003190867,0.003190867,0.003190867,0
1790735203,0.0032129348,0.0032129348,0.0032129348,0.0032129348,0
1790735503,0.003175975,0.003175975,0.003175975,0.003175975,0
1790735803,0.0031362476,0.0031362476,0.0031362476,0.0031362476,0
1790736103,0.0030464969,0.0030464969,0.0030464969,0.0030464969,0
1790736403,0.0030415799,0.0030415799,0.0030415799,0.0030415799,0
1790736703,0.0030767013,0.0030767013,0.0030767013,0.0030767013,0
1790737003,0.0029732359,0.0029732359,0.0029732359,0.0029732359,0
1790737303,0.0029498028,0.0029498028,0.0029498028,0.0029498028,0
1790737603,0.0029039625,0.0029039625,0.0029039625,0.0029039625,0
1790737903,0.0027878957,0.0027878957,0.0027878957,0.0027878957,0
1790738203,0.0026404574,0.0026404574,0.0026404574,0.0026404574,0
1790738503,0.0025453592,0.0025453592,0.0025453592,0.0025453592,0
1790738803,0.0024885004,0.0024885004,0.0024885004,0.0024885004,0
1790739103,0.0024697989,0.0024697989,0.0024697989,0.0024697989,0
1790739403,0.0023894602,0.0023894602,0.0023894602,0.0023894602,0
1790739703,0.0023625871,0.0023625871,0.0023625871,0.0023625871,0
1790740003,0.0023142562,0.0023142562,0.0023142562,0.0023142562,0
1790740303,0.0022506812,0.0022506812,0.0022506812,0.0022506812,0
1790740603,0.0022073485,0.0022073485,0.0022073485,0.0022073485,0
1790740903,0.0022683889,0.0022683889,0.0022683889,0.0022683889,0
1790741203,0.0023212715,0.0023212715,0.0023212715,0.0023212715,0
1790741503,0.0023524895,0.0023524895,0.0023524895,0.0023524895,0
1790741803,0.0023073363,0.0023073363,0.0023073363,0.0023073363,0
1790742103,0.0022467899,0.0022467899,0.0022467899,0.0022467899,0
1790742403,0.0021898671,0.0021898671,0.0021898671,0.0021898671,0
1790742703,0.0021304217,0.0021304217,0.0021304217,0.0021304217,0
1790743003,0.0020033543,0.0020033543,0.0020033543,0.0020033543,0
1790743303,0.0018988446,0.0018988446,0.0018988446,0.0018988446,0
1790743603,0.0019059654,0.0019059654,0.0019059654,0.0019059654,0
1790743903,0.0019725885,0.0019725885,0.0019725885,0.0019725885,0
1790744203,0.0019659885,0.0019659885,0.0019659885,0.0019659885,0
1790744503,0.0020311794,0.0020311794,0.0020311794,0.0020311794,0
1790744803,0.0020085404,0.0020085404,0.0020085404,0.0020085404,0
1790745103,0.0020094239,0.0020094239,0.0020094239,0.0020094239,0
1790745403,0.0018421424,0.0018421424,0.0018421424,0.0018421424,0
1790745703,0.0017950657,0.0017950657,0.0017950657,0.0017950657,0
1790746003,0.001795349,0.001795349,0.001795349,0.001795349,0
1790746303,0.0017880191,0.0017880191,0.0017880191,0.0017880191,0
1790746603,0.0017801009,0.0017801009,0.0017801009,0.0017801009,0
1790746903,0.0017804681,0.0017804681,0.0017804681,0.0017804681,0
1790747203,0.001726007,0.001726007,0.001726007,0.001726007,0
1790747503,0.0016875477,0.0016875477,0.0016875477,0.0016875477,0
1790747803,0.0016162413,0.0016162413,0.0016162413,0.0016162413,0
1790748103,0.0015073582,0.0015073582,0.0015073582,0.0015073582,0
1790748403,0.0014063955,0.0014063955,0.0014063955,0.0014063955,0
1790748703,0.0012957058,0.0012957058,0.0012957058,0.0012957058,0
1790749003,0.0011497354,0.0011497354,0.0011497354,0.0011497354,0
1790749303,0.0010234455,0.0010234455,0.0010234455,0.0010234455,0
1790749603,0.0008773702,0.0008773702,0.0008773702,0.0008773702,0
1790749903,0.0007469738,0.0007469738,0.0007469738,0.0007469738,0
1790750203,0.0007676455,0.0007676455,0.0007676455,0.0007676455,0
1790750503,0.0006234249,0.0006234249,0.0006234249,0.0006234249,0
1790750803,0.0005935702,0.0005935702,0.0005935702,0.0005935702,0
1790751103,0.0004190274,0.0004190274,0.0004190274,0.0004190274,0
1790751403,0.0002586724,0.0002586724,0.0002586724,0.0002586724,0
1790751703,0.0001757673,0.0001757673,0.0001757673,0.0001757673,0
1790752003,0.0001254465,0.0001254465,0.0001254465,0.0001254465,0
1790752303,0.000032821,0.000032821,0.000032821,0.000032821,0
1790752603,0.0000201239,0.0000201239,0.0000201239,0.0000201239,0
1790752903,-0.0000171295,-0.0000171295,-0.0000171295,-0.0000171295,0
1790753203,-0.0000185665,-0.0000185665,-0.0000185665,-0.0000185665,0
1790753503,-0.0000586631,-0.0000586631,-0.0000586631,-0.0000586631,0
1790753803,-0.0001934715,-0.0001934715,-0.0001934715,-0.0001934715,0
1790754103,-0.0003134675,-0.0003134675,-0.0003134675,-0.0003134675,0
1790754403,-0.000449207,-0.000449207,-0.000449207,-0.000449207,0
1790754703,-0.0005689249,-0.0005689249,-0.0005689249,-0.0005689249,0
1790755003,-0.0006918104,-0.0006918104,-0.0006918104,-0.0006918104,0
1790755303,-0.0008467638,-0.0008467638,-0.0008467638,-0.0008467638,0
1790755603,-0.0009891321,-0.0009891321,-0.0009891321,-0.0009891321,0
1790755903,-0.0012454287,-0.0012454287,-0.0012454287,-0.0012454287,0
1790756203,-0.001447399,-0.001447399,-0.001447399,-0.001447399,0
1790756503,-0.0015739144,-0.0015739144,-0.0015739144,-0.0015739144,0
1790756803,-0.0017154433,-0.0017154433,-0.0017154433,-0.0017154433,0
1790757103,-0.0017077929,-0.0017077929,-0.0017077929,-0.0017077929,0
1790757403,-0.0017618575,-0.0017618575,-0.0017618575,-0.0017618575,0
1790757703,-0.0018430449,-0.0018430449,-0.0018430449,-0.0018430449,0
1790758003,-0.0018109937,-0.0018109937,-0.0018109937,-0.0018109937,0
1790758303,-0.0017884499,-0.0017884499,-0.0017884499,-0.0017884499,0
1790758603,-0.0018799982,-0.0018799982,-0.0018799982,-0.0018799982,0
1790758903,-0.0019053914,-0.0019053914,-0.0019053914,-0.0019053914,0
1790759203,-0.0020248414,-0.0020248414,-0.0020248414,-0.0020248414,0
1790759503,-0.0020401434,-0.0020401434,-0.0020401434,-0.0020401434,0
1790759803,-0.0020648254,-0.0020648254,-0.0020648254,-0.0020648254,0
1790760103,-0.002040886,-0.002040886,-0.002040886,-0.002040886,0
1790760403,-0.0019647782,-0.0019647782,-0.0019647782,-0.0019647782,0
1790760703,-0.0018994683,-0.0018994683,-0.0018994683,-0.0018994683,0
1790761003,-0.0016978752,-0.0016978752,-0.0016978752,-0.0016978752,0
1790761303,-0.0015259899,-0.0015259899,-0.0015259899,-0.0015259899,0
1790761603,-0.0013488203,-0.0013488203,-0.0013488203,-0.0013488203,0
1790761903,-0.0012064785,-0.0012064785,-0.0012064785,-0.0012064785,0
1790762203,-0.0011502585,-0.0011502585,-0.0011502585,-0.0011502585,0
1790762503,-0.0010500826,-0.0010500826,-0.0010500826,-0.0010500826,0
1790762803,-0.0008931363,-0.0008931363,-0.0008931363,-0.0008931363,0
1790763103,-0.0006528881,-0.0006528881,-0.0006528881,-0.0006528881,0
1790763403,-0.0004484889,-0.0004484889,-0.0004484889,-0.0004484889,0
1790763703,-0.0002081065,-0.0002081065,-0.0002081065,-0.0002081065,0
1790764003,0.0000331745,0.0000331745,0.0000331745,0.0000331745,0
1790764303,0.0002795178,0.0002795178,0.0002795178,0.0002795178,0
1790764603,0.0005026399,0.0005026399,0.0005026399,0.0005026399,0
1790764903,0.0007060495,0.0007060495,0.0007060495,0.0007060495,0
1790765203,0.0008252701,0.0008252701,0.0008252701,0.0008252701,0
1790765503,0.0009956245,0.0009956245,0.0009956245,0.0009956245,0
1790765803,0.0011595915,0.0011595915,0.0011595915,0.0011595915,0
1790766103,0.0012794465,0.0012794465,0.0012794465,0.0012794465,0
1790766403,0.0015227112,0.0015227112,0.0015227112,0.0015227112,0
1790766703,0.0017683202,0.0017683202,0.0017683202,0.0017683202,0
1790767003,0.0020996599,0.0020996599,0.0020996599,0.0020996599,0
1790767303,0.0024455952,0.0024455952,0.0024455952,0.0024455952,0
1790767603,0.0027092399,0.0027092399,0.0027092399,0.0027092399,0
1790767903,0.0029533442,0.0029533442,0.0029533442,0.0029533442,0
1790768203,0.0031437854,0.0031437854,0.0031437854,0.0031437854,0
1790768503,0.0033251796,0.0033251796,0.0033251796,0.0033251796,0
1790768803,0.0034752152,0.0034752152,0.0034752152,0.0034752152,0
1790769103,0.0036163831,0.0036163831,0.0036163831,0.0036163831,0
1790769403,0.0037702613,0.0037702613,0.0037702613,0.0037702613,0
1790769703,0.0038881072,0.0038881072,0.0038881072,0.0038881072,0
1790770003,0.0041201662,0.0041201662,0.0041201662,0.0041201662,0
1790770303,0.0043282746,0.0043282746,0.0043282746,0.0043282746,0
1790770603,0.0044852454,0.0044852454,0.0044852454,0.0044852454,0
1790770903,0.0047004362,0.0047004362,0.0047004362,0.0047004362,0
1790771203,0.0049277883,0.0049277883,0.0049277883,0.0049277883,0
1790771503,0.0050555179,0.0050555179,0.0050555179,0.0050555179,0
1790771803,0.0055750959,0.0055750959,0.0055750959,0.0055750959,0
1790772103,0.0058833123,0.0058833123,0.0058833123,0.0058833123,0
1790772403,0.0062738936,0.0062738936,0.0062738936,0.0062738936,0
1790772703,0.0065967712,0.0065967712,0.0065967712,0.0065967712,0
1790773003,0.006821182,0.006821182,0.006821182,0.006821182,0
1790773303,0.0070302105,0.0070302105,0.0070302105,0.0070302105,0
1790773603,0.0072818823,0.0072818823,0.0072818823,0.0072818823,0
1790773903,0.0074215069,0.0074215069,0.0074215069,0.0074215069,0
1790774203,0.0075370237,0.0075370237,0.0075370237,0.0075370237,0
1790774503,0.007722615,0.007722615,0.007722615,0.007722615,0
1790774803,0.0078907912,0.0078907912,0.0078907912,0.0078907912,0
1790775103,0.0079277694,0.0079277694,0.0079277694,0.0079277694,0
1790775403,0.0079935125,0.0079935125,0.0079935125,0.0079935125,0
1790775703,0.0078768132,0.0078768132,0.0078768132,0.0078768132,0
1790776003,0.0076707494,0.0076707494,0.0076707494,0.0076707494,0
1790776303,0.0076099284,0.0076099284,0.0076099284,0.0076099284,0
1790776603,0.0075385138,0.0075385138,0.0075385138,0.0075385138,0
1790776903,0.0075318842,0.0075318842,0.0075318842,0.0075318842,0
1790777203,0.007552974,0.007552974,0.007552974,0.007552974,0
1790777503,0.0073824594,0.0073824594,0.0073824594,0.0073824594,0
1790777803,0.0072401012,0.0072401012,0.0072401012,0.0072401012,0
1790778103,0.0070599579,0.0070599579,0.0070599579,0.0070599579,0
1790778403,0.0069069093,0.0069069093,0.0069069093,0.0069069093,0
1790778703,0.0067689708,0.0067689708,0.0067689708,0.0067689708,0
1790779003,0.0065126434,0.0065126434,0.0065126434,0.0065126434,0
1790779303,0.0062475625,0.0062475625,0.0062475625,0.0062475625,0
1790779603,0.0060619825,0.0060619825,0.0060619825,0.0060619825,0
1790779903,0.0059761503,0.0059761503,0.0059761503,0.0059761503,0
1790780203,0.0057881726,0.0057881726,0.0057881726,0.0057881726,0
1790780503,0.0057960978,0.0057960978,0.0057960978,0.0057960978,0
1790780803,0.0058126468,0.0058126468,0.0058126468,0.0058126468,0
1790781103,0.0058824299,0.0058824299,0.0058824299,0.0058824299,0
1790781403,0.0059063617,0.0059063617,0.0059063617,0.0059063617,0
1790781703,0.0060559137,0.0060559137,0.0060559137,0.0060559137,0
1790782003,0.0060964914,0.0060964914,0.0060964914,0.0060964914,0
1790782303,0.0061163787,0.0061163787,0.0061163787,0.0061163787,0
1790782603,0.0062856025,0.0062856025,0.0062856025,0.0062856025,0
1790782903,0.0064018969,0.0064018969,0.0064018969,0.0064018969,0
1790783203,0.0065259056,0.0065259056,0.0065259056,0.0065259056,0
1790783503,0.0067083112,0.0067083112,0.0067083112,0.0067083112,0
1790783803,0.0067820986,0.0067820986,0.0067820986,0.0067820986,0
1790784103,0.0069121819,0.0069121819,0.0069121819,0.0069121819,0
1790784403,0.0070471388,0.0070471388,0.0070471388,0.0070471388,0
1790784703,0.0071889713,0.0071889713,0.0071889713,0.0071889713,0
1790785003,0.0073406109,0.0073406109,0.0073406109,0.0073406109,0
1790785303,0.0074067683,0.0074067683,0.0074067683,0.0074067683,0
1790785603,0.007534136,0.007534136,0.007534136,0.007534136,0
1790785903,0.0075639434,0.0075639434,0.0075639434,0.0075639434,0
1790786203,0.0075209342,0.0075209342,0.0075209342,0.0075209342,0
1790786503,0.007589143,0.007589143,0.007589143,0.007589143,0
1790786803,0.007697395,0.007697395,0.007697395,0.007697395,0
1790787103,0.0077293364,0.0077293364,0.0077293364,0.0077293364,0
1790787403,0.0078303319,0.0078303319,0.0078303319,0.0078303319,0
1790787703,0.0079836496,0.0079836496,0.0079836496,0.0079836496,0
1790788003,0.0080169358,0.0080169358,0.0080169358,0.0080169358,0
1790788303,0.0080932718,0.0080932718,0.0080932718,0.0080932718,0
1790788603,0.008129753,0.008129753,0.008129753,0.008129753,0
1790788903,0.0081623658,0.0081623658,0.0081623658,0.0081623658,0
1790789203,0.0083471834,0.0083471834,0.0083471834,0.0083471834,0
1790789503,0.0084263335,0.0084263335,0.0084263335,0.0084263335,0
1790789803,0.0084714632,0.0084714632,0.0084714632,0.0084714632,0
1790790103,0.0085990626,0.0085990626,0.0085990626,0.0085990626,0
1790790403,0.0087439806,0.0087439806,0.0087439806,0.0087439806,0
1790790703,0.0088719649,0.0088719649,0.0088719649,0.0088719649,0
1790791003,0.0089004013,0.0089004013,0.0089004013,0.0089004013,0
1790791303,0.0089683661,0.0089683661,0.0089683661,0.0089683661,0
1790791603,0.0090562181,0.0090562181,0.0090562181,0.0090562181,0
1790791903,0.0091762037,0.0091762037,0.0091762037,0.0091762037,0
1790792203,0.0093244666,0.0093244666,0.0093244666,0.0093244666,0
1790792503,0.0095063095,0.0095063095,0.0095063095,0.0095063095,0
1790792803,0.0096607825,0.0096607825,0.0096607825,0.0096607825,0
1790793103,0.0097724622,0.0097724622,0.0097724622,0.0097724622,0
1790793403,0.0099080501,0.0099080501,0.0099080501,0.0099080501,0
1790793703,0.01,0.01,0.01,0.01,0
1790794003,0.01,0.01,0.01,0.01,0
1790794303,0.01,0.01,0.01,0.01,0
1790794603,0.01,0.01,0.01,0.01,0
1790794903,0.01,0.01,0.01,0.01,0
1790795203,0.01,0.01,0.01,0.01,0
1790795503,0.01,0.01,0.01,0.01,0
1790795803,0.01,0.01,0.01,0.01,0
1790796103,0.01,0.01,0.01,0.01,0
1790796403,0.01,0.01,0.01,0.01,0
1790796703,0.01,0.01,0.01,0.01,0
1790797003,0.01,0.01,0.01,0.01,0
1790797303,0.01,0.01,0.01,0.01,0
1790797603,0.01,0.01,0.01,0.01,0
1790797903,0.01,0.01,0.01,0.01,0
1790798203,0.01,0.01,0.01,0.01,0
1790798503,0.01,0.01,0.01,0.01,0
1790798803,0.01,0.01,0.01,0.01,0
1790799103,0.01,0.01,0.01,0.01,0
1790799403,0.01,0.01,0.01,0.01,0
1790799703,0.01,0.01,0.01,0.01,0
1790800003,0.01,0.01,0.01,0.01,0
1790800303,0.01,0.01,0.01,0.01,0
1790800603,0.01,0.01,0.01,0.01,0
1790800903,0.01,0.01,0.01,0.01,0
1790801203,0.01,0.01,0.01,0.01,0
1790801503,0.01,0.01,0.01,0.01,0
1790801803,0.01,0.01,0.01,0.01,0
1790802103,0.01,0.01,0.01,0.01,0
1790802403,0.01,0.01,0.01,0.01,0
1790802703,0.01,0.01,0.01,0.01,0
1790803003,0.01,0.01,0.01,0.01,0
1790803303,0.01,0.01,0.01,0.01,0
1790803603,0.01,0.01,0.01,0.01,0
1790803903,0.01,0.01,0.01,0.01,0
1790804203,0.01,0.01,0.01,0.01,0
1790804503,0.01,0.01,0.01,0.01,0
1790804803,0.0099990464,0.0099990464,0.0099990464,0.0099990464,0
1790805103,0.0099491438,0.0099491438,0.0099491438,0.0099491438,0
1790805403,0.0097701957,0.0097701957,0.0097701957,0.0097701957,0
1790805703,0.0096693273,0.0096693273,0.0096693273,0.0096693273,0
1790806003,0.0096176747,0.0096176747,0.0096176747,0.0096176747,0
1790806303,0.0095916499,0.0095916499,0.0095916499,0.0095916499,0
1790806603,0.0095342574,0.0095342574,0.0095342574,0.0095342574,0
1790806903,0.0095155026,0.0095155026,0.0095155026,0.0095155026,0
1790807203,0.0094843716,0.0094843716,0.0094843716,0.0094843716,0
1790807503,0.0094308807,0.0094308807,0.0094308807,0.0094308807,0
1790807803,0.0093621403,0.0093621403,0.0093621403,0.0093621403,0
1790808103,0.0092087748,0.0092087748,0.0092087748,0.0092087748,0
1790808403,0.0091207649,0.0091207649,0.0091207649,0.0091207649,0
1790808703,0.0089894775,0.0089894775,0.0089894775,0.0089894775,0
1790809003,0.0088678836,0.0088678836,0.0088678836,0.0088678836,0
1790809303,0.0088305403,0.0088305403,0.0088305403,0.0088305403,0
1790809603,0.0087257342,0.0087257342,0.0087257342,0.0087257342,0
1790809903,0.0085858998,0.0085858998,0.0085858998,0.0085858998,0
1790810203,0.0084493781,0.0084493781,0.0084493781,0.0084493781,0
1790810503,0.0083604511,0.0083604511,0.0083604511,0.0083604511,0
1790810803,0.0082608096,0.0082608096,0.0082608096,0.0082608096,0
1790811103,0.0081716154,0.0081716154,0.0081716154,0.0081716154,0
1790811403,0.0079892372,0.0079892372,0.0079892372,0.0079892372,0
1790811703,0.0078411281,0.0078411281,0.0078411281,0.0078411281,0
1790812003,0.0077609282,0.0077609282,0.0077609282,0.0077609282,0
1790812303,0.0076739938,0.0076739938,0.0076739938,0.0076739938,0
1790812603,0.0074826647,0.0074826647,0.0074826647,0.0074826647,0
1790812903,0.0072826233,0.0072826233,0.0072826233,0.0072826233,0
1790813203,0.0071795768,0.0071795768,0.0071795768,0.0071795768,0
1790813503,0.0070607228,0.0070607228,0.0070607228,0.0070607228,0
1790813803,0.0068461989,0.0068461989,0.0068461989,0.0068461989,0
1790814103,0.006718035,0.006718035,0.006718035,0.006718035,0
1790814403,0.0065551159,0.0065551159,0.0065551159,0.0065551159,0
1790814703,0.0064306099,0.0064306099,0.0064306099,0.0064306099,0
1790815003,0.0063316813,0.0063316813,0.0063316813,0.0063316813,0
1790815303,0.0060820286,0.0060820286,0.0060820286,0.0060820286,0
1790815603,0.0059548015,0.0059548015,0.0059548015,0.0059548015,0
1790815903,0.0056705799,0.0056705799,0.0056705799,0.0056705799,0
1790816203,0.0054515186,0.0054515186,0.0054515186,0.0054515186,0
1790816503,0.0052834997,0.0052834997,0.0052834997,0.0052834997,0
1790816803,0.0051327193,0.0051327193,0.0051327193,0.0051327193,0
1790817103,0.0049365711,0.0049365711,0.0049365711,0.0049365711,0
1790817403,0.004786941,0.004786941,0.004786941,0.004786941,0
1790817703,0.0046238921,0.0046238921,0.0046238921,0.0046238921,0
1790818003,0.00453957,0.00453957,0.00453957,0.00453957,0
1790818303,0.0043565269,0.0043565269,0.0043565269,0.0043565269,0
1790818603,0.0041927411,0.0041927411,0.0041927411,0.0041927411,0
1790818903,0.0040057863,0.0040057863,0.0040057863,0.0040057863,0
1790819203,0.0039242027,0.0039242027,0.0039242027,0.0039242027,0
1790819503,0.0037554528,0.0037554528,0.0037554528,0.0037554528,0
1790819803,0.0035595967,0.0035595967,0.0035595967,0.0035595967,0
1790820103,0.0034304859,0.0034304859,0.0034304859,0.0034304859,0
1790820403,0.0033870415,0.0033870415,0.0033870415,0.0033870415,0
1790820703,0.0032234921,0.0032234921,0.0032234921,0.0032234921,0
1790821003,0.0030954986,0.0030954986,0.0030954986,0.0030954986,0
1790821303,0.0029088202,0.0029088202,0.0029088202,0.0029088202,0
1790821603,0.0027600225,0.0027600225,0.0027600225,0.0027600225,0
1790821903,0.0026517979,0.0026517979,0.0026517979,0.0026517979,0
1790822203,0.0024905303,0.0024905303,0.0024905303,0.0024905303,0
1790822503,0.0023267934,0.0023267934,0.0023267934,0.0023267934,0
1790822803,0.0022120426,0.0022120426,0.0022120426,0.0022120426,0
1790823103,0.002136959,0.002136959,0.002136959,0.002136959,0
1790823403,0.0021581809,0.0021581809,0.0021581809,0.0021581809,0
1790823703,0.002078568,0.002078568,0.002078568,0.002078568,0
1790824003,0.0019436473,0.0019436473,0.0019436473,0.0019436473,0
1790824303,0.001872162,0.001872162,0.001872162,0.001872162,0
1790824603,0.0018336554,0.0018336554,0.0018336554,0.0018336554,0
1790824903,0.0018338732,0.0018338732,0.0018338732,0.0018338732,0
1790825203,0.0018240849,0.0018240849,0.0018240849,0.0018240849,0
1790825503,0.001787975,0.001787975,0.001787975,0.001787975,0
1790825803,0.001757952,0.001757952,0.001757952,0.001757952,0
1790826103,0.0018069575,0.0018069575,0.0018069575,0.0018069575,0
1790826403,0.0018099615,0.0018099615,0.0018099615,0.0018099615,0
1790826703,0.0018096392,0.0018096392,0.0018096392,0.0018096392,0
1790827003,0.001888624,0.001888624,0.001888624,0.001888624,0
1790827303,0.0019075042,0.0019075042,0.0019075042,0.0019075042,0
1790827603,0.001890328,0.001890328,0.001890328,0.001890328,0
1790827903,0.0019117988,0.0019117988,0.0019117988,0.0019117988,0
1790828203,0.0019119193,0.0019119193,0.0019119193,0.0019119193,0
1790828503,0.0019181267,0.0019181267,0.0019181267,0.0019181267,0
1790828803,0.0019980355,0.0019980355,0.0019980355,0.0019980355,0
1790829103,0.0020942427,0.0020942427,0.0020942427,0.0020942427,0
1790829403,0.0020870878,0.0020870878,0.0020870878,0.0020870878,0
1790829703,0.0020567486,0.0020567486,0.0020567486,0.0020567486,0
1790830003,0.0020186267,0.0020186267,0.0020186267,0.0020186267,0
1790830303,0.0020389537,0.0020389537,0.0020389537,0.0020389537,0
1790830603,0.0020513584,0.0020513584,0.0020513584,0.0020513584,0
1790830903,0.0020565268,0.0020565268,0.0020565268,0.0020565268,0
1790831203,0.0020697932,0.0020697932,0.0020697932,0.0020697932,0
1790831503,0.0021749532,0.0021749532,0.0021749532,0.0021749532,0
1790831803,0.0022106047,0.0022106047,0.0022106047,0.0022106047,0
1790832103,0.0022289257,0.0022289257,0.0022289257,0.0022289257,0
1790832403,0.0022537789,0.0022537789,0.0022537789,0.0022537789,0
1790832703,0.0022865135,0.0022865135,0.0022865135,0.0022865135,0
1790833003,0.0023181126,0.0023181126,0.0023181126,0.0023181126,0
1790833303,0.0024559462,0.0024559462,0.0024559462,0.0024559462,0
1790833603,0.00254396,0.00254396,0.00254396,0.00254396,0
1790833903,0.0027504956,0.0027504956,0.0027504956,0.0027504956,0
1790834203,0.0028898601,0.0028898601,0.0028898601,0.0028898601,0
1790834503,0.0029085949,0.0029085949,0.0029085949,0.0029085949,0
1790834803,0.0029450192,0.0029450192,0.0029450192,0.0029450192,0
1790835103,0.0030329642,0.0030329642,0.0030329642,0.0030329642,0
1790835403,0.0030431181,0.0030431181,0.0030431181,0.0030431181,0
1790835703,0.0030017604,0.0030017604,0.0030017604,0.0030017604,0
1790836003,0.0029447302,0.0029447302,0.0029447302,0.0029447302,0
1790836303,0.0030062578,0.0030062578,0.0030062578,0.0030062578,0
1790836603,0.0030492643,0.0030492643,0.0030492643,0.0030492643,0
1790836903,0.0031669537,0.0031669537,0.0031669537,0.0031669537,0
1790837203,0.0032564727,0.0032564727,0.0032564727,0.0032564727,0
1790837503,0.0034334146,0.0034334146,0.0034334146,0.0034334146,0
1790837803,0.0035440394,0.0035440394,0.0035440394,0.0035440394,0
1790838103,0.0036341521,0.0036341521,0.0036341521,0.0036341521,0
1790838403,0.0037611115,0.0037611115,0.0037611115,0.0037611115,0
1790838703,0.0038595359,0.0038595359,0.0038595359,0.0038595359,0
1790839003,0.003929274,0.003929274,0.003929274,0.003929274,0
1790839303,0.0038809753,0.0038809753,0.0038809753,0.0038809753,0
1790839603,0.0038154557,0.0038154557,0.0038154557,0.0038154557,0
1790839903,0.0037944394,0.0037944394,0.0037944394,0.0037944394,0
1790840203,0.0036064058,0.0036064058,0.0036064058,0.0036064058,0
1790840503,0.0034790931,0.0034790931,0.0034790931,0.0034790931,0
1790840803,0.0034046247,0.0034046247,0.0034046247,0.0034046247,0
1790841103,0.003124645,0.003124645,0.003124645,0.003124645,0
1790841403,0.0029343528,0.0029343528,0.0029343528,0.0029343528,0
1790841703,0.0027899721,0.0027899721,0.0027899721,0.0027899721,0
1790842003,0.0028383054,0.0028383054,0.0028383054,0.0028383054,0
1790842303,0.002674852,0.002674852,0.002674852,0.002674852,0
1790842603,0.002664162,0.002664162,0.002664162,0.002664162,0
1790842903,0.0025421224,0.0025421224,0.0025421224,0.0025421224,0
1790843203,0.0024208469,0.0024208469,0.0024208469,0.0024208469,0
1790843503,0.0023400148,0.0023400148,0.0023400148,0.0023400148,0
1790843803,0.0024028676,0.0024028676,0.0024028676,0.0024028676,0
1790844103,0.0024068323,0.0024068323,0.0024068323,0.0024068323,0
1790844403,0.0022693163,0.0022693163,0.0022693163,0.0022693163,0
1790844703,0.0023199345,0.0023199345,0.0023199345,0.0023199345,0
1790845003,0.0024158089,0.0024158089,0.0024158089,0.0024158089,0
1790845303,0.0023238656,0.0023238656,0.0023238656,0.0023238656,0
1790845603,0.002200861,0.002200861,0.002200861,0.002200861,0
1790845903,0.0021091405,0.0021091405,0.0021091405,0.0021091405,0
1790846203,0.0019417252,0.0019417252,0.0019417252,0.0019417252,0
1790846503,0.0017815875,0.0017815875,0.0017815875,0.0017815875,0
1790846803,0.0016353257,0.0016353257,0.0016353257,0.0016353257,0
1790847103,0.0015189675,0.0015189675,0.0015189675,0.0015189675,0
1790847403,0.0014274241,0.0014274241,0.0014274241,0.0014274241,0
1790847703,0.00135518,0.00135518,0.00135518,0.00135518,0
1790848003,0.0013146991,0.0013146991,0.0013146991,0.0013146991,0
1790848303,0.0013867084,0.0013867084,0.0013867084,0.0013867084,0
1790848603,0.0014214168,0.0014214168,0.0014214168,0.0014214168,0
1790848903,0.0014519174,0.0014519174,0.0014519174,0.0014519174,0
1790849203,0.0014700203,0.0014700203,0.0014700203,0.0014700203,0
1790849503,0.0014669797,0.0014669797,0.0014669797,0.0014669797,0
1790849803,0.0015050576,0.0015050576,0.0015050576,0.0015050576,0
1790850103,0.0015067944,0.0015067944,0.0015067944,0.0015067944,0
1790850403,0.0014434406,0.0014434406,0.0014434406,0.0014434406,0
1790850703,0.0014469946,0.0014469946,0.0014469946,0.0014469946,0
1790851003,0.0014812853,0.0014812853,0.0014812853,0.0014812853,0
1790851303,0.001518522,0.001518522,0.001518522,0.001518522,0
1790851603,0.0015450674,0.0015450674,0.0015450674,0.0015450674,0
1790851903,0.0016497652,0.0016497652,0.0016497652,0.0016497652,0
1790852203,0.0017511824,0.0017511824,0.0017511824,0.0017511824,0
1790852503,0.0017791722,0.0017791722,0.0017791722,0.0017791722,0
1790852803,0.0018578588,0.0018578588,0.0018578588,0.0018578588,0
1790853103,0.001900255,0.001900255,0.001900255,0.001900255,0
1790853403,0.0019419829,0.0019419829,0.0019419829,0.0019419829,0
1790853703,0.0019463751,0.0019463751,0.0019463751,0.0019463751,0
1790854003,0.0020230687,0.0020230687,0.0020230687,0.0020230687,0
1790854303,0.002083857,0.002083857,0.002083857,0.002083857,0
1790854603,0.0022272891,0.0022272891,0.0022272891,0.0022272891,0
1790854903,0.0023403298,0.0023403298,0.0023403298,0.0023403298,0
1790855203,0.002497122,0.002497122,0.002497122,0.002497122,0
1790855503,0.0025948589,0.0025948589,0.0025948589,0.0025948589,0
1790855803,0.0026996408,0.0026996408,0.0026996408,0.0026996408,0
1790856103,0.002820905,0.002820905,0.002820905,0.002820905,0
1790856403,0.0029167265,0.0029167265,0.0029167265,0.0029167265,0
1790856703,0.0030480954,0.0030480954,0.0030480954,0.0030480954,0
1790857003,0.0030802795,0.0030802795,0.0030802795,0.0030802795,0
1790857303,0.0030310754,0.0030310754,0.0030310754,0.0030310754,0
1790857603,0.0031644225,0.0031644225,0.0031644225,0.0031644225,0
1790857903,0.0032418697,0.0032418697,0.0032418697,0.0032418697,0
1790858203,0.0032745391,0.0032745391,0.0032745391,0.0032745391,0
1790858503,0.0033671906,0.0033671906,0.0033671906,0.0033671906,0
1790858803,0.0034646382,0.0034646382,0.0034646382,0.0034646382,0
1790859103,0.0035012826,0.0035012826,0.0035012826,0.0035012826,0
1790859403,0.0037024643,0.0037024643,0.0037024643,0.0037024643,0
1790859703,0.0038689343,0.0038689343,0.0038689343,0.0038689343,0
1790860003,0.003994404,0.003994404,0.003994404,0.003994404,0
1790860303,0.00414219,0.00414219,0.00414219,0.00414219,0
1790860603,0.0041913808,0.0041913808,0.0041913808,0.0041913808,0
1790860903,0.0041998982,0.0041998982,0.0041998982,0.0041998982,0
1790861203,0.0042212845,0.0042212845,0.0042212845,0.0042212845,0
1790861503,0.0042658588,0.0042658588,0.0042658588,0.0042658588,0
1790861803,0.0043404811,0.0043404811,0.0043404811,0.0043404811,0
1790862103,0.0043285022,0.0043285022,0.0043285022,0.0043285022,0
1790862403,0.004398045,0.004398045,0.004398045,0.004398045,0
1790862703,0.0045096111,0.0045096111,0.0045096111,0.0045096111,0
1790863003,0.0046715254,0.0046715254,0.0046715254,0.0046715254,0
1790863303,0.0046898106,0.0046898106,0.0046898106,0.0046898106,0
1790863603,0.0048172427,0.0048172427,0.0048172427,0.0048172427,0
1790863903,0.0049316324,0.0049316324,0.0049316324,0.0049316324,0
1790864203,0.0050240679,0.0050240679,0.0050240679,0.0050240679,0
1790864503,0.0051217211,0.0051217211,0.0051217211,0.0051217211,0
1790864803,0.0052140978,0.0052140978,0.0052140978,0.0052140978,0
1790865103,0.0052717544,0.0052717544,0.0052717544,0.0052717544,0
1790865403,0.0052860657,0.0052860657,0.0052860657,0.0052860657,0
1790865703,0.0052042553,0.0052042553,0.0052042553,0.0052042553,0
1790866003,0.0052226375,0.0052226375,0.0052226375,0.0052226375,0
1790866303,0.0051931862,0.0051931862,0.0051931862,0.0051931862,0
1790866603,0.005159423,0.005159423,0.005159423,0.005159423,0
1790866903,0.0052015436,0.0052015436,0.0052015436,0.0052015436,0
1790867203,0.0051855063,0.0051855063,0.0051855063,0.0051855063,0
1790867503,0.0049614568,0.0049614568,0.0049614568,0.0049614568,0
1790867803,0.0048348405,0.0048348405,0.0048348405,0.0048348405,0
1790868103,0.0047524839,0.0047524839,0.0047524839,0.0047524839,0
1790868403,0.004709908,0.004709908,0.004709908,0.004709908,0
1790868703,0.0046943919,0.0046943919,0.0046943919,0.0046943919,0
1790869003,0.0045931546,0.0045931546,0.0045931546,0.0045931546,0
1790869303,0.0045392368,0.0045392368,0.0045392368,0.0045392368,0
1790869603,0.0045553435,0.0045553435,0.0045553435,0.0045553435,0
1790869903,0.0045864288,0.0045864288,0.0045864288,0.0045864288,0
1790870203,0.0046155332,0.0046155332,0.0046155332,0.0046155332,0
1790870503,0.0045622577,0.0045622577,0.0045622577,0.0045622577,0
1790870803,0.0045874639,0.0045874639,0.0045874639,0.0045874639,0
1790871103,0.0046096218,0.0046096218,0.0046096218,0.0046096218,0
1790871403,0.0046541128,0.0046541128,0.0046541128,0.0046541128,0
1790871703,0.0046966594,0.0046966594,0.0046966594,0.0046966594,0
1790872003,0.0047359767,0.0047359767,0.0047359767,0.0047359767,0
1790872303,0.0049176305,0.0049176305,0.0049176305,0.0049176305,0
1790872603,0.0050987224,0.0050987224,0.0050987224,0.0050987224,0
1790872903,0.0051955888,0.0051955888,0.0051955888,0.0051955888,0
1790873203,0.0053398416,0.0053398416,0.0053398416,0.0053398416,0
1790873503,0.0053820455,0.0053820455,0.0053820455,0.0053820455,0
1790873803,0.0055203376,0.0055203376,0.0055203376,0.0055203376,0
1790874103,0.0055753804,0.0055753804,0.0055753804,0.0055753804,0
1790874403,0.0056503396,0.0056503396,0.0056503396,0.0056503396,0
1790874703,0.0057289858,0.0057289858,0.0057289858,0.0057289858,0
1790875003,0.0058111183,0.0058111183,0.0058111183,0.0058111183,0
1790875303,0.0059053416,0.0059053416,0.0059053416,0.0059053416,0
1790875603,0.0058949757,0.0058949757,0.0058949757,0.0058949757,0
1790875903,0.0058044007,0.0058044007,0.0058044007,0.0058044007,0
1790876203,0.0057750704,0.0057750704,0.0057750704,0.0057750704,0
1790876503,0.0056379953,0.0056379953,0.0056379953,0.0056379953,0
1790876803,0.0056161863,0.0056161863,0.0056161863,0.0056161863,0
1790877103,0.0055590081,0.0055590081,0.0055590081,0.0055590081,0
1790877403,0.0056703398,0.0056703398,0.0056703398,0.0056703398,0
1790877703,0.0056247722,0.0056247722,0.0056247722,0.0056247722,0
1790878003,0.005481084,0.005481084,0.005481084,0.005481084,0
1790878303,0.0053662558,0.0053662558,0.0053662558,0.0053662558,0
1790878603,0.0053121615,0.0053121615,0.0053121615,0.0053121615,0
1790878903,0.0052003726,0.0052003726,0.0052003726,0.0052003726,0
1790879203,0.0051712771,0.0051712771,0.0051712771,0.0051712771,0
1790879503,0.0049783569,0.0049783569,0.0049783569,0.0049783569,0
1790879803,0.0049595175,0.0049595175,0.0049595175,0.0049595175,0
1790880103,0.0050692261,0.0050692261,0.0050692261,0.0050692261,0
1790880403,0.0050371044,0.0050371044,0.0050371044,0.0050371044,0
1790880703,0.0050738387,0.0050738387,0.0050738387,0.0050738387,0
1790881003,0.0050512711,0.0050512711,0.0050512711,0.0050512711,0
1790881303,0.0050137719,0.0050137719,0.0050137719,0.0050137719,0
1790881603,0.0049827449,0.0049827449,0.0049827449,0.0049827449,0
1790881903,0.0049592561,0.0049592561,0.0049592561,0.0049592561,0
1790882203,0.0048962076,0.0048962076,0.0048962076,0.0048962076,0
1790882503,0.0048108109,0.0048108109,0.0048108109,0.0048108109,0
1790882803,0.0047297962,0.0047297962,0.0047297962,0.0047297962,0
1790883103,0.0045950212,0.0045950212,0.0045950212,0.0045950212,0
1790883403,0.0044364568,0.0044364568,0.0044364568,0.0044364568,0
1790883703,0.0042916132,0.0042916132,0.0042916132,0.0042916132,0
1790884003,0.0041213331,0.0041213331,0.0041213331,0.0041213331,0
1790884303,0.0040025799,0.0040025799,0.0040025799,0.0040025799,0
1790884603,0.0037607712,0.0037607712,0.0037607712,0.0037607712,0
1790884903,0.0036078449,0.0036078449,0.0036078449,0.0036078449,0
1790885203,0.0034538891,0.0034538891,0.0034538891,0.0034538891,0
1790885503,0.0032534908,0.0032534908,0.0032534908,0.0032534908,0
1790885803,0.0032257663,0.0032257663,0.0032257663,0.0032257663,0
1790886103,0.0032094267,0.0032094267,0.0032094267,0.0032094267,0
1790886403,0.0031017746,0.0031017746,0.0031017746,0.0031017746,0
1790886703,0.0029200748,0.0029200748,0.0029200748,0.0029200748,0
1790887003,0.0027802978,0.0027802978,0.0027802978,0.0027802978,0
1790887303,0.0026617274,0.0026617274,0.0026617274,0.0026617274,0
1790887603,0.0025789488,0.0025789488,0.0025789488,0.0025789488,0
1790887903,0.0025032455,0.0025032455,0.0025032455,0.0025032455,0
1790888203,0.0023586649,0.0023586649,0.0023586649,0.0023586649,0
1790888503,0.0021786884,0.0021786884,0.0021786884,0.0021786884,0
1790888803,0.002053669,0.002053669,0.002053669,0.002053669,0
1790889103,0.0019087076,0.0019087076,0.0019087076,0.0019087076,0
1790889403,0.0017955432,0.0017955432,0.0017955432,0.0017955432,0
1790889703,0.0016549734,0.0016549734,0.0016549734,0.0016549734,0
1790890003,0.0014977782,0.0014977782,0.0014977782,0.0014977782,0
1790890303,0.0013436955,0.0013436955,0.0013436955,0.0013436955,0
1790890603,0.0012756355,0.0012756355,0.0012756355,0.0012756355,0
1790890903,0.0012291807,0.0012291807,0.0012291807,0.0012291807,0
1790891203,0.0011863335,0.0011863335,0.0011863335,0.0011863335,0
1790891503,0.0011075454,0.0011075454,0.0011075454,0.0011075454,0
1790891803,0.0010458406,0.0010458406,0.0010458406,0.0010458406,0
1790892103,0.0009580009,0.0009580009,0.0009580009,0.0009580009,0
1790892403,0.0008734062,0.0008734062,0.0008734062,0.0008734062,0
1790892703,0.0007282601,0.0007282601,0.0007282601,0.0007282601,0
1790893003,0.0005372827,0.0005372827,0.0005372827,0.0005372827,0
1790893303,0.000419882,0.000419882,0.000419882,0.000419882,0
1790893603,0.0002497501,0.0002497501,0.0002497501,0.0002497501,0
1790893903,0.0001247454,0.0001247454,0.0001247454,0.0001247454,0
1790894203,-0.0000245794,-0.0000245794,-0.0000245794,-0.0000245794,0
1790894503,-0.0000553063,-0.0000553063,-0.0000553063,-0.0000553063,0
1790894803,-0.0000376242,-0.0000376242,-0.0000376242,-0.0000376242,0
1790895103,-0.0001082431,-0.0001082431,-0.0001082431,-0.0001082431,0
1790895403,-0.0001685809,-0.0001685809,-0.0001685809,-0.0001685809,0
1790895703,-0.0002531762,-0.0002531762,-0.0002531762,-0.0002531762,0
1790896003,-0.0002851386,-0.0002851386,-0.0002851386,-0.0002851386,0
1790896303,-0.0003245018,-0.0003245018,-0.0003245018,-0.0003245018,0
1790896603,-0.0004072134,-0.0004072134,-0.0004072134,-0.0004072134,0
1790896903,-0.0004050557,-0.0004050557,-0.0004050557,-0.0004050557,0
1790897203,-0.0004585776,-0.0004585776,-0.0004585776,-0.0004585776,0
1790897503,-0.0004124057,-0.0004124057,-0.0004124057,-0.0004124057,0
1790897803,-0.0004193795,-0.0004193795,-0.0004193795,-0.0004193795,0
1790898103,-0.0004812383,-0.0004812383,-0.0004812383,-0.0004812383,0
1790898403,-0.0006012088,-0.0006012088,-0.0006012088,-0.0006012088,0
1790898703,-0.0007095461,-0.0007095461,-0.0007095461,-0.0007095461,0
1790899003,-0.0008106208,-0.0008106208,-0.0008106208,-0.0008106208,0
1790899303,-0.000877475,-0.000877475,-0.000877475,-0.000877475,0
1790899603,-0.0009571054,-0.0009571054,-0.0009571054,-0.0009571054,0
1790899903,-0.0010095799,-0.0010095799,-0.0010095799,-0.0010095799,0
1790900203,-0.0011407356,-0.0011407356,-0.0011407356,-0.0011407356,0
1790900503,-0.0012132506,-0.0012132506,-0.0012132506,-0.0012132506,0
1790900803,-0.0013070659,-0.0013070659,-0.0013070659,-0.0013070659,0
1790901103,-0.0013929678,-0.0013929678,-0.0013929678,-0.0013929678,0
1790901403,-0.0014400687,-0.0014400687,-0.0014400687,-0.0014400687,0
1790901703,-0.0014659755,-0.0014659755,-0.0014659755,-0.0014659755,0
1790902003,-0.0015542684,-0.0015542684,-0.0015542684,-0.0015542684,0
1790902303,-0.0015747362,-0.0015747362,-0.0015747362,-0.0015747362,0
1790902603,-0.0015582091,-0.0015582091,-0.0015582091,-0.0015582091,0
1790902903,-0.0016014369,-0.0016014369,-0.0016014369,-0.0016014369,0
1790903203,-0.001555773,-0.001555773,-0.001555773,-0.001555773,0
1790903503,-0.0015400579,-0.0015400579,-0.0015400579,-0.0015400579,0
1790903803,-0.0014949323,-0.0014949323,-0.0014949323,-0.0014949323,0
1790904103,-0.0014901504,-0.0014901504,-0.0014901504,-0.0014901504,0
1790904403,-0.001464543,-0.001464543,-0.001464543,-0.001464543,0
1790904703,-0.0015201473,-0.0015201473,-0.0015201473,-0.0015201473,0
1790905003,-0.0015563504,-0.0015563504,-0.0015563504,-0.0015563504,0
1790905303,-0.0015441904,-0.0015441904,-0.0015441904,-0.0015441904,0
1790905603,-0.0015642872,-0.0015642872,-0.0015642872,-0.0015642872,0
1790905903,-0.0016164539,-0.0016164539,-0.0016164539,-0.0016164539,0
1790906203,-0.0015708475,-0.0015708475,-0.0015708475,-0.0015708475,0
1790906503,-0.0015168061,-0.0015168061,-0.0015168061,-0.0015168061,0
1790906803,-0.001376848,-0.001376848,-0.001376848,-0.001376848,0
1790907103,-0.0012638061,-0.0012638061,-0.0012638061,-0.0012638061,0
1790907403,-0.0011571596,-0.0011571596,-0.0011571596,-0.0011571596,0
1790907703,-0.0010084421,-0.0010084421,-0.0010084421,-0.0010084421,0
1790908003,-0.0009617912,-0.0009617912,-0.0009617912,-0.0009617912,0
1790908303,-0.0008793858,-0.0008793858,-0.0008793858,-0.0008793858,0
1790908603,-0.0008307091,-0.0008307091,-0.0008307091,-0.0008307091,0
1790908903,-0.0007562078,-0.0007562078,-0.0007562078,-0.0007562078,0
1790909203,-0.000597305,-0.000597305,-0.000597305,-0.000597305,0
1790909503,-0.0004266307,-0.0004266307,-0.0004266307,-0.0004266307,0
1790909803,-0.0004044725,-0.0004044725,-0.0004044725,-0.0004044725,0
1790910103,-0.0002578432,-0.0002578432,-0.0002578432,-0.0002578432,0
1790910403,0.0000900388,0.0000900388,0.0000900388,0.0000900388,0
1790910703,0.0003456833,0.0003456833,0.0003456833,0.0003456833,0
1790911003,0.0006030069,0.0006030069,0.0006030069,0.0006030069,0
1790911303,0.0009260022,0.0009260022,0.0009260022,0.0009260022,0
1790911603,0.001256194,0.001256194,0.001256194,0.001256194,0
1790911903,0.0016062944,0.0016062944,0.0016062944,0.0016062944,0
1790912203,0.0019752164,0.0019752164,0.0019752164,0.0019752164,0
1790912503,0.0022275994,0.0022275994,0.0022275994,0.0022275994,0
1790912803,0.0024746506,0.0024746506,0.0024746506,0.0024746506,0
1790913103,0.00274318,0.00274318,0.00274318,0.00274318,0
1790913403,0.0030058012,0.0030058012,0.0030058012,0.0030058012,0
1790913703,0.003236159,0.003236159,0.003236159,0.003236159,0
1790914003,0.003517222,0.003517222,0.003517222,0.003517222,0
1790914303,0.0037968705,0.0037968705,0.0037968705,0.0037968705,0
1790914603,0.0040429239,0.0040429239,0.0040429239,0.0040429239,0
1790914903,0.0042866393,0.0042866393,0.0042866393,0.0042866393,0
1790915203,0.0045619789,0.0045619789,0.0045619789,0.0045619789,0
1790915503,0.0049141907,0.0049141907,0.0049141907,0.0049141907,0
1790915803,0.0051634012,0.0051634012,0.0051634012,0.0051634012,0
1790916103,0.0054124475,0.0054124475,0.0054124475,0.0054124475,0
1790916403,0.0056893653,0.0056893653,0.0056893653,0.0056893653,0
1790916703,0.0060206375,0.0060206375,0.0060206375,0.0060206375,0
1790917003,0.0063277984,0.0063277984,0.0063277984,0.0063277984,0
1790917303,0.0066154943,0.0066154943,0.0066154943,0.0066154943,0
1790917603,0.0069658394,0.0069658394,0.0069658394,0.0069658394,0
1790917903,0.0073424392,0.0073424392,0.0073424392,0.0073424392,0
1790918203,0.0076046269,0.0076046269,0.0076046269,0.0076046269,0
1790918503,0.0078251639,0.0078251639,0.0078251639,0.0078251639,0
1790918803,0.0081208029,0.0081208029,0.0081208029,0.0081208029,0
1790919103,0.0084219124,0.0084219124,0.0084219124,0.0084219124,0
1790919403,0.0086578517,0.0086578517,0.0086578517,0.0086578517,0
1790919703,0.0089029425,0.0089029425,0.0089029425,0.0089029425,0
1790920003,0.0090464064,0.0090464064,0.0090464064,0.0090464064,0
1790920303,0.0091833068,0.0091833068,0.0091833068,0.0091833068,0
1790920603,0.00927946,0.00927946,0.00927946,0.00927946,0
1790920903,0.0093179122,0.0093179122,0.0093179122,0.0093179122,0
1790921203,0.0093595202,0.0093595202,0.0093595202,0.0093595202,0
1790921503,0.0092764771,0.0092764771,0.0092764771,0.0092764771,0
1790921803,0.0093898352,0.0093898352,0.0093898352,0.0093898352,0
1790922103,0.0094178621,0.0094178621,0.0094178621,0.0094178621,0
1790922403,0.0093774521,0.0093774521,0.0093774521,0.0093774521,0
1790922703,0.0094091403,0.0094091403,0.0094091403,0.0094091403,0
1790923003,0.0092775758,0.0092775758,0.0092775758,0.0092775758,0
1790923303,0.0091383817,0.0091383817,0.0091383817,0.0091383817,0
1790923603,0.0089656156,0.0089656156,0.0089656156,0.0089656156,0
1790923903,0.0088460754,0.0088460754,0.0088460754,0.0088460754,0
1790924203,0.0087308717,0.0087308717,0.0087308717,0.0087308717,0
1790924503,0.0086010677,0.0086010677,0.0086010677,0.0086010677,0
1790924803,0.0084430471,0.0084430471,0.0084430471,0.0084430471,0
1790925103,0.0082661032,0.0082661032,0.0082661032,0.0082661032,0
1790925403,0.0081392292,0.0081392292,0.0081392292,0.0081392292,0
1790925703,0.0080214157,0.0080214157,0.0080214157,0.0080214157,0
1790926003,0.0079838797,0.0079838797,0.0079838797,0.0079838797,0
1790926303,0.0078653902,0.0078653902,0.0078653902,0.0078653902,0
1790926603,0.0080581355,0.0080581355,0.0080581355,0.0080581355,0
1790926903,0.008372544,0.008372544,0.008372544,0.008372544,0
1790927203,0.0086905703,0.0086905703,0.0086905703,0.0086905703,0
1790927503,0.0090744849,0.0090744849,0.0090744849,0.0090744849,0
1790927803,0.0094475205,0.0094475205,0.0094475205,0.0094475205,0
1790928103,0.0096523504,0.0096523504,0.0096523504,0.0096523504,0
1790928403,0.0097768155,0.0097768155,0.0097768155,0.0097768155,0
1790928703,0.0099033638,0.0099033638,0.0099033638,0.0099033638,0
1790929003,0.0099831776,0.0099831776,0.0099831776,0.0099831776,0
1790929303,0.01,0.01,0.01,0.01,0
1790929603,0.01,0.01,0.01,0.01,0
1790929903,0.01,0.01,0.01,0.01,0
1790930203,0.01,0.01,0.01,0.01,0
1790930503,0.01,0.01,0.01,0.01,0
1790930803,0.01,0.01,0.01,0.01,0
1790931103,0.01,0.01,0.01,0.01,0
1790931403,0.01,0.01,0.01,0.01,0
1790931703,0.01,0.01,0.01,0.01,0
1790932003,0.01,0.01,0.01,0.01,0
1790932303,0.01,0.01,0.01,0.01,0
1790932603,0.01,0.01,0.01,0.01,0
1790932903,0.01,0.01,0.01,0.01,0
1790933203,0.01,0.01,0.01,0.01,0
1790933503,0.01,0.01,0.01,0.01,0
1790933803,0.01,0.01,0.01,0.01,0
1790934103,0.01,0.01,0.01,0.01,0
1790934403,0.01,0.01,0.01,0.01,0
1790934703,0.01,0.01,0.01,0.01,0
1790935003,0.01,0.01,0.01,0.01,0
1790935303,0.01,0.01,0.01,0.01,0
1790935603,0.01,0.01,0.01,0.01,0
1790935903,0.01,0.01,0.01,0.01,0
1790936203,0.01,0.01,0.01,0.01,0
1790936503,0.01,0.01,0.01,0.01,0
1790936803,0.01,0.01,0.01,0.01,0
1790937103,0.0098446688,0.0098446688,0.0098446688,0.0098446688,0
1790937403,0.0096064884,0.0096064884,0.0096064884,0.0096064884,0
1790937703,0.0094600221,0.0094600221,0.0094600221,0.0094600221,0
1790938003,0.0093839631,0.0093839631,0.0093839631,0.0093839631,0
1790938303,0.0092215461,0.0092215461,0.0092215461,0.0092215461,0
1790938603,0.0090323462,0.0090323462,0.0090323462,0.0090323462,0
1790938903,0.0087995288,0.0087995288,0.0087995288,0.0087995288,0
1790939203,0.0086814192,0.0086814192,0.0086814192,0.0086814192,0
1790939503,0.0086091047,0.0086091047,0.0086091047,0.0086091047,0
1790939803,0.0085097161,0.0085097161,0.0085097161,0.0085097161,0
1790940103,0.0083250259,0.0083250259,0.0083250259,0.0083250259,0
1790940403,0.0080731534,0.0080731534,0.0080731534,0.0080731534,0
1790940703,0.0078292828,0.0078292828,0.0078292828,0.0078292828,0
1790941003,0.0076249403,0.0076249403,0.0076249403,0.0076249403,0
1790941303,0.0073724238,0.0073724238,0.0073724238,0.0073724238,0
1790941603,0.0071854277,0.0071854277,0.0071854277,0.0071854277,0
1790941903,0.006959763,0.006959763,0.006959763,0.006959763,0
1790942203,0.0067289277,0.0067289277,0.0067289277,0.0067289277,0
1790942503,0.0065159254,0.0065159254,0.0065159254,0.0065159254,0
1790942803,0.0062948045,0.0062948045,0.0062948045,0.0062948045,0
1790943103,0.0061325623,0.0061325623,0.0061325623,0.0061325623,0
1790943403,0.0059143711,0.0059143711,0.0059143711,0.0059143711,0
1790943703,0.0057594961,0.0057594961,0.0057594961,0.0057594961,0
1790944003,0.0056668258,0.0056668258,0.0056668258,0.0056668258,0
1790944303,0.0054590877,0.0054590877,0.0054590877,0.0054590877,0
1790944603,0.0053134975,0.0053134975,0.0053134975,0.0053134975,0
1790944903,0.0052143263,0.0052143263,0.0052143263,0.0052143263,0
1790945203,0.005075129,0.005075129,0.005075129,0.005075129,0
1790945503,0.0051154099,0.0051154099,0.0051154099,0.0051154099,0
1790945803,0.0050208246,0.0050208246,0.0050208246,0.0050208246,0
1790946103,0.0048756261,0.0048756261,0.0048756261,0.0048756261,0
1790946403,0.0048822145,0.0048822145,0.0048822145,0.0048822145,0
1790946703,0.0048040224,0.0048040224,0.0048040224,0.0048040224,0
1790947003,0.0047702867,0.0047702867,0.0047702867,0.0047702867,0
1790947303,0.0047070013,0.0047070013,0.0047070013,0.0047070013,0
1790947603,0.0045653804,0.0045653804,0.0045653804,0.0045653804,0
1790947903,0.004425204,0.004425204,0.004425204,0.004425204,0
1790948203,0.0044536064,0.0044536064,0.0044536064,0.0044536064,0
1790948503,0.0044558835,0.0044558835,0.0044558835,0.0044558835,0
1790948803,0.0042750664,0.0042750664,0.0042750664,0.0042750664,0
1790949103,0.004049189,0.004049189,0.004049189,0.004049189,0
1790949403,0.0038093102,0.0038093102,0.0038093102,0.0038093102,0
1790949703,0.0036487876,0.0036487876,0.0036487876,0.0036487876,0
1790950003,0.0034975214,0.0034975214,0.0034975214,0.0034975214,0
1790950303,0.0031979829,0.0031979829,0.0031979829,0.0031979829,0
1790950603,0.002942071,0.002942071,0.002942071,0.002942071,0
1790950903,0.0027647184,0.0027647184,0.0027647184,0.0027647184,0
1790951203,0.0025126147,0.0025126147,0.0025126147,0.0025126147,0
1790951503,0.002313972,0.002313972,0.002313972,0.002313972,0
1790951803,0.0020967267,0.0020967267,0.0020967267,0.0020967267,0
1790952103,0.001881357,0.001881357,0.001881357,0.001881357,0
1790952403,0.0017752264,0.0017752264,0.0017752264,0.0017752264,0
1790952703,0.0016503642,0.0016503642,0.0016503642,0.0016503642,0
1790953003,0.0014628165,0.0014628165,0.0014628165,0.0014628165,0
1790953303,0.0012591162,0.0012591162,0.0012591162,0.0012591162,0
1790953603,0.0011855813,0.0011855813,0.0011855813,0.0011855813,0
1790953903,0.0010690735,0.0010690735,0.0010690735,0.0010690735,0
1790954203,0.0009774392,0.0009774392,0.0009774392,0.0009774392,0
1790954503,0.0008926667,0.0008926667,0.0008926667,0.0008926667,0
1790954803,0.0007823403,0.0007823403,0.0007823403,0.0007823403,0
1790955103,0.0007121442,0.0007121442,0.0007121442,0.0007121442,0
1790955403,0.000621361,0.000621361,0.000621361,0.000621361,0
1790955703,0.0005598591,0.0005598591,0.0005598591,0.0005598591,0
1790956003,0.0005271879,0.0005271879,0.0005271879,0.0005271879,0
1790956303,0.0004431778,0.0004431778,0.0004431778,0.0004431778,0
1790956603,0.0003043605,0.0003043605,0.0003043605,0.0003043605,0
1790956903,0.0003376234,0.0003376234,0.0003376234,0.0003376234,0
1790957203,0.0003506734,0.0003506734,0.0003506734,0.0003506734,0
1790957503,0.000296838,0.000296838,0.000296838,0.000296838,0
1790957803,0.0002683644,0.0002683644,0.0002683644,0.0002683644,0
1790958103,0.0003814925,0.0003814925,0.0003814925,0.0003814925,0
1790958403,0.0004500894,0.0004500894,0.0004500894,0.0004500894,0
1790958703,0.0005118144,0.0005118144,0.0005118144,0.0005118144,0
1790959003,0.0005265458,0.0005265458,0.0005265458,0.0005265458,0
1790959303,0.0004674916,0.0004674916,0.0004674916,0.0004674916,0
1790959603,0.0004495965,0.0004495965,0.0004495965,0.0004495965,0
1790959903,0.000452656,0.000452656,0.000452656,0.000452656,0
1790960203,0.0004428207,0.0004428207,0.0004428207,0.0004428207,0
1790960503,0.0006115456,0.0006115456,0.0006115456,0.0006115456,0
1790960803,0.0006976904,0.0006976904,0.0006976904,0.0006976904,0
1790961103,0.0008033268,0.0008033268,0.0008033268,0.0008033268,0
1790961403,0.0008947129,0.0008947129,0.0008947129,0.0008947129,0
1790961703,0.0007964115,0.0007964115,0.0007964115,0.0007964115,0
1790962003,0.0008333937,0.0008333937,0.0008333937,0.0008333937,0
1790962303,0.0010705078,0.0010705078,0.0010705078,0.0010705078,0
1790962603,0.0013473704,0.0013473704,0.0013473704,0.0013473704,0
1790962903,0.0015774331,0.0015774331,0.0015774331,0.0015774331,0
1790963203,0.0018276421,0.0018276421,0.0018276421,0.0018276421,0
1790963503,0.0020615902,0.0020615902,0.0020615902,0.0020615902,0
1790963803,0.0022845072,0.0022845072,0.0022845072,0.0022845072,0
1790964103,0.0024885076,0.0024885076,0.0024885076,0.0024885076,0
1790964403,0.002749169,0.002749169,0.002749169,0.002749169,0
1790964703,0.002946216,0.002946216,0.002946216,0.002946216,0
1790965003,0.0031064492,0.0031064492,0.0031064492,0.0031064492,0
1790965303,0.0032875862,0.0032875862,0.0032875862,0.0032875862,0
1790965603,0.003425971,0.003425971,0.003425971,0.003425971,0
1790965903,0.0035250817,0.0035250817,0.0035250817,0.0035250817,0
1790966203,0.0036620141,0.0036620141,0.0036620141,0.0036620141,0
1790966503,0.0038063972,0.0038063972,0.0038063972,0.0038063972,0
1790966803,0.003921514,0.003921514,0.003921514,0.003921514,0
1790967103,0.0040155092,0.0040155092,0.0040155092,0.0040155092,0
1790967403,0.0040419235,0.0040419235,0.0040419235,0.0040419235,0
1790967703,0.0040600344,0.0040600344,0.0040600344,0.0040600344,0
1790968003,0.0040502176,0.0040502176,0.0040502176,0.0040502176,0
1790968303,0.0040131571,0.0040131571,0.0040131571,0.0040131571,0
1790968603,0.0039351777,0.0039351777,0.0039351777,0.0039351777,0
1790968903,0.0038991339,0.0038991339,0.0038991339,0.0038991339,0
1790969203,0.0038819137,0.0038819137,0.0038819137,0.0038819137,0
1790969503,0.0039208312,0.0039208312,0.0039208312,0.0039208312,0
1790969803,0.0038722862,0.0038722862,0.0038722862,0.0038722862,0
1790970103,0.0038143347,0.0038143347,0.0038143347,0.0038143347,0
1790970403,0.0037220858,0.0037220858,0.0037220858,0.0037220858,0
1790970703,0.0037751548,0.0037751548,0.0037751548,0.0037751548,0
1790971003,0.0037463759,0.0037463759,0.0037463759,0.0037463759,0
1790971303,0.0036786684,0.0036786684,0.0036786684,0.0036786684,0
1790971603,0.0036381159,0.0036381159,0.0036381159,0.0036381159,0
1790971903,0.0036540307,0.0036540307,0.0036540307,0.0036540307,0
1790972203,0.0036172271,0.0036172271,0.0036172271,0.0036172271,0
1790972503,0.0036193752,0.0036193752,0.0036193752,0.0036193752,0
1790972803,0.0035787038,0.0035787038,0.0035787038,0.0035787038,0
1790973103,0.0037074184,0.0037074184,0.0037074184,0.0037074184,0
1790973403,0.0039630419,0.0039630419,0.0039630419,0.0039630419,0
1790973703,0.0042185275,0.0042185275,0.0042185275,0.0042185275,0
1790974003,0.0043759465,0.0043759465,0.0043759465,0.0043759465,0
1790974303,0.0045788695,0.0045788695,0.0045788695,0.0045788695,0
1790974603,0.0048143862,0.0048143862,0.0048143862,0.0048143862,0
1790974903,0.0050206251,0.0050206251,0.0050206251,0.0050206251,0
1790975203,0.0051363603,0.0051363603,0.0051363603,0.0051363603,0
1790975503,0.0052184348,0.0052184348,0.0052184348,0.0052184348,0
1790975803,0.0052971748,0.0052971748,0.0052971748,0.0052971748,0
1790976103,0.0053686032,0.0053686032,0.0053686032,0.0053686032,0
1790976403,0.0055033406,0.0055033406,0.0055033406,0.0055033406,0
1790976703,0.0056761058,0.0056761058,0.0056761058,0.0056761058,0
1790977003,0.0058537214,0.0058537214,0.0058537214,0.0058537214,0
1790977303,0.006077777,0.006077777,0.006077777,0.006077777,0
1790977603,0.0061758503,0.0061758503,0.0061758503,0.0061758503,0
1790977903,0.0062242506,0.0062242506,0.0062242506,0.0062242506,0
1790978203,0.0063599901,0.0063599901,0.0063599901,0.0063599901,0
1790978503,0.0064136795,0.0064136795,0.0064136795,0.0064136795,0
1790978803,0.006422436,0.006422436,0.006422436,0.006422436,0
1790979103,0.0063576118,0.0063576118,0.0063576118,0.0063576118,0
1790979403,0.0063434221,0.0063434221,0.0063434221,0.0063434221,0
1790979703,0.0063204534,0.0063204534,0.0063204534,0.0063204534,0
1790980003,0.0062310779,0.0062310779,0.0062310779,0.0062310779,0
1790980303,0.0061516956,0.0061516956,0.0061516956,0.0061516956,0
1790980603,0.0060078733,0.0060078733,0.0060078733,0.0060078733,0
1790980903,0.0058273396,0.0058273396,0.0058273396,0.0058273396,0
1790981203,0.0057376868,0.0057376868,0.0057376868,0.0057376868,0
1790981503,0.0056639515,0.0056639515,0.0056639515,0.0056639515,0
1790981803,0.0055774199,0.0055774199,0.0055774199,0.0055774199,0
1790982103,0.0054175103,0.0054175103,0.0054175103,0.0054175103,0
1790982403,0.0053110288,0.0053110288,0.0053110288,0.0053110288,0
1790982703,0.0051697826,0.0051697826,0.0051697826,0.0051697826,0
1790983003,0.0050790629,0.0050790629,0.0050790629,0.0050790629,0
1790983303,0.0050250302,0.0050250302,0.0050250302,0.0050250302,0
1790983603,0.0049595965,0.0049595965,0.0049595965,0.0049595965,0
1790983903,0.0048720878,0.0048720878,0.0048720878,0.0048720878,0
1790984203,0.0047066769,0.0047066769,0.0047066769,0.0047066769,0
1790984503,0.0045622694,0.0045622694,0.0045622694,0.0045622694,0
1790984803,0.0044507099,0.0044507099,0.0044507099,0.0044507099,0
1790985103,0.0042086478,0.0042086478,0.0042086478,0.0042086478,0
1790985403,0.0040907527,0.0040907527,0.0040907527,0.0040907527,0
1790985703,0.0041290452,0.0041290452,0.0041290452,0.0041290452,0
1790986003,0.0040400877,0.0040400877,0.0040400877,0.0040400877,0
1790986303,0.003995473,0.003995473,0.003995473,0.003995473,0
1790986603,0.0040583981,0.0040583981,0.0040583981,0.0040583981,0
1790986903,0.0040341972,0.0040341972,0.0040341972,0.0040341972,0
1790987203,0.004015078,0.004015078,0.004015078,0.004015078,0
1790987503,0.0039375088,0.0039375088,0.0039375088,0.0039375088,0
1790987803,0.0038971709,0.0038971709,0.0038971709,0.0038971709,0
1790988103,0.0038789534,0.0038789534,0.0038789534,0.0038789534,0
1790988403,0.0038447722,0.0038447722,0.0038447722,0.0038447722,0
1790988703,0.0038018658,0.0038018658,0.0038018658,0.0038018658,0
1790989003,0.0036980744,0.0036980744,0.0036980744,0.0036980744,0
1790989303,0.0035237802,0.0035237802,0.0035237802,0.0035237802,0
1790989603,0.0034045524,0.0034045524,0.0034045524,0.0034045524,0
1790989903,0.0033510727,0.0033510727,0.0033510727,0.0033510727,0
1790990203,0.0032596647,0.0032596647,0.0032596647,0.0032596647,0
1790990503,0.0033117197,0.0033117197,0.0033117197,0.0033117197,0
1790990803,0.0033376611,0.0033376611,0.0033376611,0.0033376611,0
1790991103,0.0032822266,0.0032822266,0.0032822266,0.0032822266,0
1790991403,0.0032573836,0.0032573836,0.0032573836,0.0032573836,0
1790991703,0.0031746308,0.0031746308,0.0031746308,0.0031746308,0
1790992003,0.0032425241,0.0032425241,0.0032425241,0.0032425241,0
1790992303,0.0032231968,0.0032231968,0.0032231968,0.0032231968,0
1790992603,0.0031613996,0.0031613996,0.0031613996,0.0031613996,0
1790992903,0.0031469629,0.0031469629,0.0031469629,0.0031469629,0
1790993203,0.0032155004,0.0032155004,0.0032155004,0.0032155004,0
1790993503,0.0031187417,0.0031187417,0.0031187417,0.0031187417,0
1790993803,0.0030811759,0.0030811759,0.0030811759,0.0030811759,0
1790994103,0.0030393541,0.0030393541,0.0030393541,0.0030393541,0
1790994403,0.0029024607,0.0029024607,0.0029024607,0.0029024607,0
1790994703,0.0027315964,0.0027315964,0.0027315964,0.0027315964,0
1790995003,0.0026581905,0.0026581905,0.0026581905,0.0026581905,0
1790995303,0.0025956478,0.0025956478,0.0025956478,0.0025956478,0
1790995603,0.0025332439,0.0025332439,0.0025332439,0.0025332439,0
1790995903,0.0023717292,0.0023717292,0.0023717292,0.0023717292,0
1790996203,0.0022995233,0.0022995233,0.0022995233,0.0022995233,0
1790996503,0.0022426539,0.0022426539,0.0022426539,0.0022426539,0
1790996803,0.0022114986,0.0022114986,0.0022114986,0.0022114986,0
1790997103,0.0021541453,0.0021541453,0.0021541453,0.0021541453,0
1790997403,0.002215228,0.002215228,0.002215228,0.002215228,0
1790997703,0.002267144,0.002267144,0.002267144,0.002267144,0
1790998003,0.0022707836,0.0022707836,0.0022707836,0.0022707836,0
1790998303,0.0022496514,0.0022496514,0.0022496514,0.0022496514,0
1790998603,0.0023768139,0.0023768139,0.0023768139,0.0023768139,0
1790998903,0.0023388686,0.0023388686,0.0023388686,0.0023388686,0
1790999203,0.0022438411,0.0022438411,0.0022438411,0.0022438411,0
1790999503,0.0021554316,0.0021554316,0.0021554316,0.0021554316,0
1790999803,0.0020393807,0.0020393807,0.0020393807,0.0020393807,0
1791000103,0.0019151376,0.0019151376,0.0019151376,0.0019151376,0
1791000403,0.0018575871,0.0018575871,0.0018575871,0.0018575871,0
1791000703,0.0016840206,0.0016840206,0.0016840206,0.0016840206,0
1791001003,0.001610172,0.001610172,0.001610172,0.001610172,0
1791001303,0.001432964,0.001432964,0.001432964,0.001432964,0
1791001603,0.0013476128,0.0013476128,0.0013476128,0.0013476128,0
1791001903,0.0012763449,0.0012763449,0.0012763449,0.0012763449,0
1791002203,0.0012135942,0.0012135942,0.0012135942,0.0012135942,0
1791002503,0.0011663549,0.0011663549,0.0011663549,0.0011663549,0
1791002803,0.0010944649,0.0010944649,0.0010944649,0.0010944649,0
1791003103,0.0010773316,0.0010773316,0.0010773316,0.0010773316,0
1791003403,0.0010432997,0.0010432997,0.0010432997,0.0010432997,0
1791003703,0.0009683798,0.0009683798,0.0009683798,0.0009683798,0
1791004003,0.0009318108,0.0009318108,0.0009318108,0.0009318108,0
1791004303,0.0008797649,0.0008797649,0.0008797649,0.0008797649,0
1791004603,0.0007033731,0.0007033731,0.0007033731,0.0007033731,0
1791004903,0.0006515925,0.0006515925,0.0006515925,0.0006515925,0
1791005203,0.0006488277,0.0006488277,0.0006488277,0.0006488277,0
1791005503,0.0006894817,0.0006894817,0.0006894817,0.0006894817,0
1791005803,0.0006908856,0.0006908856,0.0006908856,0.0006908856,0
1791006103,0.0006592916,0.0006592916,0.0006592916,0.0006592916,0
1791006403,0.0006015016,0.0006015016,0.0006015016,0.0006015016,0
1791006703,0.0005863932,0.0005863932,0.0005863932,0.0005863932,0
1791007003,0.0006256356,0.0006256356,0.0006256356,0.0006256356,0
1791007303,0.0005940446,0.0005940446,0.0005940446,0.0005940446,0
1791007603,0.0005871704,0.0005871704,0.0005871704,0.0005871704,0
1791007903,0.0006047757,0.0006047757,0.0006047757,0.0006047757,0
1791008203,0.0006971699,0.0006971699,0.0006971699,0.0006971699,0
1791008503,0.0006552396,0.0006552396,0.0006552396,0.0006552396,0
1791008803,0.0005657661,0.0005657661,0.0005657661,0.0005657661,0
1791009103,0.0004875898,0.0004875898,0.0004875898,0.0004875898,0
1791009403,0.0004349024,0.0004349024,0.0004349024,0.0004349024,0
1791009703,0.0003637412,0.0003637412,0.0003637412,0.0003637412,0
1791010003,0.0002913418,0.0002913418,0.0002913418,0.0002913418,0
1791010303,0.0002300865,0.0002300865,0.0002300865,0.0002300865,0
1791010603,0.0002003461,0.0002003461,0.0002003461,0.0002003461,0
1791010903,0.0001353653,0.0001353653,0.0001353653,0.0001353653,0
1791011203,0.0000073383,0.0000073383,0.0000073383,0.0000073383,0
1791011503,0.0000346642,0.0000346642,0.0000346642,0.0000346642,0
1791011803,0.000035544,0.000035544,0.000035544,0.000035544,0
1791012103,0.0000418257,0.0000418257,0.0000418257,0.0000418257,0
1791012403,0.0000781467,0.0000781467,0.0000781467,0.0000781467,0
1791012703,0.000080496,0.000080496,0.000080496,0.000080496,0
1791013003,-0.0000118978,-0.0000118978,-0.0000118978,-0.0000118978,0
1791013303,-0.0000612429,-0.0000612429,-0.0000612429,-0.0000612429,0
1791013603,-0.0002666605,-0.0002666605,-0.0002666605,-0.0002666605,0
1791013903,-0.0004655757,-0.0004655757,-0.0004655757,-0.0004655757,0
1791014203,-0.0006579129,-0.0006579129,-0.0006579129,-0.0006579129,0
1791014503,-0.0008996209,-0.0008996209,-0.0008996209,-0.0008996209,0
1791014803,-0.0010490517,-0.0010490517,-0.0010490517,-0.0010490517,0
1791015103,-0.0011963809,-0.0011963809,-0.0011963809,-0.0011963809,0
1791015403,-0.0012961767,-0.0012961767,-0.0012961767,-0.0012961767,0
1791015703,-0.0013716441,-0.0013716441,-0.0013716441,-0.0013716441,0
1791016003,-0.0015414205,-0.0015414205,-0.0015414205,-0.0015414205,0
1791016303,-0.0016317918,-0.0016317918,-0.0016317918,-0.0016317918,0
1791016603,-0.0016692524,-0.0016692524,-0.0016692524,-0.0016692524,0
1791016903,-0.0016752948,-0.0016752948,-0.0016752948,-0.0016752948,0
1791017203,-0.0016930684,-0.0016930684,-0.0016930684,-0.0016930684,0
1791017503,-0.001736881,-0.001736881,-0.001736881,-0.001736881,0
1791017803,-0.0017440376,-0.0017440376,-0.0017440376,-0.0017440376,0
1791018103,-0.0017180856,-0.0017180856,-0.0017180856,-0.0017180856,0
1791018403,-0.0016540319,-0.0016540319,-0.0016540319,-0.0016540319,0
1791018703,-0.0016292967,-0.0016292967,-0.0016292967,-0.0016292967,0
1791019003,-0.0016305163,-0.0016305163,-0.0016305163,-0.0016305163,0
1791019303,-0.0016684003,-0.0016684003,-0.0016684003,-0.0016684003,0
1791019603,-0.0016972,-0.0016972,-0.0016972,-0.0016972,0
1791019903,-0.0016624116,-0.0016624116,-0.0016624116,-0.0016624116,0
1791020203,-0.0015441243,-0.0015441243,-0.0015441243,-0.0015441243,0
1791020503,-0.0015988922,-0.0015988922,-0.0015988922,-0.0015988922,0
1791020803,-0.0015899935,-0.0015899935,-0.0015899935,-0.0015899935,0
1791021103,-0.0015623019,-0.0015623019,-0.0015623019,-0.0015623019,0
1791021403,-0.0015691852,-0.0015691852,-0.0015691852,-0.0015691852,0
1791021703,-0.0016222101,-0.0016222101,-0.0016222101,-0.0016222101,0
1791022003,-0.001681301,-0.001681301,-0.001681301,-0.001681301,0
1791022303,-0.0018747502,-0.0018747502,-0.0018747502,-0.0018747502,0
1791022603,-0.0018817993,-0.0018817993,-0.0018817993,-0.0018817993,0
1791022903,-0.0019011408,-0.0019011408,-0.0019011408,-0.0019011408,0
1791023203,-0.0019838961,-0.0019838961,-0.0019838961,-0.0019838961,0
1791023503,-0.0020480204,-0.0020480204,-0.0020480204,-0.0020480204,0
1791023803,-0.0020047436,-0.0020047436,-0.0020047436,-0.0020047436,0
1791024103,-0.0020091043,-0.0020091043,-0.0020091043,-0.0020091043,0
1791024403,-0.0018438466,-0.0018438466,-0.0018438466,-0.0018438466,0
1791024703,-0.0017721878,-0.0017721878,-0.0017721878,-0.0017721878,0
1791025003,-0.001665464,-0.001665464,-0.001665464,-0.001665464,0
1791025303,-0.0015450185,-0.0015450185,-0.0015450185,-0.0015450185,0
1791025603,-0.001434751,-0.001434751,-0.001434751,-0.001434751,0
1791025903,-0.0012890327,-0.0012890327,-0.0012890327,-0.0012890327,0
1791026203,-0.0011089804,-0.0011089804,-0.0011089804,-0.0011089804,0
1791026503,-0.0009790043,-0.0009790043,-0.0009790043,-0.0009790043,0
1791026803,-0.000784826,-0.000784826,-0.000784826,-0.000784826,0
1791027103,-0.0005475057,-0.0005475057,-0.0005475057,-0.0005475057,0
1791027403,-0.0003550448,-0.0003550448,-0.0003550448,-0.0003550448,0
1791027703,-0.0002559821,-0.0002559821,-0.0002559821,-0.0002559821,0
1791028003,-0.0000339671,-0.0000339671,-0.0000339671,-0.0000339671,0
1791028303,0.0002096214,0.0002096214,0.0002096214,0.0002096214,0
1791028603,0.0003575867,0.0003575867,0.0003575867,0.0003575867,0
1791028903,0.0005184648,0.0005184648,0.0005184648,0.0005184648,0
1791029203,0.000647355,0.000647355,0.000647355,0.000647355,0
1791029503,0.0007936942,0.0007936942,0.0007936942,0.0007936942,0
1791029803,0.001080058,0.001080058,0.001080058,0.001080058,0
1791030103,0.0011520551,0.0011520551,0.0011520551,0.0011520551,0
1791030403,0.0011622267,0.0011622267,0.0011622267,0.0011622267,0
1791030703,0.0012435231,0.0012435231,0.0012435231,0.0012435231,0
1791031003,0.0012847761,0.0012847761,0.0012847761,0.0012847761,0
1791031303,0.0013239679,0.0013239679,0.0013239679,0.0013239679,0
1791031603,0.0013450579,0.0013450579,0.0013450579,0.0013450579,0
1791031903,0.0014026291,0.0014026291,0.0014026291,0.0014026291,0
1791032203,0.0015236207,0.0015236207,0.0015236207,0.0015236207,0
1791032503,0.0015444185,0.0015444185,0.0015444185,0.0015444185,0
1791032803,0.0016052679,0.0016052679,0.0016052679,0.0016052679,0
1791033103,0.0016127725,0.0016127725,0.0016127725,0.0016127725,0
1791033403,0.0016683638,0.0016683638,0.0016683638,0.0016683638,0
1791033703,0.001643923,0.001643923,0.001643923,0.001643923,0
1791034003,0.0016907401,0.0016907401,0.0016907401,0.0016907401,0
1791034303,0.001743525,0.001743525,0.001743525,0.001743525,0
1791034603,0.0018129163,0.0018129163,0.0018129163,0.0018129163,0
1791034903,0.001911381,0.001911381,0.001911381,0.001911381,0
1791035203,0.0019941721,0.0019941721,0.0019941721,0.0019941721,0
1791035503,0.002087047,0.002087047,0.002087047,0.002087047,0
1791035803,0.0020475832,0.0020475832,0.0020475832,0.0020475832,0
1791036103,0.002020341,0.002020341,0.002020341,0.002020341,0
1791036403,0.0020677841,0.0020677841,0.0020677841,0.0020677841,0
1791036703,0.0021867793,0.0021867793,0.0021867793,0.0021867793,0
1791037003,0.0022502705,0.0022502705,0.0022502705,0.0022502705,0
1791037303,0.0024389859,0.0024389859,0.0024389859,0.0024389859,0
1791037603,0.0025483926,0.0025483926,0.0025483926,0.0025483926,0
1791037903,0.0026276436,0.0026276436,0.0026276436,0.0026276436,0
1791038203,0.0026252439,0.0026252439,0.0026252439,0.0026252439,0
1791038503,0.0026488738,0.0026488738,0.0026488738,0.0026488738,0
1791038803,0.0028159564,0.0028159564,0.0028159564,0.0028159564,0
1791039103,0.0030675447,0.0030675447,0.0030675447,0.0030675447,0
1791039403,0.0033266568,0.0033266568,0.0033266568,0.0033266568,0
1791039703,0.0035635549,0.0035635549,0.0035635549,0.0035635549,0
1791040003,0.0036823105,0.0036823105,0.0036823105,0.0036823105,0
1791040303,0.0037653954,0.0037653954,0.0037653954,0.0037653954,0
1791040603,0.0038604691,0.0038604691,0.0038604691,0.0038604691,0
1791040903,0.0039767937,0.0039767937,0.0039767937,0.0039767937,0
1791041203,0.0040669588,0.0040669588,0.0040669588,0.0040669588,0
1791041503,0.0041706862,0.0041706862,0.0041706862,0.0041706862,0
1791041803,0.004363788,0.004363788,0.004363788,0.004363788,0
1791042103,0.004726563,0.004726563,0.004726563,0.004726563,0
1791042403,0.0050772185,0.0050772185,0.0050772185,0.0050772185,0
1791042703,0.0053564373,0.0053564373,0.0053564373,0.0053564373,0
1791043003,0.005524195,0.005524195,0.005524195,0.005524195,0
1791043303,0.005704865,0.005704865,0.005704865,0.005704865,0
1791043603,0.0058670359,0.0058670359,0.0058670359,0.0058670359,0
1791043903,0.0059555051,0.0059555051,0.0059555051,0.0059555051,0
1791044203,0.0060700319,0.0060700319,0.0060700319,0.0060700319,0
1791044503,0.0062240567,0.0062240567,0.0062240567,0.0062240567,0
1791044803,0.0064164851,0.0064164851,0.0064164851,0.0064164851,0
1791045103,0.0065448883,0.0065448883,0.0065448883,0.0065448883,0
1791045403,0.0065894045,0.0065894045,0.0065894045,0.0065894045,0
1791045703,0.0066597321,0.0066597321,0.0066597321,0.0066597321,0
1791046003,0.0067511764,0.0067511764,0.0067511764,0.0067511764,0
1791046303,0.0068018062,0.0068018062,0.0068018062,0.0068018062,0
1791046603,0.0067779973,0.0067779973,0.0067779973,0.0067779973,0
1791046903,0.006769747,0.006769747,0.006769747,0.006769747,0
1791047203,0.0066958498,0.0066958498,0.0066958498,0.0066958498,0
1791047503,0.0065417081,0.0065417081,0.0065417081,0.0065417081,0
1791047803,0.0064479685,0.0064479685,0.0064479685,0.0064479685,0
1791048103,0.0064629575,0.0064629575,0.0064629575,0.0064629575,0
1791048403,0.0064540763,0.0064540763,0.0064540763,0.0064540763,0
1791048703,0.0063540717,0.0063540717,0.0063540717,0.0063540717,0
1791049003,0.0063023393,0.0063023393,0.0063023393,0.0063023393,0
1791049303,0.0062865883,0.0062865883,0.0062865883,0.0062865883,0
1791049603,0.0062481835,0.0062481835,0.0062481835,0.0062481835,0
1791049903,0.0060732418,0.0060732418,0.0060732418,0.0060732418,0
1791050203,0.0059431351,0.0059431351,0.0059431351,0.0059431351,0
1791050503,0.0058148573,0.0058148573,0.0058148573,0.0058148573,0
1791050803,0.0057284819,0.0057284819,0.0057284819,0.0057284819,0
1791051103,0.0056006984,0.0056006984,0.0056006984,0.0056006984,0
1791051403,0.0054597919,0.0054597919,0.0054597919,0.0054597919,0
1791051703,0.0052891383,0.0052891383,0.0052891383,0.0052891383,0
1791052003,0.005143029,0.005143029,0.005143029,0.005143029,0
1791052303,0.0049206361,0.0049206361,0.0049206361,0.0049206361,0
1791052603,0.0047137529,0.0047137529,0.0047137529,0.0047137529,0
1791052903,0.0045381073,0.0045381073,0.0045381073,0.0045381073,0
1791053203,0.0044746167,0.0044746167,0.0044746167,0.0044746167,0
1791053503,0.0043450644,0.0043450644,0.0043450644,0.0043450644,0
1791053803,0.0041348262,0.0041348262,0.0041348262,0.0041348262,0
1791054103,0.0039645746,0.0039645746,0.0039645746,0.0039645746,0
1791054403,0.0038310488,0.0038310488,0.0038310488,0.0038310488,0
1791054703,0.0037679106,0.0037679106,0.0037679106,0.0037679106,0
1791055003,0.003510473,0.003510473,0.003510473,0.003510473,0
1791055303,0.0033452648,0.0033452648,0.0033452648,0.0033452648,0
1791055603,0.0032095926,0.0032095926,0.0032095926,0.0032095926,0
1791055903,0.0030311711,0.0030311711,0.0030311711,0.0030311711,0
1791056203,0.0029472285,0.0029472285,0.0029472285,0.0029472285,0
1791056503,0.0029249427,0.0029249427,0.0029249427,0.0029249427,0
1791056803,0.0029345647,0.0029345647,0.0029345647,0.0029345647,0
1791057103,0.0028706601,0.0028706601,0.0028706601,0.0028706601,0
1791057403,0.0028291346,0.0028291346,0.0028291346,0.0028291346,0
1791057703,0.0026341125,0.0026341125,0.0026341125,0.0026341125,0
1791058003,0.0024572926,0.0024572926,0.0024572926,0.0024572926,0
1791058303,0.0022968253,0.0022968253,0.0022968253,0.0022968253,0
1791058603,0.002178013,0.002178013,0.002178013,0.002178013,0
1791058903,0.0020142485,0.0020142485,0.0020142485,0.0020142485,0
1791059203,0.0018733965,0.0018733965,0.0018733965,0.0018733965,0
1791059503,0.0017482179,0.0017482179,0.0017482179,0.0017482179,0
1791059803,0.0015942273,0.0015942273,0.0015942273,0.0015942273,0
1791060103,0.0014269978,0.0014269978,0.0014269978,0.0014269978,0
1791060403,0.0012501197,0.0012501197,0.0012501197,0.0012501197,0
1791060703,0.0010957793,0.0010957793,0.0010957793,0.0010957793,0
1791061003,0.0009486787,0.0009486787,0.0009486787,0.0009486787,0
1791061303,0.0007856032,0.0007856032,0.0007856032,0.0007856032,0
1791061603,0.0006240889,0.0006240889,0.0006240889,0.0006240889,0
1791061903,0.0005036245,0.0005036245,0.0005036245,0.0005036245,0
1791062203,0.0003396195,0.0003396195,0.0003396195,0.0003396195,0
1791062503,0.0001671146,0.0001671146,0.0001671146,0.0001671146,0
1791062803,0.0000735497,0.0000735497,0.0000735497,0.0000735497,0
1791063103,-0.0000726812,-0.0000726812,-0.0000726812,-0.0000726812,0
1791063403,-0.0001905484,-0.0001905484,-0.0001905484,-0.0001905484,0
1791063703,-0.0003367378,-0.0003367378,-0.0003367378,-0.0003367378,0
1791064003,-0.0003873179,-0.0003873179,-0.0003873179,-0.0003873179,0
1791064303,-0.0004746008,-0.0004746008,-0.0004746008,-0.0004746008,0
1791064603,-0.0006309968,-0.0006309968,-0.0006309968,-0.0006309968,0
1791064903,-0.0007578146,-0.0007578146,-0.0007578146,-0.0007578146,0
1791065203,-0.0008514911,-0.0008514911,-0.0008514911,-0.0008514911,0
1791065503,-0.0009546398,-0.0009546398,-0.0009546398,-0.0009546398,0
1791065803,-0.0010082637,-0.0010082637,-0.0010082637,-0.0010082637,0
1791066103,-0.0010377279,-0.0010377279,-0.0010377279,-0.0010377279,0
1791066403,-0.0010853986,-0.0010853986,-0.0010853986,-0.0010853986,0
1791066703,-0.0012736865,-0.0012736865,-0.0012736865,-0.0012736865,0
1791067003,-0.0014798908,-0.0014798908,-0.0014798908,-0.0014798908,0
1791067303,-0.0015508895,-0.0015508895,-0.0015508895,-0.0015508895,0
1791067603,-0.001670674,-0.001670674,-0.001670674,-0.001670674,0
1791067903,-0.0018273981,-0.0018273981,-0.0018273981,-0.0018273981,0
1791068203,-0.0019348901,-0.0019348901,-0.0019348901,-0.0019348901,0
1791068503,-0.0019925432,-0.0019925432,-0.0019925432,-0.0019925432,0
1791068803,-0.0020278637,-0.0020278637,-0.0020278637,-0.0020278637,0
1791069103,-0.002092149,-0.002092149,-0.002092149,-0.002092149,0
1791069403,-0.0021705341,-0.0021705341,-0.0021705341,-0.0021705341,0
1791069703,-0.0022125261,-0.0022125261,-0.0022125261,-0.0022125261,0
1791070003,-0.00233636,-0.00233636,-0.00233636,-0.00233636,0
1791070303,-0.002280632,-0.002280632,-0.002280632,-0.002280632,0
1791070603,-0.0023793242,-0.0023793242,-0.0023793242,-0.0023793242,0
1791070903,-0.0024624117,-0.0024624117,-0.0024624117,-0.0024624117,0
1791071203,-0.0025017292,-0.0025017292,-0.0025017292,-0.0025017292,0
1791071503,-0.0024734162,-0.0024734162,-0.0024734162,-0.0024734162,0
1791071803,-0.0024930418,-0.0024930418,-0.0024930418,-0.0024930418,0
1791072103,-0.0025423063,-0.0025423063,-0.0025423063,-0.0025423063,0
1791072403,-0.0025106401,-0.0025106401,-0.0025106401,-0.0025106401,0
1791072703,-0.0023419154,-0.0023419154,-0.0023419154,-0.0023419154,0
1791073003,-0.0022573578,-0.0022573578,-0.0022573578,-0.0022573578,0
1791073303,-0.002046475,-0.002046475,-0.002046475,-0.002046475,0
1791073603,-0.0019381011,-0.0019381011,-0.0019381011,-0.0019381011,0
1791073903,-0.0018483322,-0.0018483322,-0.0018483322,-0.0018483322,0
1791074203,-0.0018285808,-0.0018285808,-0.0018285808,-0.0018285808,0
1791074503,-0.0018466682,-0.0018466682,-0.0018466682,-0.0018466682,0
1791074803,-0.0019303474,-0.0019303474,-0.0019303474,-0.0019303474,0
1791075103,-0.0018671749,-0.0018671749,-0.0018671749,-0.0018671749,0
1791075403,-0.0018608557,-0.0018608557,-0.0018608557,-0.0018608557,0
1791075703,-0.0016968037,-0.0016968037,-0.0016968037,-0.0016968037,0
1791076003,-0.0015244679,-0.0015244679,-0.0015244679,-0.0015244679,0
1791076303,-0.0014417176,-0.0014417176,-0.0014417176,-0.0014417176,0
1791076603,-0.0013400143,-0.0013400143,-0.0013400143,-0.0013400143,0
1791076903,-0.0013045044,-0.0013045044,-0.0013045044,-0.0013045044,0
1791077203,-0.0011021218,-0.0011021218,-0.0011021218,-0.0011021218,0
1791077503,-0.0009100821,-0.0009100821,-0.0009100821,-0.0009100821,0
1791077803,-0.0007244427,-0.0007244427,-0.0007244427,-0.0007244427,0
1791078103,-0.0005549561,-0.0005549561,-0.0005549561,-0.0005549561,0
1791078403,-0.000397317,-0.000397317,-0.000397317,-0.000397317,0
1791078703,-0.0002218049,-0.0002218049,-0.0002218049,-0.0002218049,0
1791079003,-0.0001799959,-0.0001799959,-0.0001799959,-0.0001799959,0
1791079303,-0.0001212039,-0.0001212039,-0.0001212039,-0.0001212039,0
1791079603,-0.0000054444,-0.0000054444,-0.0000054444,-0.0000054444,0
1791079903,-0.0000341225,-0.0000341225,-0.0000341225,-0.0000341225,0
1791080203,0.000074838,0.000074838,0.000074838,0.000074838,0
1791080503,0.0001316105,0.0001316105,0.0001316105,0.0001316105,0
1791080803,0.0002014243,0.0002014243,0.0002014243,0.0002014243,0
1791081103,0.0002323975,0.0002323975,0.0002323975,0.0002323975,0
1791081403,0.0002729704,0.0002729704,0.0002729704,0.0002729704,0
1791081703,0.0002720898,0.0002720898,0.0002720898,0.0002720898,0
1791082003,0.0003307671,0.0003307671,0.0003307671,0.0003307671,0
1791082303,0.0003128679,0.0003128679,0.0003128679,0.0003128679,0
1791082603,0.0003272431,0.0003272431,0.0003272431,0.0003272431,0
1791082903,0.0003629912,0.0003629912,0.0003629912,0.0003629912,0
1791083203,0.0004627258,0.0004627258,0.0004627258,0.0004627258,0
1791083503,0.0005713256,0.0005713256,0.0005713256,0.0005713256,0
1791083803,0.0006015226,0.0006015226,0.0006015226,0.0006015226,0
1791084103,0.0006388467,0.0006388467,0.0006388467,0.0006388467,0
1791084403,0.0006744898,0.0006744898,0.0006744898,0.0006744898,0
1791084703,0.0006615217,0.0006615217,0.0006615217,0.0006615217,0
1791085003,0.0007349134,0.0007349134,0.0007349134,0.0007349134,0
1791085303,0.0008412565,0.0008412565,0.0008412565,0.0008412565,0
1791085603,0.0009194516,0.0009194516,0.0009194516,0.0009194516,0
1791085903,0.000971407,0.000971407,0.000971407,0.000971407,0
1791086203,0.0009733039,0.0009733039,0.0009733039,0.0009733039,0
1791086503,0.0009841841,0.0009841841,0.0009841841,0.0009841841,0
1791086803,0.0010142222,0.0010142222,0.0010142222,0.0010142222,0
1791087103,0.000999434,0.000999434,0.000999434,0.000999434,0
1791087403,0.0010309345,0.0010309345,0.0010309345,0.0010309345,0
1791087703,0.0010958094,0.0010958094,0.0010958094,0.0010958094,0
1791088003,0.0011991116,0.0011991116,0.0011991116,0.0011991116,0
1791088303,0.0013138247,0.0013138247,0.0013138247,0.0013138247,0
1791088603,0.0014564668,0.0014564668,0.0014564668,0.0014564668,0
1791088903,0.0015735149,0.0015735149,0.0015735149,0.0015735149,0
1791089203,0.0016925576,0.0016925576,0.0016925576,0.0016925576,0
1791089503,0.0017767586,0.0017767586,0.0017767586,0.0017767586,0
1791089803,0.0018143755,0.0018143755,0.0018143755,0.0018143755,0
1791090103,0.0017531234,0.0017531234,0.0017531234,0.0017531234,0
1791090403,0.001762999,0.001762999,0.001762999,0.001762999,0
1791090703,0.0018525877,0.0018525877,0.0018525877,0.0018525877,0
1791091003,0.0018416479,0.0018416479,0.0018416479,0.0018416479,0
1791091303,0.0018425924,0.0018425924,0.0018425924,0.0018425924,0
1791091603,0.0019431313,0.0019431313,0.0019431313,0.0019431313,0
1791091903,0.0018516918,0.0018516918,0.0018516918,0.0018516918,0
1791092203,0.0020253173,0.0020253173,0.0020253173,0.0020253173,0
1791092503,0.0021652969,0.0021652969,0.0021652969,0.0021652969,0
1791092803,0.0022274148,0.0022274148,0.0022274148,0.0022274148,0
1791093103,0.0022148433,0.0022148433,0.0022148433,0.0022148433,0
1791093403,0.0021026758,0.0021026758,0.0021026758,0.0021026758,0
1791093703,0.00225123,0.00225123,0.00225123,0.00225123,0
1791094003,0.0023101528,0.0023101528,0.0023101528,0.0023101528,0
1791094303,0.0023678575,0.0023678575,0.0023678575,0.0023678575,0
1791094603,0.0023202172,0.0023202172,0.0023202172,0.0023202172,0
1791094903,0.0021945047,0.0021945047,0.0021945047,0.0021945047,0
1791095203,0.0021170737,0.0021170737,0.0021170737,0.0021170737,0
1791095503,0.0020850901,0.0020850901,0.0020850901,0.0020850901,0
1791095803,0.0020732626,0.0020732626,0.0020732626,0.0020732626,0
1791096103,0.0020352951,0.0020352951,0.0020352951,0.0020352951,0
1791096403,0.0020089527,0.0020089527,0.0020089527,0.0020089527,0
1791096703,0.0020061143,0.0020061143,0.0020061143,0.0020061143,0
1791097003,0.0020093418,0.0020093418,0.0020093418,0.0020093418,0
1791097303,0.0020396959,0.0020396959,0.0020396959,0.0020396959,0
1791097603,0.0020819903,0.0020819903,0.0020819903,0.0020819903,0
1791097903,0.0020939462,0.0020939462,0.0020939462,0.0020939462,0
1791098203,0.0019737835,0.0019737835,0.0019737835,0.0019737835,0
1791098503,0.0018437174,0.0018437174,0.0018437174,0.0018437174,0
1791098803,0.0018922634,0.0018922634,0.0018922634,0.0018922634,0
1791099103,0.001848693,0.001848693,0.001848693,0.001848693,0
1791099403,0.0017811919,0.0017811919,0.0017811919,0.0017811919,0
1791099703,0.0016693629,0.0016693629,0.0016693629,0.0016693629,0
1791100003,0.0015960103,0.0015960103,0.0015960103,0.0015960103,0
1791100303,0.0015727664,0.0015727664,0.0015727664,0.0015727664,0
1791100603,0.0015009385,0.0015009385,0.0015009385,0.0015009385,0
1791100903,0.0015167624,0.0015167624,0.0015167624,0.0015167624,0
1791101203,0.0014522966,0.0014522966,0.0014522966,0.0014522966,0
1791101503,0.0014176885,0.0014176885,0.0014176885,0.0014176885,0
1791101803,0.0014113773,0.0014113773,0.0014113773,0.0014113773,0
1791102103,0.0013618931,0.0013618931,0.0013618931,0.0013618931,0
1791102403,0.0012924218,0.0012924218,0.0012924218,0.0012924218,0
1791102703,0.0013274608,0.0013274608,0.0013274608,0.0013274608,0
1791103003,0.0012575744,0.0012575744,0.0012575744,0.0012575744,0
1791103303,0.0011758404,0.0011758404,0.0011758404,0.0011758404,0
1791103603,0.0011328688,0.0011328688,0.0011328688,0.0011328688,0
1791103903,0.001100301,0.001100301,0.001100301,0.001100301,0
1791104203,0.0009898591,0.0009898591,0.0009898591,0.0009898591,0
1791104503,0.0008869576,0.0008869576,0.0008869576,0.0008869576,0
1791104803,0.0008248023,0.0008248023,0.0008248023,0.0008248023,0
1791105103,0.0007961999,0.0007961999,0.0007961999,0.0007961999,0
1791105403,0.000728856,0.000728856,0.000728856,0.000728856,0
1791105703,0.0006557845,0.0006557845,0.0006557845,0.0006557845,0
1791106003,0.0005710245,0.0005710245,0.0005710245,0.0005710245,0
1791106303,0.0004774717,0.0004774717,0.0004774717,0.0004774717,0
1791106603,0.0004090845,0.0004090845,0.0004090845,0.0004090845,0
1791106903,0.0003260275,0.0003260275,0.0003260275,0.0003260275,0
1791107203,0.0003414636,0.0003414636,0.0003414636,0.0003414636,0
1791107503,0.0003816402,0.0003816402,0.0003816402,0.0003816402,0
1791107803,0.0003415703,0.0003415703,0.0003415703,0.0003415703,0
1791108103,0.000322593,0.000322593,0.000322593,0.000322593,0
1791108403,0.0002992828,0.0002992828,0.0002992828,0.0002992828,0
1791108703,0.0003148103,0.0003148103,0.0003148103,0.0003148103,0
1791109003,0.0002959858,0.0002959858,0.0002959858,0.0002959858,0
1791109303,0.0003950555,0.0003950555,0.0003950555,0.0003950555,0
1791109603,0.0003960461,0.0003960461,0.0003960461,0.0003960461,0
1791109903,0.0003431754,0.0003431754,0.0003431754,0.0003431754,0
1791110203,0.0003235692,0.0003235692,0.0003235692,0.0003235692,0
1791110503,0.0003487607,0.0003487607,0.0003487607,0.0003487607,0
1791110803,0.0002746389,0.0002746389,0.0002746389,0.0002746389,0
1791111103,0.0002030061,0.0002030061,0.0002030061,0.0002030061,0
1791111403,0.0000869784,0.0000869784,0.0000869784,0.0000869784,0
1791111703,-0.0000469853,-0.0000469853,-0.0000469853,-0.0000469853,0
1791112003,-0.0001738941,-0.0001738941,-0.0001738941,-0.0001738941,0
1791112303,-0.0002510593,-0.0002510593,-0.0002510593,-0.0002510593,0
1791112603,-0.0003575936,-0.0003575936,-0.0003575936,-0.0003575936,0
1791112903,-0.0003200919,-0.0003200919,-0.0003200919,-0.0003200919,0
1791113203,-0.000380572,-0.000380572,-0.000380572,-0.000380572,0
1791113503,-0.0004306524,-0.0004306524,-0.0004306524,-0.0004306524,0
1791113803,-0.0004280818,-0.0004280818,-0.0004280818,-0.0004280818,0
1791114103,-0.0005544005,-0.0005544005,-0.0005544005,-0.0005544005,0
1791114403,-0.0005992652,-0.0005992652,-0.0005992652,-0.0005992652,0
1791114703,-0.0006613894,-0.0006613894,-0.0006613894,-0.0006613894,0
1791115003,-0.0006125243,-0.0006125243,-0.0006125243,-0.0006125243,0
1791115303,-0.0006746075,-0.0006746075,-0.0006746075,-0.0006746075,0
1791115603,-0.0007799246,-0.0007799246,-0.0007799246,-0.0007799246,0
1791115903,-0.0009171981,-0.0009171981,-0.0009171981,-0.0009171981,0
1791116203,-0.0010155102,-0.0010155102,-0.0010155102,-0.0010155102,0
1791116503,-0.0010177581,-0.0010177581,-0.0010177581,-0.0010177581,0
1791116803,-0.0009634979,-0.0009634979,-0.0009634979,-0.0009634979,0
1791117103,-0.0011164151,-0.0011164151,-0.0011164151,-0.0011164151,0
1791117403,-0.0011852347,-0.0011852347,-0.0011852347,-0.0011852347,0
1791117703,-0.0012317724,-0.0012317724,-0.0012317724,-0.0012317724,0
1791118003,-0.0012587403,-0.0012587403,-0.0012587403,-0.0012587403,0
1791118303,-0.0012508892,-0.0012508892,-0.0012508892,-0.0012508892,0
1791118603,-0.0011644282,-0.0011644282,-0.0011644282,-0.0011644282,0
1791118903,-0.0011951067,-0.0011951067,-0.0011951067,-0.0011951067,0
1791119203,-0.0011447939,-0.0011447939,-0.0011447939,-0.0011447939,0
1791119503,-0.0011525104,-0.0011525104,-0.0011525104,-0.0011525104,0
1791119803,-0.0010757191,-0.0010757191,-0.0010757191,-0.0010757191,0
1791120103,-0.0010779374,-0.0010779374,-0.0010779374,-0.0010779374,0
1791120403,-0.0010191917,-0.0010191917,-0.0010191917,-0.0010191917,0
1791120703,-0.0009689929,-0.0009689929,-0.0009689929,-0.0009689929,0
1791121003,-0.000976539,-0.000976539,-0.000976539,-0.000976539,0
1791121303,-0.0009417472,-0.0009417472,-0.0009417472,-0.0009417472,0
1791121603,-0.000998414,-0.000998414,-0.000998414,-0.000998414,0
1791121903,-0.0010337912,-0.0010337912,-0.0010337912,-0.0010337912,0
1791122203,-0.0011013842,-0.0011013842,-0.0011013842,-0.0011013842,0
1791122503,-0.0012129667,-0.0012129667,-0.0012129667,-0.0012129667,0
1791122803,-0.0012597496,-0.0012597496,-0.0012597496,-0.0012597496,0
1791123103,-0.0012625013,-0.0012625013,-0.0012625013,-0.0012625013,0
1791123403,-0.0012516401,-0.0012516401,-0.0012516401,-0.0012516401,0
1791123703,-0.0012454563,-0.0012454563,-0.0012454563,-0.0012454563,0
1791124003,-0.001199652,-0.001199652,-0.001199652,-0.001199652,0
1791124303,-0.0011064255,-0.0011064255,-0.0011064255,-0.0011064255,0
1791124603,-0.0009414366,-0.0009414366,-0.0009414366,-0.0009414366,0
1791124903,-0.0009174896,-0.0009174896,-0.0009174896,-0.0009174896,0
1791125203,-0.0007393453,-0.0007393453,-0.0007393453,-0.0007393453,0
1791125503,-0.0007886643,-0.0007886643,-0.0007886643,-0.0007886643,0
1791125803,-0.00081107,-0.00081107,-0.00081107,-0.00081107,0
1791126103,-0.0007147387,-0.0007147387,-0.0007147387,-0.0007147387,0
1791126403,-0.0005803972,-0.0005803972,-0.0005803972,-0.0005803972,0
1791126703,-0.000539727,-0.000539727,-0.000539727,-0.000539727,0
1791127003,-0.0003729586,-0.0003729586,-0.0003729586,-0.0003729586,0
1791127303,-0.0002221498,-0.0002221498,-0.0002221498,-0.0002221498,0
1791127603,-0.000112499,-0.000112499,-0.000112499,-0.000112499,0
1791127903,-0.0000111201,-0.0000111201,-0.0000111201,-0.0000111201,0
1791128203,-0.000027079,-0.000027079,-0.000027079,-0.000027079,0
1791128503,0.0000633431,0.0000633431,0.0000633431,0.0000633431,0
1791128803,0.0001189117,0.0001189117,0.0001189117,0.0001189117,0
1791129103,0.0001792575,0.0001792575,0.0001792575,0.0001792575,0
1791129403,0.0002097612,0.0002097612,0.0002097612,0.0002097612,0
1791129703,0.000224414,0.000224414,0.000224414,0.000224414,0
1791130003,0.0002035454,0.0002035454,0.0002035454,0.0002035454,0
1791130303,0.0002528131,0.0002528131,0.0002528131,0.0002528131,0
1791130603,0.0003422849,0.0003422849,0.0003422849,0.0003422849,0
1791130903,0.0003592537,0.0003592537,0.0003592537,0.0003592537,0
1791131203,0.0004084057,0.0004084057,0.0004084057,0.0004084057,0
1791131503,0.0004108997,0.0004108997,0.0004108997,0.0004108997,0
1791131803,0.0003798005,0.0003798005,0.0003798005,0.0003798005,0
1791132103,0.0004092591,0.0004092591,0.0004092591,0.0004092591,0
1791132403,0.0004721272,0.0004721272,0.0004721272,0.0004721272,0
1791132703,0.0005202193,0.0005202193,0.0005202193,0.0005202193,0
1791133003,0.0005735735,0.0005735735,0.0005735735,0.0005735735,0
1791133303,0.0006067931,0.0006067931,0.0006067931,0.0006067931,0
1791133603,0.0006000845,0.0006000845,0.0006000845,0.0006000845,0
1791133903,0.0005807121,0.0005807121,0.0005807121,0.0005807121,0
1791134203,0.0005977459,0.0005977459,0.0005977459,0.0005977459,0
1791134503,0.000674388,0.000674388,0.000674388,0.000674388,0
1791134803,0.0007094451,0.0007094451,0.0007094451,0.0007094451,0
1791135103,0.0006983666,0.0006983666,0.0006983666,0.0006983666,0
1791135403,0.000706755,0.000706755,0.000706755,0.000706755,0
1791135703,0.0007362785,0.0007362785,0.0007362785,0.0007362785,0
1791136003,0.0007934097,0.0007934097,0.0007934097,0.0007934097,0
1791136303,0.0007902395,0.0007902395,0.0007902395,0.0007902395,0
1791136603,0.0008150136,0.0008150136,0.0008150136,0.0008150136,0
1791136903,0.0008690958,0.0008690958,0.0008690958,0.0008690958,0
1791137203,0.0009534955,0.0009534955,0.0009534955,0.0009534955,0
1791137503,0.0011227445,0.0011227445,0.0011227445,0.0011227445,0
1791137803,0.0012236704,0.0012236704,0.0012236704,0.0012236704,0
1791138103,0.0013629128,0.0013629128,0.0013629128,0.0013629128,0
1791138403,0.001468724,0.001468724,0.001468724,0.001468724,0
1791138703,0.0016617825,0.0016617825,0.0016617825,0.0016617825,0
1791139003,0.001762621,0.001762621,0.001762621,0.001762621,0
1791139303,0.0018344088,0.0018344088,0.0018344088,0.0018344088,0
1791139603,0.0020044597,0.0020044597,0.0020044597,0.0020044597,0
1791139903,0.0021303297,0.0021303297,0.0021303297,0.0021303297,0
1791140203,0.0021740743,0.0021740743,0.0021740743,0.0021740743,0
1791140503,0.0021553806,0.0021553806,0.0021553806,0.0021553806,0
1791140803,0.0021953243,0.0021953243,0.0021953243,0.0021953243,0
1791141103,0.0021915914,0.0021915914,0.0021915914,0.0021915914,0
1791141403,0.0022163025,0.0022163025,0.0022163025,0.0022163025,0
1791141703,0.0021900597,0.0021900597,0.0021900597,0.0021900597,0
1791142003,0.0021985142,0.0021985142,0.0021985142,0.0021985142,0
1791142303,0.0022575973,0.0022575973,0.0022575973,0.0022575973,0
1791142603,0.0023392832,0.0023392832,0.0023392832,0.0023392832,0
1791142903,0.0024006557,0.0024006557,0.0024006557,0.0024006557,0
1791143203,0.0024004592,0.0024004592,0.0024004592,0.0024004592,0
1791143503,0.0023563509,0.0023563509,0.0023563509,0.0023563509,0
1791143803,0.0023586676,0.0023586676,0.0023586676,0.0023586676,0
1791144103,0.0024255207,0.0024255207,0.0024255207,0.0024255207,0
1791144403,0.002377345,0.002377345,0.002377345,0.002377345,0
1791144703,0.0023371237,0.0023371237,0.0023371237,0.0023371237,0
1791145003,0.0023727515,0.0023727515,0.0023727515,0.0023727515,0
1791145303,0.0023445917,0.0023445917,0.0023445917,0.0023445917,0
1791145603,0.0022650523,0.0022650523,0.0022650523,0.0022650523,0
1791145903,0.0022906595,0.0022906595,0.0022906595,0.0022906595,0
1791146203,0.0023392907,0.0023392907,0.0023392907,0.0023392907,0
1791146503,0.0024234609,0.0024234609,0.0024234609,0.0024234609,0
1791146803,0.0025403963,0.0025403963,0.0025403963,0.0025403963,0
1791147103,0.0026233083,0.0026233083,0.0026233083,0.0026233083,0
1791147403,0.0026257712,0.0026257712,0.0026257712,0.0026257712,0
1791147703,0.0026760955,0.0026760955,0.0026760955,0.0026760955,0
1791148003,0.0028040709,0.0028040709,0.0028040709,0.0028040709,0
1791148303,0.0028819562,0.0028819562,0.0028819562,0.0028819562,0
1791148603,0.0031507339,0.0031507339,0.0031507339,0.0031507339,0
1791148903,0.003380524,0.003380524,0.003380524,0.003380524,0
1791149203,0.0036284477,0.0036284477,0.0036284477,0.0036284477,0
1791149503,0.0038159522,0.0038159522,0.0038159522,0.0038159522,0
1791149803,0.0040358346,0.0040358346,0.0040358346,0.0040358346,0
1791150103,0.0042510766,0.0042510766,0.0042510766,0.0042510766,0
1791150403,0.004398567,0.004398567,0.004398567,0.004398567,0
1791150703,0.004537754,0.004537754,0.004537754,0.004537754,0
1791151003,0.0046766913,0.0046766913,0.0046766913,0.0046766913,0
1791151303,0.0048354693,0.0048354693,0.0048354693,0.0048354693,0
1791151603,0.0048503503,0.0048503503,0.0048503503,0.0048503503,0
1791151903,0.0049582866,0.0049582866,0.0049582866,0.0049582866,0
1791152203,0.0050787721,0.0050787721,0.0050787721,0.0050787721,0
1791152503,0.0051855646,0.0051855646,0.0051855646,0.0051855646,0
1791152803,0.0052206509,0.0052206509,0.0052206509,0.0052206509,0
1791153103,0.0053505194,0.0053505194,0.0053505194,0.0053505194,0
1791153403,0.0055070902,0.0055070902,0.0055070902,0.0055070902,0
1791153703,0.0055365023,0.0055365023,0.0055365023,0.0055365023,0
1791154003,0.0056356939,0.0056356939,0.0056356939,0.0056356939,0
1791154303,0.0056813515,0.0056813515,0.0056813515,0.0056813515,0
1791154603,0.0057661761,0.0057661761,0.0057661761,0.0057661761,0
1791154903,0.0058700027,0.0058700027,0.0058700027,0.0058700027,0
1791155203,0.0058983269,0.0058983269,0.0058983269,0.0058983269,0
1791155503,0.0059836108,0.0059836108,0.0059836108,0.0059836108,0
1791155803,0.0060874886,0.0060874886,0.0060874886,0.0060874886,0
1791156103,0.006123646,0.006123646,0.006123646,0.006123646,0
1791156403,0.0061547147,0.0061547147,0.0061547147,0.0061547147,0
1791156703,0.0062683206,0.0062683206,0.0062683206,0.0062683206,0
1791157003,0.006341985,0.006341985,0.006341985,0.006341985,0
1791157303,0.0064597114,0.0064597114,0.0064597114,0.0064597114,0
1791157603,0.0065300749,0.0065300749,0.0065300749,0.0065300749,0
1791157903,0.0065979434,0.0065979434,0.0065979434,0.0065979434,0
1791158203,0.0065399477,0.0065399477,0.0065399477,0.0065399477,0
1791158503,0.006477495,0.006477495,0.006477495,0.006477495,0
1791158803,0.0064632221,0.0064632221,0.0064632221,0.0064632221,0
1791159103,0.0066530693,0.0066530693,0.0066530693,0.0066530693,0
1791159403,0.0068670208,0.0068670208,0.0068670208,0.0068670208,0
1791159703,0.0070945647,0.0070945647,0.0070945647,0.0070945647,0
1791160003,0.0071828027,0.0071828027,0.0071828027,0.0071828027,0
1791160303,0.0073985831,0.0073985831,0.0073985831,0.0073985831,0
1791160603,0.0076337508,0.0076337508,0.0076337508,0.0076337508,0
1791160903,0.0078125219,0.0078125219,0.0078125219,0.0078125219,0
1791161203,0.0079275872,0.0079275872,0.0079275872,0.0079275872,0
1791161503,0.0080442404,0.0080442404,0.0080442404,0.0080442404,0
1791161803,0.0081516042,0.0081516042,0.0081516042,0.0081516042,0
1791162103,0.0082576995,0.0082576995,0.0082576995,0.0082576995,0
1791162403,0.0083515759,0.0083515759,0.0083515759,0.0083515759,0
1791162703,0.0084255555,0.0084255555,0.0084255555,0.0084255555,0
1791163003,0.0085917117,0.0085917117,0.0085917117,0.0085917117,0
1791163303,0.0087721723,0.0087721723,0.0087721723,0.0087721723,0
1791163603,0.0090003801,0.0090003801,0.0090003801,0.0090003801,0
1791163903,0.009047388,0.009047388,0.009047388,0.009047388,0
1791164203,0.0090855738,0.0090855738,0.0090855738,0.0090855738,0
1791164503,0.0091771317,0.0091771317,0.0091771317,0.0091771317,0
1791164803,0.0091607713,0.0091607713,0.0091607713,0.0091607713,0
1791165103,0.0091840155,0.0091840155,0.0091840155,0.0091840155,0
1791165403,0.0091791557,0.0091791557,0.0091791557,0.0091791557,0
1791165703,0.0092622849,0.0092622849,0.0092622849,0.0092622849,0
1791166003,0.0093725547,0.0093725547,0.0093725547,0.0093725547,0
1791166303,0.0095561746,0.0095561746,0.0095561746,0.0095561746,0
1791166603,0.0096580008,0.0096580008,0.0096580008,0.0096580008,0
1791166903,0.0097165657,0.0097165657,0.0097165657,0.0097165657,0
1791167203,0.0097622893,0.0097622893,0.0097622893,0.0097622893,0
1791167503,0.0096730744,0.0096730744,0.0096730744,0.0096730744,0
1791167803,0.0095683051,0.0095683051,0.0095683051,0.0095683051,0
1791168103,0.0094757878,0.0094757878,0.0094757878,0.0094757878,0
1791168403,0.0093874029,0.0093874029,0.0093874029,0.0093874029,0
1791168703,0.0092601334,0.0092601334,0.0092601334,0.0092601334,0
1791169003,0.0091710433,0.0091710433,0.0091710433,0.0091710433,0
1791169303,0.0091417587,0.0091417587,0.0091417587,0.0091417587,0
1791169603,0.0090860063,0.0090860063,0.0090860063,0.0090860063,0
1791169903,0.0090380519,0.0090380519,0.0090380519,0.0090380519,0
1791170203,0.0090236769,0.0090236769,0.0090236769,0.0090236769,0
1791170503,0.0090408537,0.0090408537,0.0090408537,0.0090408537,0
1791170803,0.0090193015,0.0090193015,0.0090193015,0.0090193015,0
1791171103,0.0090002616,0.0090002616,0.0090002616,0.0090002616,0
1791171403,0.0089410422,0.0089410422,0.0089410422,0.0089410422,0
1791171703,0.0089218557,0.0089218557,0.0089218557,0.0089218557,0
1791172003,0.0088522679,0.0088522679,0.0088522679,0.0088522679,0
1791172303,0.0088365265,0.0088365265,0.0088365265,0.0088365265,0
1791172603,0.0088151286,0.0088151286,0.0088151286,0.0088151286,0
1791172903,0.008758612,0.008758612,0.008758612,0.008758612,0
1791173203,0.0087052081,0.0087052081,0.0087052081,0.0087052081,0
1791173503,0.0087001601,0.0087001601,0.0087001601,0.0087001601,0
1791173803,0.0086501808,0.0086501808,0.0086501808,0.0086501808,0
1791174103,0.0086152782,0.0086152782,0.0086152782,0.0086152782,0
1791174403,0.0086581052,0.0086581052,0.0086581052,0.0086581052,0
1791174703,0.0086381946,0.0086381946,0.0086381946,0.0086381946,0
1791175003,0.0086751773,0.0086751773,0.0086751773,0.0086751773,0
1791175303,0.0086622484,0.0086622484,0.0086622484,0.0086622484,0
1791175603,0.0085648443,0.0085648443,0.0085648443,0.0085648443,0
1791175903,0.0084395549,0.0084395549,0.0084395549,0.0084395549,0
1791176203,0.0084354449,0.0084354449,0.0084354449,0.0084354449,0
1791176503,0.0084183016,0.0084183016,0.0084183016,0.0084183016,0
1791176803,0.0084409726,0.0084409726,0.0084409726,0.0084409726,0
1791177103,0.0082936392,0.0082936392,0.0082936392,0.0082936392,0
1791177403,0.0082093508,0.0082093508,0.0082093508,0.0082093508,0
1791177703,0.0082290615,0.0082290615,0.0082290615,0.0082290615,0
1791178003,0.008149408,0.008149408,0.008149408,0.008149408,0
1791178303,0.0080250718,0.0080250718,0.0080250718,0.0080250718,0
1791178603,0.007894172,0.007894172,0.007894172,0.007894172,0
1791178903,0.0076813394,0.0076813394,0.0076813394,0.0076813394,0
1791179203,0.0075119084,0.0075119084,0.0075119084,0.0075119084,0
1791179503,0.0073769571,0.0073769571,0.0073769571,0.0073769571,0
1791179803,0.0072886996,0.0072886996,0.0072886996,0.0072886996,0
1791180103,0.007213634,0.007213634,0.007213634,0.007213634,0
1791180403,0.0071154294,0.0071154294,0.0071154294,0.0071154294,0
1791180703,0.0069704966,0.0069704966,0.0069704966,0.0069704966,0
1791181003,0.0068131824,0.0068131824,0.0068131824,0.0068131824,0
1791181303,0.0067090367,0.0067090367,0.0067090367,0.0067090367,0
1791181603,0.0065498069,0.0065498069,0.0065498069,0.0065498069,0
1791181903,0.0064602444,0.0064602444,0.0064602444,0.0064602444,0
1791182203,0.0063411457,0.0063411457,0.0063411457,0.0063411457,0
1791182503,0.0062096769,0.0062096769,0.0062096769,0.0062096769,0
1791182803,0.0061303325,0.0061303325,0.0061303325,0.0061303325,0
1791183103,0.0060288882,0.0060288882,0.0060288882,0.0060288882,0
1791183403,0.0059103671,0.0059103671,0.0059103671,0.0059103671,0
1791183703,0.0058306631,0.0058306631,0.0058306631,0.0058306631,0
1791184003,0.0056994876,0.0056994876,0.0056994876,0.0056994876,0
1791184303,0.0054975362,0.0054975362,0.0054975362,0.0054975362,0
1791184603,0.0055947847,0.0055947847,0.0055947847,0.0055947847,0
1791184903,0.0056116839,0.0056116839,0.0056116839,0.0056116839,0
1791185203,0.0055414451,0.0055414451,0.0055414451,0.0055414451,0
1791185503,0.0055457892,0.0055457892,0.0055457892,0.0055457892,0
1791185803,0.0055556261,0.0055556261,0.0055556261,0.0055556261,0
1791186103,0.0054356653,0.0054356653,0.0054356653,0.0054356653,0
1791186403,0.0054401753,0.0054401753,0.0054401753,0.0054401753,0
1791186703,0.0054521904,0.0054521904,0.0054521904,0.0054521904,0
1791187003,0.0055597234,0.0055597234,0.0055597234,0.0055597234,0
1791187303,0.0056743007,0.0056743007,0.0056743007,0.0056743007,0
1791187603,0.0057539095,0.0057539095,0.0057539095,0.0057539095,0
1791187903,0.0057410451,0.0057410451,0.0057410451,0.0057410451,0
1791188203,0.0057905148,0.0057905148,0.0057905148,0.0057905148,0
1791188503,0.0057580766,0.0057580766,0.0057580766,0.0057580766,0
1791188803,0.0057279548,0.0057279548,0.0057279548,0.0057279548,0
1791189103,0.0057372728,0.0057372728,0.0057372728,0.0057372728,0
1791189403,0.0057871376,0.0057871376,0.0057871376,0.0057871376,0
1791189703,0.0057823014,0.0057823014,0.0057823014,0.0057823014,0
1791190003,0.0056517242,0.0056517242,0.0056517242,0.0056517242,0
1791190303,0.0056520344,0.0056520344,0.0056520344,0.0056520344,0
1791190603,0.0056685375,0.0056685375,0.0056685375,0.0056685375,0
1791190903,0.0057510405,0.0057510405,0.0057510405,0.0057510405,0
1791191203,0.0058249294,0.0058249294,0.0058249294,0.0058249294,0
1791191503,0.0059394315,0.0059394315,0.0059394315,0.0059394315,0
1791191803,0.0061173542,0.0061173542,0.0061173542,0.0061173542,0
1791192103,0.0062306483,0.0062306483,0.0062306483,0.0062306483,0
1791192403,0.0063119889,0.0063119889,0.0063119889,0.0063119889,0
1791192703,0.0062820793,0.0062820793,0.0062820793,0.0062820793,0
1791193003,0.0062784105,0.0062784105,0.0062784105,0.0062784105,0
1791193303,0.0062930345,0.0062930345,0.0062930345,0.0062930345,0
1791193603,0.0062486797,0.0062486797,0.0062486797,0.0062486797,0
1791193903,0.0061087955,0.0061087955,0.0061087955,0.0061087955,0
1791194203,0.0059740128,0.0059740128,0.0059740128,0.0059740128,0
1791194503,0.0058574176,0.0058574176,0.0058574176,0.0058574176,0
1791194803,0.0057956699,0.0057956699,0.0057956699,0.0057956699,0
1791195103,0.0056641612,0.0056641612,0.0056641612,0.0056641612,0
1791195403,0.005601165,0.005601165,0.005601165,0.005601165,0
1791195703,0.0055475392,0.0055475392,0.0055475392,0.0055475392,0
1791196003,0.0054267996,0.0054267996,0.0054267996,0.0054267996,0
1791196303,0.0053757872,0.0053757872,0.0053757872,0.0053757872,0
1791196603,0.0051748147,0.0051748147,0.0051748147,0.0051748147,0
1791196903,0.005080971,0.005080971,0.005080971,0.005080971,0
1791197203,0.0049598565,0.0049598565,0.0049598565,0.0049598565,0
1791197503,0.0048766357,0.0048766357,0.0048766357,0.0048766357,0
1791197803,0.0047447929,0.0047447929,0.0047447929,0.0047447929,0
1791198103,0.0045413398,0.0045413398,0.0045413398,0.0045413398,0
1791198403,0.0043880692,0.0043880692,0.0043880692,0.0043880692,0
1791198703,0.0042381254,0.0042381254,0.0042381254,0.0042381254,0
1791199003,0.0041614994,0.0041614994,0.0041614994,0.0041614994,0
1791199303,0.004031783,0.004031783,0.004031783,0.004031783,0
1791199603,0.0039049636,0.0039049636,0.0039049636,0.0039049636,0
1791199903,0.0038187497,0.0038187497,0.0038187497,0.0038187497,0
1791200203,0.0036947032,0.0036947032,0.0036947032,0.0036947032,0
1791200503,0.0035961487,0.0035961487,0.0035961487,0.0035961487,0
1791200803,0.0034803344,0.0034803344,0.0034803344,0.0034803344,0
1791201103,0.0032969357,0.0032969357,0.0032969357,0.0032969357,0
1791201403,0.0032163162,0.0032163162,0.0032163162,0.0032163162,0
1791201703,0.0031021572,0.0031021572,0.0031021572,0.0031021572,0
1791202003,0.0030125077,0.0030125077,0.0030125077,0.0030125077,0
1791202303,0.0028482038,0.0028482038,0.0028482038,0.0028482038,0
1791202603,0.002766273,0.002766273,0.002766273,0.002766273,0
1791202903,0.0026839476,0.0026839476,0.0026839476,0.0026839476,0
1791203203,0.0025428207,0.0025428207,0.0025428207,0.0025428207,0
1791203503,0.0023725598,0.0023725598,0.0023725598,0.0023725598,0
1791203803,0.0022342824,0.0022342824,0.0022342824,0.0022342824,0
1791204103,0.0021458195,0.0021458195,0.0021458195,0.0021458195,0
1791204403,0.002126247,0.002126247,0.002126247,0.002126247,0
1791204703,0.0019916182,0.0019916182,0.0019916182,0.0019916182,0
1791205003,0.0018504438,0.0018504438,0.0018504438,0.0018504438,0
1791205303,0.0018488224,0.0018488224,0.0018488224,0.0018488224,0
1791205603,0.001862863,0.001862863,0.001862863,0.001862863,0
1791205903,0.0018027842,0.0018027842,0.0018027842,0.0018027842,0
1791206203,0.0017649362,0.0017649362,0.0017649362,0.0017649362,0
1791206503,0.0017456502,0.0017456502,0.0017456502,0.0017456502,0
1791206803,0.0016731232,0.0016731232,0.0016731232,0.0016731232,0
1791207103,0.001574627,0.001574627,0.001574627,0.001574627,0
1791207403,0.0014637403,0.0014637403,0.0014637403,0.0014637403,0
1791207703,0.0013589152,0.0013589152,0.0013589152,0.0013589152,0
1791208003,0.0012556601,0.0012556601,0.0012556601,0.0012556601,0
1791208303,0.001133693,0.001133693,0.001133693,0.001133693,0
1791208603,0.0009394512,0.0009394512,0.0009394512,0.0009394512,0
1791208903,0.0009246715,0.0009246715,0.0009246715,0.0009246715,0
1791209203,0.0008538651,0.0008538651,0.0008538651,0.0008538651,0
1791209503,0.0008053099,0.0008053099,0.0008053099,0.0008053099,0
1791209803,0.0007040178,0.0007040178,0.0007040178,0.0007040178,0
1791210103,0.0006833907,0.0006833907,0.0006833907,0.0006833907,0
1791210403,0.0007372157,0.0007372157,0.0007372157,0.0007372157,0
1791210703,0.0006754765,0.0006754765,0.0006754765,0.0006754765,0
1791211003,0.0006079758,0.0006079758,0.0006079758,0.0006079758,0
1791211303,0.0003254528,0.0003254528,0.0003254528,0.0003254528,0
1791211603,0.0001346697,0.0001346697,0.0001346697,0.0001346697,0
1791211903,-0.0000601467,-0.0000601467,-0.0000601467,-0.0000601467,0
1791212203,-0.0002756454,-0.0002756454,-0.0002756454,-0.0002756454,0
1791212503,-0.0004644276,-0.0004644276,-0.0004644276,-0.0004644276,0
1791212803,-0.0005720921,-0.0005720921,-0.0005720921,-0.0005720921,0
1791213103,-0.0007509925,-0.0007509925,-0.0007509925,-0.0007509925,0
1791213403,-0.0008945858,-0.0008945858,-0.0008945858,-0.0008945858,0
1791213703,-0.0009764013,-0.0009764013,-0.0009764013,-0.0009764013,0
1791214003,-0.0010139604,-0.0010139604,-0.0010139604,-0.0010139604,0
1791214303,-0.0011924149,-0.0011924149,-0.0011924149,-0.0011924149,0
1791214603,-0.0012606177,-0.0012606177,-0.0012606177,-0.0012606177,0
1791214903,-0.0013303419,-0.0013303419,-0.0013303419,-0.0013303419,0
1791215203,-0.001370429,-0.001370429,-0.001370429,-0.001370429,0
1791215503,-0.0013655306,-0.0013655306,-0.0013655306,-0.0013655306,0
1791215803,-0.0014156932,-0.0014156932,-0.0014156932,-0.0014156932,0
1791216103,-0.0013995966,-0.0013995966,-0.0013995966,-0.0013995966,0
1791216403,-0.0012563279,-0.0012563279,-0.0012563279,-0.0012563279,0
1791216703,-0.001168403,-0.001168403,-0.001168403,-0.001168403,0
1791217003,-0.0012151707,-0.0012151707,-0.0012151707,-0.0012151707,0
1791217303,-0.0012387828,-0.0012387828,-0.0012387828,-0.0012387828,0
1791217603,-0.0011972573,-0.0011972573,-0.0011972573,-0.0011972573,0
1791217903,-0.0011889547,-0.0011889547,-0.0011889547,-0.0011889547,0
1791218203,-0.0011897791,-0.0011897791,-0.0011897791,-0.0011897791,0
1791218503,-0.0012439626,-0.0012439626,-0.0012439626,-0.0012439626,0
1791218803,-0.001281974,-0.001281974,-0.001281974,-0.001281974,0
1791219103,-0.0011922205,-0.0011922205,-0.0011922205,-0.0011922205,0
1791219403,-0.0011876947,-0.0011876947,-0.0011876947,-0.0011876947,0
1791219703,-0.0012467647,-0.0012467647,-0.0012467647,-0.0012467647,0
1791220003,-0.0012945368,-0.0012945368,-0.0012945368,-0.0012945368,0
1791220303,-0.0012956379,-0.0012956379,-0.0012956379,-0.0012956379,0
1791220603,-0.0012414135,-0.0012414135,-0.0012414135,-0.0012414135,0
1791220903,-0.0012950683,-0.0012950683,-0.0012950683,-0.0012950683,0
1791221203,-0.0013144866,-0.0013144866,-0.0013144866,-0.0013144866,0
1791221503,-0.0013011426,-0.0013011426,-0.0013011426,-0.0013011426,0
1791221803,-0.0013601056,-0.0013601056,-0.0013601056,-0.0013601056,0
1791222103,-0.0014017733,-0.0014017733,-0.0014017733,-0.0014017733,0
1791222403,-0.0013783421,-0.0013783421,-0.0013783421,-0.0013783421,0
1791222703,-0.0013424947,-0.0013424947,-0.0013424947,-0.0013424947,0
1791223003,-0.0013302918,-0.0013302918,-0.0013302918,-0.0013302918,0
1791223303,-0.0013136117,-0.0013136117,-0.0013136117,-0.0013136117,0
1791223603,-0.0013531986,-0.0013531986,-0.0013531986,-0.0013531986,0
1791223903,-0.0013043203,-0.0013043203,-0.0013043203,-0.0013043203,0
1791224203,-0.0012910678,-0.0012910678,-0.0012910678,-0.0012910678,0
1791224503,-0.0012586035,-0.0012586035,-0.0012586035,-0.0012586035,0
1791224803,-0.001267708,-0.001267708,-0.001267708,-0.001267708,0
1791225103,-0.001271479,-0.001271479,-0.001271479,-0.001271479,0
1791225403,-0.0012696822,-0.0012696822,-0.0012696822,-0.0012696822,0
1791225703,-0.0012426297,-0.0012426297,-0.0012426297,-0.0012426297,0
1791226003,-0.0013282762,-0.0013282762,-0.0013282762,-0.0013282762,0
1791226303,-0.0013181774,-0.0013181774,-0.0013181774,-0.0013181774,0
1791226603,-0.0013174566,-0.0013174566,-0.0013174566,-0.0013174566,0
1791226903,-0.0011645036,-0.0011645036,-0.0011645036,-0.0011645036,0
1791227203,-0.0011410684,-0.0011410684,-0.0011410684,-0.0011410684,0
1791227503,-0.0011080214,-0.0011080214,-0.0011080214,-0.0011080214,0
1791227803,-0.0009882303,-0.0009882303,-0.0009882303,-0.0009882303,0
1791228103,-0.0009529913,-0.0009529913,-0.0009529913,-0.0009529913,0
1791228403,-0.0009466412,-0.0009466412,-0.0009466412,-0.0009466412,0
1791228703,-0.000956046,-0.000956046,-0.000956046,-0.000956046,0
1791229003,-0.0009968904,-0.0009968904,-0.0009968904,-0.0009968904,0
1791229303,-0.0009783274,-0.0009783274,-0.0009783274,-0.0009783274,0
1791229603,-0.0008969578,-0.0008969578,-0.0008969578,-0.0008969578,0
1791229903,-0.0008657661,-0.0008657661,-0.0008657661,-0.0008657661,0
1791230203,-0.0008018019,-0.0008018019,-0.0008018019,-0.0008018019,0
1791230503,-0.0007607503,-0.0007607503,-0.0007607503,-0.0007607503,0
1791230803,-0.000720652,-0.000720652,-0.000720652,-0.000720652,0
1791231103,-0.0005728569,-0.0005728569,-0.0005728569,-0.0005728569,0
1791231403,-0.0004725806,-0.0004725806,-0.0004725806,-0.0004725806,0
1791231703,-0.0003450581,-0.0003450581,-0.0003450581,-0.0003450581,0
1791232003,-0.0003476885,-0.0003476885,-0.0003476885,-0.0003476885,0
1791232303,-0.0003435332,-0.0003435332,-0.0003435332,-0.0003435332,0
1791232603,-0.0004544646,-0.0004544646,-0.0004544646,-0.0004544646,0
1791232903,-0.00049755,-0.00049755,-0.00049755,-0.00049755,0
1791233203,-0.0004807391,-0.0004807391,-0.0004807391,-0.0004807391,0
1791233503,-0.0004745255,-0.0004745255,-0.0004745255,-0.0004745255,0
1791233803,-0.0005145866,-0.0005145866,-0.0005145866,-0.0005145866,0
1791234103,-0.0006263007,-0.0006263007,-0.0006263007,-0.0006263007,0
1791234403,-0.0007238438,-0.0007238438,-0.0007238438,-0.0007238438,0
1791234703,-0.0007848506,-0.0007848506,-0.0007848506,-0.0007848506,0
1791235003,-0.0008649939,-0.0008649939,-0.0008649939,-0.0008649939,0
1791235303,-0.000893064,-0.000893064,-0.000893064,-0.000893064,0
1791235603,-0.0010450765,-0.0010450765,-0.0010450765,-0.0010450765,0
1791235903,-0.0011762769,-0.0011762769,-0.0011762769,-0.0011762769,0
1791236203,-0.0012463824,-0.0012463824,-0.0012463824,-0.0012463824,0
1791236503,-0.001345303,-0.001345303,-0.001345303,-0.001345303,0
1791236803,-0.0014582608,-0.0014582608,-0.0014582608,-0.0014582608,0
1791237103,-0.0015829191,-0.0015829191,-0.0015829191,-0.0015829191,0
1791237403,-0.0014805071,-0.0014805071,-0.0014805071,-0.0014805071,0
1791237703,-0.0015503689,-0.0015503689,-0.0015503689,-0.0015503689,0
1791238003,-0.0016435127,-0.0016435127,-0.0016435127,-0.0016435127,0
1791238303,-0.0015876002,-0.0015876002,-0.0015876002,-0.0015876002,0
1791238603,-0.0016429392,-0.0016429392,-0.0016429392,-0.0016429392,0
1791238903,-0.0016775102,-0.0016775102,-0.0016775102,-0.0016775102,0
1791239203,-0.0017908361,-0.0017908361,-0.0017908361,-0.0017908361,0
1791239503,-0.0019514758,-0.0019514758,-0.0019514758,-0.0019514758,0
1791239803,-0.0020890136,-0.0020890136,-0.0020890136,-0.0020890136,0
1791240103,-0.002234575,-0.002234575,-0.002234575,-0.002234575,0
1791240403,-0.0023317774,-0.0023317774,-0.0023317774,-0.0023317774,0
1791240703,-0.0024460117,-0.0024460117,-0.0024460117,-0.0024460117,0
1791241003,-0.0025297664,-0.0025297664,-0.0025297664,-0.0025297664,0
1791241303,-0.0025505453,-0.0025505453,-0.0025505453,-0.0025505453,0
1791241603,-0.0026003842,-0.0026003842,-0.0026003842,-0.0026003842,0
1791241903,-0.0026623187,-0.0026623187,-0.0026623187,-0.0026623187,0
1791242203,-0.0027424077,-0.0027424077,-0.0027424077,-0.0027424077,0
1791242503,-0.0027584984,-0.0027584984,-0.0027584984,-0.0027584984,0
1791242803,-0.0028476901,-0.0028476901,-0.0028476901,-0.0028476901,0
1791243103,-0.0029172817,-0.0029172817,-0.0029172817,-0.0029172817,0
1791243403,-0.0029496432,-0.0029496432,-0.0029496432,-0.0029496432,0
1791243703,-0.0029347957,-0.0029347957,-0.0029347957,-0.0029347957,0
1791244003,-0.0029118434,-0.0029118434,-0.0029118434,-0.0029118434,0
1791244303,-0.0028384833,-0.0028384833,-0.0028384833,-0.0028384833,0
1791244603,-0.0028422424,-0.0028422424,-0.0028422424,-0.0028422424,0
1791244903,-0.0029004434,-0.0029004434,-0.0029004434,-0.0029004434,0
1791245203,-0.0028734609,-0.0028734609,-0.0028734609,-0.0028734609,0
1791245503,-0.002928389,-0.002928389,-0.002928389,-0.002928389,0
1791245803,-0.002821413,-0.002821413,-0.002821413,-0.002821413,0
1791246103,-0.0028028117,-0.0028028117,-0.0028028117,-0.0028028117,0
1791246403,-0.002790068,-0.002790068,-0.002790068,-0.002790068,0
1791246703,-0.0027365112,-0.0027365112,-0.0027365112,-0.0027365112,0
1791247003,-0.002727572,-0.002727572,-0.002727572,-0.002727572,0
1791247303,-0.0026698495,-0.0026698495,-0.0026698495,-0.0026698495,0
1791247603,-0.0025561988,-0.0025561988,-0.0025561988,-0.0025561988,0
1791247903,-0.0024020328,-0.0024020328,-0.0024020328,-0.0024020328,0
1791248203,-0.0023515126,-0.0023515126,-0.0023515126,-0.0023515126,0
1791248503,-0.0022507609,-0.0022507609,-0.0022507609,-0.0022507609,0
1791248803,-0.0020996768,-0.0020996768,-0.0020996768,-0.0020996768,0
1791249103,-0.0020020658,-0.0020020658,-0.0020020658,-0.0020020658,0
1791249403,-0.0018835581,-0.0018835581,-0.0018835581,-0.0018835581,0
1791249703,-0.0018759657,-0.0018759657,-0.0018759657,-0.0018759657,0
1791250003,-0.0018349909,-0.0018349909,-0.0018349909,-0.0018349909,0
1791250303,-0.0017278838,-0.0017278838,-0.0017278838,-0.0017278838,0
1791250603,-0.0017294493,-0.0017294493,-0.0017294493,-0.0017294493,0
1791250903,-0.0016865944,-0.0016865944,-0.0016865944,-0.0016865944,0
1791251203,-0.0016915041,-0.0016915041,-0.0016915041,-0.0016915041,0
1791251503,-0.0016178172,-0.0016178172,-0.0016178172,-0.0016178172,0
1791251803,-0.0015530295,-0.0015530295,-0.0015530295,-0.0015530295,0
1791252103,-0.0014780743,-0.0014780743,-0.0014780743,-0.0014780743,0
1791252403,-0.0014165843,-0.0014165843,-0.0014165843,-0.0014165843,0
1791252703,-0.0013670849,-0.0013670849,-0.0013670849,-0.0013670849,0
1791253003,-0.0012206153,-0.0012206153,-0.0012206153,-0.0012206153,0
1791253303,-0.001106105,-0.001106105,-0.001106105,-0.001106105,0
1791253603,-0.0009508881,-0.0009508881,-0.0009508881,-0.0009508881,0
1791253903,-0.0008784047,-0.0008784047,-0.0008784047,-0.0008784047,0
1791254203,-0.0007792203,-0.0007792203,-0.0007792203,-0.0007792203,0
1791254503,-0.000758492,-0.000758492,-0.000758492,-0.000758492,0
1791254803,-0.0006992049,-0.0006992049,-0.0006992049,-0.0006992049,0
1791255103,-0.0007309416,-0.0007309416,-0.0007309416,-0.0007309416,0
1791255403,-0.0006697024,-0.0006697024,-0.0006697024,-0.0006697024,0
1791255703,-0.0006621026,-0.0006621026,-0.0006621026,-0.0006621026,0
1791256003,-0.0006434884,-0.0006434884,-0.0006434884,-0.0006434884,0
1791256303,-0.0005752871,-0.0005752871,-0.0005752871,-0.0005752871,0
1791256603,-0.0005460615,-0.0005460615,-0.0005460615,-0.0005460615,0
1791256903,-0.0004824327,-0.0004824327,-0.0004824327,-0.0004824327,0
1791257203,-0.000372865,-0.000372865,-0.000372865,-0.000372865,0
1791257503,-0.0002258186,-0.0002258186,-0.0002258186,-0.0002258186,0
1791257803,-0.0001428156,-0.0001428156,-0.0001428156,-0.0001428156,0
1791258103,-0.0000558172,-0.0000558172,-0.0000558172,-0.0000558172,0
1791258403,0.0000736147,0.0000736147,0.0000736147,0.0000736147,0
1791258703,0.0001987192,0.0001987192,0.0001987192,0.0001987192,0
1791259003,0.0002598119,0.0002598119,0.0002598119,0.0002598119,0
1791259303,0.0002767476,0.0002767476,0.0002767476,0.0002767476,0
1791259603,0.0003604926,0.0003604926,0.0003604926,0.0003604926,0
1791259903,0.0004704226,0.0004704226,0.0004704226,0.0004704226,0
1791260203,0.0005154272,0.0005154272,0.0005154272,0.0005154272,0
1791260503,0.0006180039,0.0006180039,0.0006180039,0.0006180039,0
1791261103,0.0007981814,0.0007981814,0.0007981814,0.0007981814,0
1791261403,0.0008569149,0.0008569149,0.0008569149,0.0008569149,0
1791261703,0.0009093671,0.0009093671,0.0009093671,0.0009093671,0
1791262003,0.0008782872,0.0008782872,0.0008782872,0.0008782872,0
1791262303,0.0009059118,0.0009059118,0.0009059118,0.0009059118,0
1791262603,0.0009256761,0.0009256761,0.0009256761,0.0009256761,0
1791262903,0.0009188221,0.0009188221,0.0009188221,0.0009188221,0
1791263203,0.0008395081,0.0008395081,0.0008395081,0.0008395081,0
1791263503,0.0009044527,0.0009044527,0.0009044527,0.0009044527,0
1791263803,0.0008851202,0.0008851202,0.0008851202,0.0008851202,0
1791264103,0.0009109066,0.0009109066,0.0009109066,0.0009109066,0
1791264403,0.0009226884,0.0009226884,0.0009226884,0.0009226884,0
1791264703,0.0009165739,0.0009165739,0.0009165739,0.0009165739,0
1791265003,0.000911234,0.000911234,0.000911234,0.000911234,0
1791265303,0.0008913525,0.0008913525,0.0008913525,0.0008913525,0
1791265603,0.0008347331,0.0008347331,0.0008347331,0.0008347331,0
1791265903,0.0008328001,0.0008328001,0.0008328001,0.0008328001,0
1791266203,0.0008797484,0.0008797484,0.0008797484,0.0008797484,0
1791266503,0.0008532099,0.0008532099,0.0008532099,0.0008532099,0
1791266803,0.0008223434,0.0008223434,0.0008223434,0.0008223434,0
1791267103,0.0007690755,0.0007690755,0.0007690755,0.0007690755,0
1791267403,0.000595024,0.000595024,0.000595024,0.000595024,0
1791267703,0.0004089335,0.0004089335,0.0004089335,0.0004089335,0
1791268003,0.0002231448,0.0002231448,0.0002231448,0.0002231448,0
1791268303,0.0001075605,0.0001075605,0.0001075605,0.0001075605,0
1791268603,-0.0000649491,-0.0000649491,-0.0000649491,-0.0000649491,0
1791268903,-0.0002440642,-0.0002440642,-0.0002440642,-0.0002440642,0
1791269203,-0.0004002051,-0.0004002051,-0.0004002051,-0.0004002051,0
1791269503,-0.0005844421,-0.0005844421,-0.0005844421,-0.0005844421,0
1791269803,-0.0007321136,-0.0007321136,-0.0007321136,-0.0007321136,0
1791270103,-0.0008277713,-0.0008277713,-0.0008277713,-0.0008277713,0
1791270403,-0.0009524564,-0.0009524564,-0.0009524564,-0.0009524564,0
1791270703,-0.0011246891,-0.0011246891,-0.0011246891,-0.0011246891,0
1791271003,-0.001256017,-0.001256017,-0.001256017,-0.001256017,0
1791271303,-0.0013635285,-0.0013635285,-0.0013635285,-0.0013635285,0
1791271603,-0.001520155,-0.001520155,-0.001520155,-0.001520155,0
1791271903,-0.0017646169,-0.0017646169,-0.0017646169,-0.0017646169,0
1791272203,-0.0020286885,-0.0020286885,-0.0020286885,-0.0020286885,0
1791272503,-0.0023277474,-0.0023277474,-0.0023277474,-0.0023277474,0
1791272803,-0.0026012284,-0.0026012284,-0.0026012284,-0.0026012284,0
1791273103,-0.0029213273,-0.0029213273,-0.0029213273,-0.0029213273,0
1791273403,-0.0032759624,-0.0032759624,-0.0032759624,-0.0032759624,0
1791273703,-0.0034567894,-0.0034567894,-0.0034567894,-0.0034567894,0
1791274003,-0.0035731774,-0.0035731774,-0.0035731774,-0.0035731774,0
1791274303,-0.0036301196,-0.0036301196,-0.0036301196,-0.0036301196,0
1791274603,-0.0037368079,-0.0037368079,-0.0037368079,-0.0037368079,0
1791274903,-0.003880516,-0.003880516,-0.003880516,-0.003880516,0
1791275203,-0.0039957721,-0.0039957721,-0.0039957721,-0.0039957721,0
1791275503,-0.0040421879,-0.0040421879,-0.0040421879,-0.0040421879,0
1791275803,-0.0041505889,-0.0041505889,-0.0041505889,-0.0041505889,0
1791276103,-0.0042094867,-0.0042094867,-0.0042094867,-0.0042094867,0
1791276403,-0.0043505681,-0.0043505681,-0.0043505681,-0.0043505681,0
1791276703,-0.0044476781,-0.0044476781,-0.0044476781,-0.0044476781,0
1791277003,-0.0045654837,-0.0045654837,-0.0045654837,-0.0045654837,0
1791277303,-0.0047169843,-0.0047169843,-0.0047169843,-0.0047169843,0
1791277603,-0.0048256523,-0.0048256523,-0.0048256523,-0.0048256523,0
1791277903,-0.0049604371,-0.0049604371,-0.0049604371,-0.0049604371,0
1791278203,-0.0049632474,-0.0049632474,-0.0049632474,-0.0049632474,0
1791278503,-0.0050594687,-0.0050594687,-0.0050594687,-0.0050594687,0
1791278803,-0.0050813956,-0.0050813956,-0.0050813956,-0.0050813956,0
1791279103,-0.005071679,-0.005071679,-0.005071679,-0.005071679,0
1791279403,-0.0050847932,-0.0050847932,-0.0050847932,-0.0050847932,0
1791279703,-0.0050190393,-0.0050190393,-0.0050190393,-0.0050190393,0
1791280003,-0.0049616415,-0.0049616415,-0.0049616415,-0.0049616415,0
1791280303,-0.0049341151,-0.0049341151,-0.0049341151,-0.0049341151,0
1791280603,-0.0048690799,-0.0048690799,-0.0048690799,-0.0048690799,0
1791280903,-0.0048975303,-0.0048975303,-0.0048975303,-0.0048975303,0
1791281203,-0.0049436007,-0.0049436007,-0.0049436007,-0.0049436007,0
1791281503,-0.0049862496,-0.0049862496,-0.0049862496,-0.0049862496,0
1791281803,-0.0050150241,-0.0050150241,-0.0050150241,-0.0050150241,0
1791282103,-0.0050745672,-0.0050745672,-0.0050745672,-0.0050745672,0
1791282403,-0.0051292125,-0.0051292125,-0.0051292125,-0.0051292125,0
1791282703,-0.0051367166,-0.0051367166,-0.0051367166,-0.0051367166,0
1791283003,-0.0051471948,-0.0051471948,-0.0051471948,-0.0051471948,0
1791283303,-0.0051579382,-0.0051579382,-0.0051579382,-0.0051579382,0
1791283603,-0.0051467308,-0.0051467308,-0.0051467308,-0.0051467308,0
1791283903,-0.0051378823,-0.0051378823,-0.0051378823,-0.0051378823,0
1791284203,-0.0051814014,-0.0051814014,-0.0051814014,-0.0051814014,0
1791284503,-0.0052080474,-0.0052080474,-0.0052080474,-0.0052080474,0
1791284803,-0.0051557018,-0.0051557018,-0.0051557018,-0.0051557018,0
1791285103,-0.0051148374,-0.0051148374,-0.0051148374,-0.0051148374,0
1791285403,-0.0050209307,-0.0050209307,-0.0050209307,-0.0050209307,0
1791285703,-0.0049127851,-0.0049127851,-0.0049127851,-0.0049127851,0
1791286003,-0.0046220793,-0.0046220793,-0.0046220793,-0.0046220793,0
1791286303,-0.0044600793,-0.0044600793,-0.0044600793,-0.0044600793,0
1791286603,-0.0042401883,-0.0042401883,-0.0042401883,-0.0042401883,0
1791286903,-0.0040394644,-0.0040394644,-0.0040394644,-0.0040394644,0
1791287203,-0.0038443497,-0.0038443497,-0.0038443497,-0.0038443497,0
1791287503,-0.003707091,-0.003707091,-0.003707091,-0.003707091,0
1791287803,-0.0035179959,-0.0035179959,-0.0035179959,-0.0035179959,0
1791288103,-0.0033313135,-0.0033313135,-0.0033313135,-0.0033313135,0
1791288403,-0.0031839769,-0.0031839769,-0.0031839769,-0.0031839769,0
1791288703,-0.0030964983,-0.0030964983,-0.0030964983,-0.0030964983,0
1791289003,-0.0029434551,-0.0029434551,-0.0029434551,-0.0029434551,0
1791289303,-0.0026654793,-0.0026654793,-0.0026654793,-0.0026654793,0
1791289603,-0.0024941012,-0.0024941012,-0.0024941012,-0.0024941012,0
1791289903,-0.0022597091,-0.0022597091,-0.0022597091,-0.0022597091,0
1791290203,-0.0020099012,-0.0020099012,-0.0020099012,-0.0020099012,0
1791290503,-0.0018054583,-0.0018054583,-0.0018054583,-0.0018054583,0
1791290803,-0.0016028671,-0.0016028671,-0.0016028671,-0.0016028671,0
1791291103,-0.0014219417,-0.0014219417,-0.0014219417,-0.0014219417,0
1791291403,-0.0011897171,-0.0011897171,-0.0011897171,-0.0011897171,0
1791291703,-0.0008473723,-0.0008473723,-0.0008473723,-0.0008473723,0
1791292003,-0.0006624116,-0.0006624116,-0.0006624116,-0.0006624116,0
1791292303,-0.0004634022,-0.0004634022,-0.0004634022,-0.0004634022,0
1791292603,-0.0002078902,-0.0002078902,-0.0002078902,-0.0002078902,0
1791292903,0.0000774521,0.0000774521,0.0000774521,0.0000774521,0
1791293203,0.0003280223,0.0003280223,0.0003280223,0.0003280223,0
1791293503,0.0005348761,0.0005348761,0.0005348761,0.0005348761,0
1791293803,0.0007012525,0.0007012525,0.0007012525,0.0007012525,0
1791294103,0.0008892246,0.0008892246,0.0008892246,0.0008892246,0
1791294403,0.001088556,0.001088556,0.001088556,0.001088556,0
1791294703,0.0012207445,0.0012207445,0.0012207445,0.0012207445,0
1791295003,0.0013781323,0.0013781323,0.0013781323,0.0013781323,0
1791295303,0.0015490497,0.0015490497,0.0015490497,0.0015490497,0
1791295603,0.0016590604,0.0016590604,0.0016590604,0.0016590604,0
1791295903,0.0017109945,0.0017109945,0.0017109945,0.0017109945,0
1791296203,0.0018082985,0.0018082985,0.0018082985,0.0018082985,0
1791296503,0.0018968291,0.0018968291,0.0018968291,0.0018968291,0
1791296803,0.0019819557,0.0019819557,0.0019819557,0.0019819557,0
1791297103,0.0020269673,0.0020269673,0.0020269673,0.0020269673,0
1791297403,0.0020697463,0.0020697463,0.0020697463,0.0020697463,0
1791297703,0.0021394132,0.0021394132,0.0021394132,0.0021394132,0
1791298003,0.0022121237,0.0022121237,0.0022121237,0.0022121237,0
1791298303,0.0022709957,0.0022709957,0.0022709957,0.0022709957,0
1791298603,0.0024334128,0.0024334128,0.0024334128,0.0024334128,0
1791298903,0.002697688,0.002697688,0.002697688,0.002697688,0
1791299203,0.002779458,0.002779458,0.002779458,0.002779458,0
1791299503,0.0029906336,0.0029906336,0.0029906336,0.0029906336,0
1791299803,0.0030584736,0.0030584736,0.0030584736,0.0030584736,0
1791300103,0.0031592823,0.0031592823,0.0031592823,0.0031592823,0
1791300403,0.0033216098,0.0033216098,0.0033216098,0.0033216098,0
1791300703,0.0033510171,0.0033510171,0.0033510171,0.0033510171,0
1791301003,0.0033604436,0.0033604436,0.0033604436,0.0033604436,0
1791301303,0.0032897947,0.0032897947,0.0032897947,0.0032897947,0
1791301603,0.0032189633,0.0032189633,0.0032189633,0.0032189633,0
1791301903,0.0030854259,0.0030854259,0.0030854259,0.0030854259,0
1791302203,0.0029067201,0.0029067201,0.0029067201,0.0029067201,0
1791302503,0.0027154459,0.0027154459,0.0027154459,0.0027154459,0
1791302803,0.0026442907,0.0026442907,0.0026442907,0.0026442907,0
1791303103,0.0026074339,0.0026074339,0.0026074339,0.0026074339,0
1791303403,0.0025142756,0.0025142756,0.0025142756,0.0025142756,0
1791303703,0.0023983147,0.0023983147,0.0023983147,0.0023983147,0
1791304003,0.0023182682,0.0023182682,0.0023182682,0.0023182682,0
1791304303,0.002149851,0.002149851,0.002149851,0.002149851,0
1791304603,0.0019838662,0.0019838662,0.0019838662,0.0019838662,0
1791304903,0.0018654735,0.0018654735,0.0018654735,0.0018654735,0
1791305203,0.0017997792,0.0017997792,0.0017997792,0.0017997792,0
1791305503,0.0016597467,0.0016597467,0.0016597467,0.0016597467,0
1791305803,0.0015087092,0.0015087092,0.0015087092,0.0015087092,0
1791306103,0.0013229072,0.0013229072,0.0013229072,0.0013229072,0
1791306403,0.0011233718,0.0011233718,0.0011233718,0.0011233718,0
1791306703,0.0009033787,0.0009033787,0.0009033787,0.0009033787,0
1791307003,0.0007284925,0.0007284925,0.0007284925,0.0007284925,0
1791307303,0.000529758,0.000529758,0.000529758,0.000529758,0
1791307603,0.0003448885,0.0003448885,0.0003448885,0.0003448885,0
1791307903,0.0002061389,0.0002061389,0.0002061389,0.0002061389,0
1791308203,0.0000150153,0.0000150153,0.0000150153,0.0000150153,0
1791308503,-0.0001600102,-0.0001600102,-0.0001600102,-0.0001600102,0
1791308803,-0.0003671991,-0.0003671991,-0.0003671991,-0.0003671991,0
1791309103,-0.000548836,-0.000548836,-0.000548836,-0.000548836,0
1791309403,-0.0007610846,-0.0007610846,-0.0007610846,-0.0007610846,0
1791309703,-0.0010678143,-0.0010678143,-0.0010678143,-0.0010678143,0
1791310003,-0.0012466199,-0.0012466199,-0.0012466199,-0.0012466199,0
1791310303,-0.0014604079,-0.0014604079,-0.0014604079,-0.0014604079,0
1791310603,-0.0016087173,-0.0016087173,-0.0016087173,-0.0016087173,0
1791310903,-0.0017604375,-0.0017604375,-0.0017604375,-0.0017604375,0
1791311203,-0.0019144864,-0.0019144864,-0.0019144864,-0.0019144864,0
1791311503,-0.0020839061,-0.0020839061,-0.0020839061,-0.0020839061,0
1791311803,-0.0021618698,-0.0021618698,-0.0021618698,-0.0021618698,0
1791312103,-0.0022845226,-0.0022845226,-0.0022845226,-0.0022845226,0
1791312403,-0.0023531615,-0.0023531615,-0.0023531615,-0.0023531615,0
1791312703,-0.0024454659,-0.0024454659,-0.0024454659,-0.0024454659,0
1791313003,-0.0025682006,-0.0025682006,-0.0025682006,-0.0025682006,0
1791313303,-0.0026657652,-0.0026657652,-0.0026657652,-0.0026657652,0
1791313603,-0.0026430691,-0.0026430691,-0.0026430691,-0.0026430691,0
1791313903,-0.0027423056,-0.0027423056,-0.0027423056,-0.0027423056,0
1791314203,-0.002736839,-0.002736839,-0.002736839,-0.002736839,0
1791314503,-0.0028208526,-0.0028208526,-0.0028208526,-0.0028208526,0
1791314803,-0.0028413787,-0.0028413787,-0.0028413787,-0.0028413787,0
1791315103,-0.0028756592,-0.0028756592,-0.0028756592,-0.0028756592,0
1791315403,-0.0029515784,-0.0029515784,-0.0029515784,-0.0029515784,0
1791315703,-0.0028997954,-0.0028997954,-0.0028997954,-0.0028997954,0
1791316303,-0.0028280569,-0.0028280569,-0.0028280569,-0.0028280569,0
1791316603,-0.002771945,-0.002771945,-0.002771945,-0.002771945,0
1791316903,-0.0026574285,-0.0026574285,-0.0026574285,-0.0026574285,0
1791317203,-0.0025972394,-0.0025972394,-0.0025972394,-0.0025972394,0
1791317503,-0.0026041506,-0.0026041506,-0.0026041506,-0.0026041506,0
1791317803,-0.0026049272,-0.0026049272,-0.0026049272,-0.0026049272,0
1791318103,-0.0026253132,-0.0026253132,-0.0026253132,-0.0026253132,0
1791318403,-0.0027025661,-0.0027025661,-0.0027025661,-0.0027025661,0
1791318703,-0.0026771529,-0.0026771529,-0.0026771529,-0.0026771529,0
1791319003,-0.0026810743,-0.0026810743,-0.0026810743,-0.0026810743,0
1791319303,-0.0026707962,-0.0026707962,-0.0026707962,-0.0026707962,0
1791319603,-0.0026258276,-0.0026258276,-0.0026258276,-0.0026258276,0
1791319903,-0.00258291,-0.00258291,-0.00258291,-0.00258291,0
1791320203,-0.0025034805,-0.0025034805,-0.0025034805,-0.0025034805,0
1791320503,-0.0024272513,-0.0024272513,-0.0024272513,-0.0024272513,0
1791320803,-0.0023696972,-0.0023696972,-0.0023696972,-0.0023696972,0
1791321103,-0.0023569617,-0.0023569617,-0.0023569617,-0.0023569617,0
1791321403,-0.0022629592,-0.0022629592,-0.0022629592,-0.0022629592,0
1791321703,-0.0022415187,-0.0022415187,-0.0022415187,-0.0022415187,0
1791322003,-0.0021871527,-0.0021871527,-0.0021871527,-0.0021871527,0
1791322303,-0.0021205165,-0.0021205165,-0.0021205165,-0.0021205165,0
1791322603,-0.0020400384,-0.0020400384,-0.0020400384,-0.0020400384,0
1791322903,-0.0019578825,-0.0019578825,-0.0019578825,-0.0019578825,0
1791323203,-0.0019423929,-0.0019423929,-0.0019423929,-0.0019423929,0
1791323503,-0.0020239409,-0.0020239409,-0.0020239409,-0.0020239409,0
1791323803,-0.0021032017,-0.0021032017,-0.0021032017,-0.0021032017,0
1791324103,-0.0020828299,-0.0020828299,-0.0020828299,-0.0020828299,0
1791324403,-0.0020113119,-0.0020113119,-0.0020113119,-0.0020113119,0
1791324703,-0.0020171028,-0.0020171028,-0.0020171028,-0.0020171028,0
1791325003,-0.0020634907,-0.0020634907,-0.0020634907,-0.0020634907,0
1791325303,-0.0020819936,-0.0020819936,-0.0020819936,-0.0020819936,0
1791325603,-0.0020321744,-0.0020321744,-0.0020321744,-0.0020321744,0
1791325903,-0.0020222441,-0.0020222441,-0.0020222441,-0.0020222441,0
1791326203,-0.0019670885,-0.0019670885,-0.0019670885,-0.0019670885,0
1791326503,-0.0018586639,-0.0018586639,-0.0018586639,-0.0018586639,0
1791326803,-0.001797313,-0.001797313,-0.001797313,-0.001797313,0
1791327103,-0.0017426267,-0.0017426267,-0.0017426267,-0.0017426267,0
1791327403,-0.0016764804,-0.0016764804,-0.0016764804,-0.0016764804,0
1791327703,-0.0016436794,-0.0016436794,-0.0016436794,-0.0016436794,0
1791328003,-0.0015444936,-0.0015444936,-0.0015444936,-0.0015444936,0
1791328303,-0.001518525,-0.001518525,-0.001518525,-0.001518525,0
1791328603,-0.0014337705,-0.0014337705,-0.0014337705,-0.0014337705,0
1791328903,-0.0014545418,-0.0014545418,-0.0014545418,-0.0014545418,0
1791329203,-0.0013404477,-0.0013404477,-0.0013404477,-0.0013404477,0
1791329503,-0.0012595448,-0.0012595448,-0.0012595448,-0.0012595448,0
1791329803,-0.0012166898,-0.0012166898,-0.0012166898,-0.0012166898,0
1791330103,-0.0011460648,-0.0011460648,-0.0011460648,-0.0011460648,0
1791330403,-0.0010218953,-0.0010218953,-0.0010218953,-0.0010218953,0
1791330703,-0.000899488,-0.000899488,-0.000899488,-0.000899488,0
1791331003,-0.0008141272,-0.0008141272,-0.0008141272,-0.0008141272,0
1791331303,-0.0007382584,-0.0007382584,-0.0007382584,-0.0007382584,0
1791331603,-0.0006717026,-0.0006717026,-0.0006717026,-0.0006717026,0
1791331903,-0.0006387229,-0.0006387229,-0.0006387229,-0.0006387229,0
1791332203,-0.0005825355,-0.0005825355,-0.0005825355,-0.0005825355,0
1791332503,-0.0005157827,-0.0005157827,-0.0005157827,-0.0005157827,0
1791332803,-0.000493217,-0.000493217,-0.000493217,-0.000493217,0
1791333103,-0.0004778418,-0.0004778418,-0.0004778418,-0.0004778418,0
1791333403,-0.0004065549,-0.0004065549,-0.0004065549,-0.0004065549,0
1791333703,-0.0003343025,-0.0003343025,-0.0003343025,-0.0003343025,0
1791334003,-0.0002710033,-0.0002710033,-0.0002710033,-0.0002710033,0
1791334303,-0.0002646497,-0.0002646497,-0.0002646497,-0.0002646497,0
1791334603,-0.0002270214,-0.0002270214,-0.0002270214,-0.0002270214,0
1791334903,-0.0002089542,-0.0002089542,-0.0002089542,-0.0002089542,0
1791335203,-0.0001885987,-0.0001885987,-0.0001885987,-0.0001885987,0
1791335503,-0.0001959675,-0.0001959675,-0.0001959675,-0.0001959675,0
1791335803,-0.0001800342,-0.0001800342,-0.0001800342,-0.0001800342,0
1791336103,-0.0001412617,-0.0001412617,-0.0001412617,-0.0001412617,0
1791336403,-0.0000702979,-0.0000702979,-0.0000702979,-0.0000702979,0
1791336703,0.0000156525,0.0000156525,0.0000156525,0.0000156525,0
1791337003,-0.0000172448,-0.0000172448,-0.0000172448,-0.0000172448,0
1791337303,0.0000189684,0.0000189684,0.0000189684,0.0000189684,0
1791337603,0.0001022809,0.0001022809,0.0001022809,0.0001022809,0
1791337903,0.0001194917,0.0001194917,0.0001194917,0.0001194917,0
1791338203,0.0000650565,0.0000650565,0.0000650565,0.0000650565,0
1791338503,-0.000033015,-0.000033015,-0.000033015,-0.000033015,0
1791338803,-0.0001029596,-0.0001029596,-0.0001029596,-0.0001029596,0
1791339103,-0.0002551478,-0.0002551478,-0.0002551478,-0.0002551478,0
1791339403,-0.0003689495,-0.0003689495,-0.0003689495,-0.0003689495,0
1791339703,-0.0004533652,-0.0004533652,-0.0004533652,-0.0004533652,0
1791340003,-0.0004838382,-0.0004838382,-0.0004838382,-0.0004838382,0
1791340303,-0.0005189441,-0.0005189441,-0.0005189441,-0.0005189441,0
1791340603,-0.000524029,-0.000524029,-0.000524029,-0.000524029,0
1791340903,-0.0005620476,-0.0005620476,-0.0005620476,-0.0005620476,0
1791341203,-0.000656837,-0.000656837,-0.000656837,-0.000656837,0
1791341503,-0.0007395096,-0.0007395096,-0.0007395096,-0.0007395096,0
1791341803,-0.0007980797,-0.0007980797,-0.0007980797,-0.0007980797,0
1791342103,-0.000906213,-0.000906213,-0.000906213,-0.000906213,0
1791342403,-0.0010623012,-0.0010623012,-0.0010623012,-0.0010623012,0
1791342703,-0.001284072,-0.001284072,-0.001284072,-0.001284072,0
1791343003,-0.0014199348,-0.0014199348,-0.0014199348,-0.0014199348,0
1791343303,-0.0015623666,-0.0015623666,-0.0015623666,-0.0015623666,0
1791343603,-0.0018096238,-0.0018096238,-0.0018096238,-0.0018096238,0
1791343903,-0.0019110415,-0.0019110415,-0.0019110415,-0.0019110415,0
1791344203,-0.0020479415,-0.0020479415,-0.0020479415,-0.0020479415,0
1791344503,-0.0021170058,-0.0021170058,-0.0021170058,-0.0021170058,0
1791344803,-0.00221471,-0.00221471,-0.00221471,-0.00221471,0
1791345103,-0.0023885742,-0.0023885742,-0.0023885742,-0.0023885742,0
1791345403,-0.0025911184,-0.0025911184,-0.0025911184,-0.0025911184,0
1791345703,-0.0027637643,-0.0027637643,-0.0027637643,-0.0027637643,0
1791346003,-0.0027907039,-0.0027907039,-0.0027907039,-0.0027907039,0
1791346303,-0.0027874472,-0.0027874472,-0.0027874472,-0.0027874472,0
1791346603,-0.002873144,-0.002873144,-0.002873144,-0.002873144,0
1791346903,-0.0030004878,-0.0030004878,-0.0030004878,-0.0030004878,0
1791347203,-0.0030285837,-0.0030285837,-0.0030285837,-0.0030285837,0
1791347503,-0.0030942142,-0.0030942142,-0.0030942142,-0.0030942142,0
1791347803,-0.0031775389,-0.0031775389,-0.0031775389,-0.0031775389,0
1791348103,-0.003155966,-0.003155966,-0.003155966,-0.003155966,0
1791348403,-0.0031078072,-0.0031078072,-0.0031078072,-0.0031078072,0
1791348703,-0.0029922567,-0.0029922567,-0.0029922567,-0.0029922567,0
1791349003,-0.0028994788,-0.0028994788,-0.0028994788,-0.0028994788,0
1791349303,-0.0028075389,-0.0028075389,-0.0028075389,-0.0028075389,0
1791349603,-0.002694419,-0.002694419,-0.002694419,-0.002694419,0
1791349903,-0.0026286043,-0.0026286043,-0.0026286043,-0.0026286043,0
1791350203,-0.0025743871,-0.0025743871,-0.0025743871,-0.0025743871,0
1791350503,-0.0025881952,-0.0025881952,-0.0025881952,-0.0025881952,0
1791350803,-0.0026538606,-0.0026538606,-0.0026538606,-0.0026538606,0
1791351103,-0.002658633,-0.002658633,-0.002658633,-0.002658633,0
1791351403,-0.0026195268,-0.0026195268,-0.0026195268,-0.0026195268,0
1791351703,-0.0026421765,-0.0026421765,-0.0026421765,-0.0026421765,0
1791352003,-0.0027236132,-0.0027236132,-0.0027236132,-0.0027236132,0
1791352303,-0.0027453613,-0.0027453613,-0.0027453613,-0.0027453613,0
1791352603,-0.0027884255,-0.0027884255,-0.0027884255,-0.0027884255,0
1791352903,-0.002849675,-0.002849675,-0.002849675,-0.002849675,0
1791353203,-0.0028741457,-0.0028741457,-0.0028741457,-0.0028741457,0
1791353503,-0.0028736844,-0.0028736844,-0.0028736844,-0.0028736844,0
1791353803,-0.0028797964,-0.0028797964,-0.0028797964,-0.0028797964,0
1791354103,-0.0028728028,-0.0028728028,-0.0028728028,-0.0028728028,0
1791354403,-0.0029072824,-0.0029072824,-0.0029072824,-0.0029072824,0
1791354703,-0.0029004496,-0.0029004496,-0.0029004496,-0.0029004496,0
1791355003,-0.0029489764,-0.0029489764,-0.0029489764,-0.0029489764,0
1791355303,-0.0029418096,-0.0029418096,-0.0029418096,-0.0029418096,0
1791355603,-0.0029883,-0.0029883,-0.0029883,-0.0029883,0
1791355903,-0.0029604868,-0.0029604868,-0.0029604868,-0.0029604868,0
1791356203,-0.0029357527,-0.0029357527,-0.0029357527,-0.0029357527,0
1791356503,-0.0029306305,-0.0029306305,-0.0029306305,-0.0029306305,0
1791356803,-0.0029804319,-0.0029804319,-0.0029804319,-0.0029804319,0
1791357103,-0.0029478219,-0.0029478219,-0.0029478219,-0.0029478219,0
1791357403,-0.0028515038,-0.0028515038,-0.0028515038,-0.0028515038,0
1791357703,-0.0028260742,-0.0028260742,-0.0028260742,-0.0028260742,0
1791358003,-0.0027285341,-0.0027285341,-0.0027285341,-0.0027285341,0
1791358303,-0.0026441932,-0.0026441932,-0.0026441932,-0.0026441932,0
1791358603,-0.0026780233,-0.0026780233,-0.0026780233,-0.0026780233,0
1791358903,-0.0027399926,-0.0027399926,-0.0027399926,-0.0027399926,0
1791359203,-0.002810062,-0.002810062,-0.002810062,-0.002810062,0
1791359503,-0.0029545838,-0.0029545838,-0.0029545838,-0.0029545838,0
1791359803,-0.0031079394,-0.0031079394,-0.0031079394,-0.0031079394,0
1791360103,-0.0032687848,-0.0032687848,-0.0032687848,-0.0032687848,0
1791360403,-0.0033540963,-0.0033540963,-0.0033540963,-0.0033540963,0
1791360703,-0.0035299787,-0.0035299787,-0.0035299787,-0.0035299787,0
1791361003,-0.0036589459,-0.0036589459,-0.0036589459,-0.0036589459,0
1791361303,-0.0037854161,-0.0037854161,-0.0037854161,-0.0037854161,0
1791361603,-0.0037901878,-0.0037901878,-0.0037901878,-0.0037901878,0
1791361903,-0.0037189219,-0.0037189219,-0.0037189219,-0.0037189219,0
1791362203,-0.0037526286,-0.0037526286,-0.0037526286,-0.0037526286,0
1791362503,-0.0038107379,-0.0038107379,-0.0038107379,-0.0038107379,0
1791362803,-0.0039446137,-0.0039446137,-0.0039446137,-0.0039446137,0
1791363103,-0.003997555,-0.003997555,-0.003997555,-0.003997555,0
1791363403,-0.0040456601,-0.0040456601,-0.0040456601,-0.0040456601,0
1791363703,-0.0039889422,-0.0039889422,-0.0039889422,-0.0039889422,0
1791364003,-0.0039716421,-0.0039716421,-0.0039716421,-0.0039716421,0
1791364303,-0.0039035245,-0.0039035245,-0.0039035245,-0.0039035245,0
1791364603,-0.0038531264,-0.0038531264,-0.0038531264,-0.0038531264,0
1791364903,-0.0038629354,-0.0038629354,-0.0038629354,-0.0038629354,0
1791365203,-0.0038469111,-0.0038469111,-0.0038469111,-0.0038469111,0
1791365503,-0.0038178779,-0.0038178779,-0.0038178779,-0.0038178779,0
1791365803,-0.0038133036,-0.0038133036,-0.0038133036,-0.0038133036,0
1791366103,-0.0038147296,-0.0038147296,-0.0038147296,-0.0038147296,0
1791366403,-0.0038098007,-0.0038098007,-0.0038098007,-0.0038098007,0
1791366703,-0.0037567888,-0.0037567888,-0.0037567888,-0.0037567888,0
1791367003,-0.0036902514,-0.0036902514,-0.0036902514,-0.0036902514,0
1791367303,-0.0036222319,-0.0036222319,-0.0036222319,-0.0036222319,0
1791367603,-0.0035460317,-0.0035460317,-0.0035460317,-0.0035460317,0
1791367903,-0.0034608147,-0.0034608147,-0.0034608147,-0.0034608147,0
1791368203,-0.0033684204,-0.0033684204,-0.0033684204,-0.0033684204,0
1791368503,-0.0033322069,-0.0033322069,-0.0033322069,-0.0033322069,0
1791368803,-0.0033234129,-0.0033234129,-0.0033234129,-0.0033234129,0
1791369103,-0.0033387133,-0.0033387133,-0.0033387133,-0.0033387133,0
1791369403,-0.0033753273,-0.0033753273,-0.0033753273,-0.0033753273,0
1791369703,-0.0033333659,-0.0033333659,-0.0033333659,-0.0033333659,0
1791370003,-0.0032892666,-0.0032892666,-0.0032892666,-0.0032892666,0
1791370303,-0.0032576739,-0.0032576739,-0.0032576739,-0.0032576739,0
1791370603,-0.0031334038,-0.0031334038,-0.0031334038,-0.0031334038,0
1791370903,-0.0031023542,-0.0031023542,-0.0031023542,-0.0031023542,0
1791371203,-0.0030672563,-0.0030672563,-0.0030672563,-0.0030672563,0
1791371503,-0.0029274388,-0.0029274388,-0.0029274388,-0.0029274388,0
1791371803,-0.0028117826,-0.0028117826,-0.0028117826,-0.0028117826,0
1791372103,-0.0026001511,-0.0026001511,-0.0026001511,-0.0026001511,0
1791372403,-0.0025298637,-0.0025298637,-0.0025298637,-0.0025298637,0
1791372703,-0.0024658384,-0.0024658384,-0.0024658384,-0.0024658384,0
1791373003,-0.0023760365,-0.0023760365,-0.0023760365,-0.0023760365,0
1791373303,-0.0022778714,-0.0022778714,-0.0022778714,-0.0022778714,0
1791373603,-0.0020544177,-0.0020544177,-0.0020544177,-0.0020544177,0
1791373903,-0.0019714524,-0.0019714524,-0.0019714524,-0.0019714524,0
1791374203,-0.0017890883,-0.0017890883,-0.0017890883,-0.0017890883,0
1791374503,-0.0015329688,-0.0015329688,-0.0015329688,-0.0015329688,0
1791374803,-0.0013706551,-0.0013706551,-0.0013706551,-0.0013706551,0
1791375103,-0.0011471853,-0.0011471853,-0.0011471853,-0.0011471853,0
1791375403,-0.0009353599,-0.0009353599,-0.0009353599,-0.0009353599,0
1791375703,-0.0007242195,-0.0007242195,-0.0007242195,-0.0007242195,0
1791376003,-0.0005724978,-0.0005724978,-0.0005724978,-0.0005724978,0
1791376303,-0.000372584,-0.000372584,-0.000372584,-0.000372584,0
1791376603,-0.0001486185,-0.0001486185,-0.0001486185,-0.0001486185,0
1791376903,0.0000181351,0.0000181351,0.0000181351,0.0000181351,0
1791377203,0.0000791451,0.0000791451,0.0000791451,0.0000791451,0
1791377503,0.0002296049,0.0002296049,0.0002296049,0.0002296049,0
1791377803,0.0003590031,0.0003590031,0.0003590031,0.0003590031,0
1791378103,0.0004533167,0.0004533167,0.0004533167,0.0004533167,0
1791378403,0.0005685448,0.0005685448,0.0005685448,0.0005685448,0
1791378703,0.0007425589,0.0007425589,0.0007425589,0.0007425589,0
1791379003,0.0008101163,0.0008101163,0.0008101163,0.0008101163,0
1791379303,0.0009097126,0.0009097126,0.0009097126,0.0009097126,0
1791379603,0.0009865267,0.0009865267,0.0009865267,0.0009865267,0
1791379903,0.0011627849,0.0011627849,0.0011627849,0.0011627849,0
1791380203,0.0012225925,0.0012225925,0.0012225925,0.0012225925,0
1791380503,0.0012409741,0.0012409741,0.0012409741,0.0012409741,0
1791380803,0.0014174807,0.0014174807,0.0014174807,0.0014174807,0
1791381103,0.0014410603,0.0014410603,0.0014410603,0.0014410603,0
1791381403,0.0016285344,0.0016285344,0.0016285344,0.0016285344,0
1791381703,0.0016000672,0.0016000672,0.0016000672,0.0016000672,0
1791382003,0.0016810792,0.0016810792,0.0016810792,0.0016810792,0
1791382303,0.0016874721,0.0016874721,0.0016874721,0.0016874721,0
1791382603,0.0016221575,0.0016221575,0.0016221575,0.0016221575,0
1791382903,0.001555021,0.001555021,0.001555021,0.001555021,0
1791383203,0.0016095441,0.0016095441,0.0016095441,0.0016095441,0
1791383503,0.0016873676,0.0016873676,0.0016873676,0.0016873676,0
1791383803,0.0016496238,0.0016496238,0.0016496238,0.0016496238,0
1791384103,0.0015954808,0.0015954808,0.0015954808,0.0015954808,0
1791384403,0.0016474814,0.0016474814,0.0016474814,0.0016474814,0
1791384703,0.0016553041,0.0016553041,0.0016553041,0.0016553041,0
1791385003,0.0017383337,0.0017383337,0.0017383337,0.0017383337,0
1791385303,0.0018898494,0.0018898494,0.0018898494,0.0018898494,0
1791385603,0.0019794409,0.0019794409,0.0019794409,0.0019794409,0
1791386203,0.0021539272,0.0021539272,0.0021539272,0.0021539272,0
1791386503,0.0021613547,0.0021613547,0.0021613547,0.0021613547,0
1791386803,0.0021047857,0.0021047857,0.0021047857,0.0021047857,0
1791387103,0.0021400136,0.0021400136,0.0021400136,0.0021400136,0
1791387403,0.002244635,0.002244635,0.002244635,0.002244635,0
1791387703,0.0021885902,0.0021885902,0.0021885902,0.0021885902,0
1791388003,0.0021658998,0.0021658998,0.0021658998,0.0021658998,0
1791388303,0.002114058,0.002114058,0.002114058,0.002114058,0
1791388603,0.0020724617,0.0020724617,0.0020724617,0.0020724617,0
1791388903,0.0020387681,0.0020387681,0.0020387681,0.0020387681,0
1791389203,0.0019708361,0.0019708361,0.0019708361,0.0019708361,0
1791389503,0.0018375673,0.0018375673,0.0018375673,0.0018375673,0
1791389803,0.0016856281,0.0016856281,0.0016856281,0.0016856281,0
1791390103,0.0015228395,0.0015228395,0.0015228395,0.0015228395,0
1791390403,0.0013497481,0.0013497481,0.0013497481,0.0013497481,0
1791390703,0.0012973134,0.0012973134,0.0012973134,0.0012973134,0
1791391003,0.0011456854,0.0011456854,0.0011456854,0.0011456854,0
1791391303,0.0009674387,0.0009674387,0.0009674387,0.0009674387,0
1791391603,0.0008624112,0.0008624112,0.0008624112,0.0008624112,0
1791391903,0.0007385366,0.0007385366,0.0007385366,0.0007385366,0
1791392503,0.0005339525,0.0005339525,0.0005339525,0.0005339525,0
1791392803,0.0003717185,0.0003717185,0.0003717185,0.0003717185,0
1791393103,0.0001755764,0.0001755764,0.0001755764,0.0001755764,0
1791393403,0.0000191676,0.0000191676,0.0000191676,0.0000191676,0
1791393703,-0.000158864,-0.000158864,-0.000158864,-0.000158864,0
1791394003,-0.0003116366,-0.0003116366,-0.0003116366,-0.0003116366,0
1791394303,-0.0004206311,-0.0004206311,-0.0004206311,-0.0004206311,0
1791394603,-0.0003978114,-0.0003978114,-0.0003978114,-0.0003978114,0
1791394903,-0.0004391544,-0.0004391544,-0.0004391544,-0.0004391544,0
1791395203,-0.0004221285,-0.0004221285,-0.0004221285,-0.0004221285,0
1791395503,-0.0003113329,-0.0003113329,-0.0003113329,-0.0003113329,0
1791395803,-0.0003136083,-0.0003136083,-0.0003136083,-0.0003136083,0
1791396103,-0.0003052959,-0.0003052959,-0.0003052959,-0.0003052959,0
1791396403,-0.0002088741,-0.0002088741,-0.0002088741,-0.0002088741,0
1791396703,-0.0002133446,-0.0002133446,-0.0002133446,-0.0002133446,0
1791397003,-0.0002082719,-0.0002082719,-0.0002082719,-0.0002082719,0
1791397303,-0.000204007,-0.000204007,-0.000204007,-0.000204007,0
1791397603,-0.0002048908,-0.0002048908,-0.0002048908,-0.0002048908,0
1791397903,-0.0002205984,-0.0002205984,-0.0002205984,-0.0002205984,0
1791398203,-0.0001772894,-0.0001772894,-0.0001772894,-0.0001772894,0
1791398503,-0.0002246635,-0.0002246635,-0.0002246635,-0.0002246635,0
1791398803,-0.0001210172,-0.0001210172,-0.0001210172,-0.0001210172,0
1791399103,-0.0000358258,-0.0000358258,-0.0000358258,-0.0000358258,0
1791399403,0.0000040714,0.0000040714,0.0000040714,0.0000040714,0
1791399703,0.0000446477,0.0000446477,0.0000446477,0.0000446477,0
1791400003,0.000063227,0.000063227,0.000063227,0.000063227,0
1791400303,0.0000772256,0.0000772256,0.0000772256,0.0000772256,0
1791400603,0.0000875527,0.0000875527,0.0000875527,0.0000875527,0
1791400903,0.0001088911,0.0001088911,0.0001088911,0.0001088911,0
1791401203,0.0001361896,0.0001361896,0.0001361896,0.0001361896,0
1791401503,0.0000880146,0.0000880146,0.0000880146,0.0000880146,0
1791401803,0.0001102489,0.0001102489,0.0001102489,0.0001102489,0
1791402103,0.0001873065,0.0001873065,0.0001873065,0.0001873065,0
1791453352,-0.0013921175,-0.0013921175,-0.0013921175,-0.0013921175,0
1791453652,-0.001300011,-0.001300011,-0.001300011,-0.001300011,0
1791453952,-0.0013236638,-0.0013236638,-0.0013236638,-0.0013236638,0
1791454252,-0.0013166416,-0.0013166416,-0.0013166416,-0.0013166416,0
1791454552,-0.0013565768,-0.0013565768,-0.0013565768,-0.0013565768,0
1791454852,-0.0014424161,-0.0014424161,-0.0014424161,-0.0014424161,0
1791455152,-0.0014635413,-0.0014635413,-0.0014635413,-0.0014635413,0
1791455452,-0.0014972282,-0.0014972282,-0.0014972282,-0.0014972282,0
1791455752,-0.0014438923,-0.0014438923,-0.0014438923,-0.0014438923,0
1791456052,-0.0014629328,-0.0014629328,-0.0014629328,-0.0014629328,0
1791456352,-0.001492209,-0.001492209,-0.001492209,-0.001492209,0
1791456652,-0.0015095471,-0.0015095471,-0.0015095471,-0.0015095471,0
1791456952,-0.0014598952,-0.0014598952,-0.0014598952,-0.0014598952,0
1791457252,-0.0014026378,-0.0014026378,-0.0014026378,-0.0014026378,0
1791457552,-0.0013650049,-0.0013650049,-0.0013650049,-0.0013650049,0
1791457852,-0.0014371793,-0.0014371793,-0.0014371793,-0.0014371793,0
1791458152,-0.0014450894,-0.0014450894,-0.0014450894,-0.0014450894,0
1791458452,-0.0012840699,-0.0012840699,-0.0012840699,-0.0012840699,0
1791458752,-0.001119443,-0.001119443,-0.001119443,-0.001119443,0
1791459052,-0.0009289603,-0.0009289603,-0.0009289603,-0.0009289603,0
1791459352,-0.0007470139,-0.0007470139,-0.0007470139,-0.0007470139,0
1791459652,-0.0006469412,-0.0006469412,-0.0006469412,-0.0006469412,0
1791459952,-0.0004383394,-0.0004383394,-0.0004383394,-0.0004383394,0
1791460252,-0.0003733799,-0.0003733799,-0.0003733799,-0.0003733799,0
1791460552,-0.0001559876,-0.0001559876,-0.0001559876,-0.0001559876,0
1791460852,0.000023994,0.000023994,0.000023994,0.000023994,0
1791461152,0.0000641494,0.0000641494,0.0000641494,0.0000641494,0
1791461452,0.0001861282,0.0001861282,0.0001861282,0.0001861282,0
1791461752,0.000291808,0.000291808,0.000291808,0.000291808,0
1791462052,0.0004611466,0.0004611466,0.0004611466,0.0004611466,0
1791462352,0.0005184923,0.0005184923,0.0005184923,0.0005184923,0
1791462652,0.0007122395,0.0007122395,0.0007122395,0.0007122395,0
1791462952,0.0008744434,0.0008744434,0.0008744434,0.0008744434,0
1791463252,0.0010528635,0.0010528635,0.0010528635,0.0010528635,0
1791463552,0.001232626,0.001232626,0.001232626,0.001232626,0
1791463852,0.0013068957,0.0013068957,0.0013068957,0.0013068957,0
1791464152,0.0002446914,0.0002446914,0.0002446914,0.0002446914,0
1791464452,0.0003096556,0.0003096556,0.0003096556,0.0003096556,0
1791464752,0.0002656116,0.0002656116,0.0002656116,0.0002656116,0
1791465052,0.0002593219,0.0002593219,0.0002593219,0.0002593219,0
1791465352,0.0003238712,0.0003238712,0.0003238712,0.0003238712,0
1791465652,0.0004159311,0.0004159311,0.0004159311,0.0004159311,0
1791465952,0.0005650523,0.0005650523,0.0005650523,0.0005650523,0
1791466252,0.0005980241,0.0005980241,0.0005980241,0.0005980241,0
1791466552,0.0006910749,0.0006910749,0.0006910749,0.0006910749,0
1791466852,0.0007908494,0.0007908494,0.0007908494,0.0007908494,0
1791467152,0.0008000447,0.0008000447,0.0008000447,0.0008000447,0
1791467452,0.0009210297,0.0009210297,0.0009210297,0.0009210297,0
1791467752,0.0011256132,0.0011256132,0.0011256132,0.0011256132,0
1791468052,0.001263978,0.001263978,0.001263978,0.001263978,0
1791468352,0.0014957186,0.0014957186,0.0014957186,0.0014957186,0
1791468652,0.00167835,0.00167835,0.00167835,0.00167835,0
1791468952,0.0018010111,0.0018010111,0.0018010111,0.0018010111,0
1791469252,0.0020139092,0.0020139092,0.0020139092,0.0020139092,0
1791469552,0.0021073215,0.0021073215,0.0021073215,0.0021073215,0
1791469852,0.002222688,0.002222688,0.002222688,0.002222688,0
1791470152,0.0023240375,0.0023240375,0.0023240375,0.0023240375,0
1791470452,0.0023768984,0.0023768984,0.0023768984,0.0023768984,0
1791470752,0.0024768094,0.0024768094,0.0024768094,0.0024768094,0
1791471052,0.0025873116,0.0025873116,0.0025873116,0.0025873116,0
1791471352,0.002649524,0.002649524,0.002649524,0.002649524,0
1791471652,0.0027411266,0.0027411266,0.0027411266,0.0027411266,0
1791471952,0.0027707544,0.0027707544,0.0027707544,0.0027707544,0
1791472252,0.0027879695,0.0027879695,0.0027879695,0.0027879695,0
1791472552,0.002844188,0.002844188,0.002844188,0.002844188,0
1791472852,0.0029588166,0.0029588166,0.0029588166,0.0029588166,0
1791473152,0.0026190761,0.0026190761,0.0026190761,0.0026190761,0
1791473452,0.0024168443,0.0024168443,0.0024168443,0.0024168443,0
1791473752,0.0023205163,0.0023205163,0.0023205163,0.0023205163,0
1791474052,0.0020822976,0.0020822976,0.0020822976,0.0020822976,0
1791474352,0.0021654112,0.0021654112,0.0021654112,0.0021654112,0
1791474652,0.0021302156,0.0021302156,0.0021302156,0.0021302156,0
1791474952,0.0021352846,0.0021352846,0.0021352846,0.0021352846,0
1791475252,0.0020391618,0.0020391618,0.0020391618,0.0020391618,0
1791475552,0.0020576949,0.0020576949,0.0020576949,0.0020576949,0
1791475852,0.0020094035,0.0020094035,0.0020094035,0.0020094035,0
1791476152,0.0020220714,0.0020220714,0.0020220714,0.0020220714,0
1791476452,0.001873853,0.001873853,0.001873853,0.001873853,0
1791476752,0.0017533555,0.0017533555,0.0017533555,0.0017533555,0
1791477052,0.0017160729,0.0017160729,0.0017160729,0.0017160729,0
1791477352,0.0016925688,0.0016925688,0.0016925688,0.0016925688,0
1791477652,0.0017921575,0.0017921575,0.0017921575,0.0017921575,0
1791477952,0.0018164064,0.0018164064,0.0018164064,0.0018164064,0
1791478252,0.0017176905,0.0017176905,0.0017176905,0.0017176905,0
1791478552,0.0016718569,0.0016718569,0.0016718569,0.0016718569,0
1791478852,0.0015963281,0.0015963281,0.0015963281,0.0015963281,0
1791479152,0.0014246404,0.0014246404,0.0014246404,0.0014246404,0
1791479452,0.00130431,0.00130431,0.00130431,0.00130431,0
1791479752,0.0012637669,0.0012637669,0.0012637669,0.0012637669,0
1791480052,0.0011596411,0.0011596411,0.0011596411,0.0011596411,0
1791480352,0.0010933774,0.0010933774,0.0010933774,0.0010933774,0
1791480652,0.0010286331,0.0010286331,0.0010286331,0.0010286331,0
1791480952,0.0010837892,0.0010837892,0.0010837892,0.0010837892,0
1791481252,0.0012096335,0.0012096335,0.0012096335,0.0012096335,0
1791481552,0.0013351294,0.0013351294,0.0013351294,0.0013351294,0
1791481852,0.0014124985,0.0014124985,0.0014124985,0.0014124985,0
1791482152,0.0015383968,0.0015383968,0.0015383968,0.0015383968,0
1791482452,0.0016008046,0.0016008046,0.0016008046,0.0016008046,0
1791482752,0.0016023255,0.0016023255,0.0016023255,0.0016023255,0
1791483052,0.0017275336,0.0017275336,0.0017275336,0.0017275336,0
1791483352,0.0019029464,0.0019029464,0.0019029464,0.0019029464,0
1791483652,0.0019400709,0.0019400709,0.0019400709,0.0019400709,0
1791483952,0.0019579888,0.0019579888,0.0019579888,0.0019579888,0
1791484252,0.0019668384,0.0019668384,0.0019668384,0.0019668384,0
1791484552,0.0020604777,0.0020604777,0.0020604777,0.0020604777,0
1791484852,0.0020283187,0.0020283187,0.0020283187,0.0020283187,0
1791485152,0.002050936,0.002050936,0.002050936,0.002050936,0
1791485452,0.0020764467,0.0020764467,0.0020764467,0.0020764467,0
1791485752,0.001999672,0.001999672,0.001999672,0.001999672,0
1791486052,0.0019954402,0.0019954402,0.0019954402,0.0019954402,0
1791486352,0.0020300376,0.0020300376,0.0020300376,0.0020300376,0
1791486652,0.002015901,0.002015901,0.002015901,0.002015901,0
1791486952,0.0019753199,0.0019753199,0.0019753199,0.0019753199,0
1791487252,0.0019544951,0.0019544951,0.0019544951,0.0019544951,0
1791487552,0.0018989943,0.0018989943,0.0018989943,0.0018989943,0
1791487852,0.0017296582,0.0017296582,0.0017296582,0.0017296582,0
1791488152,0.0016169068,0.0016169068,0.0016169068,0.0016169068,0
1791488452,0.0015327746,0.0015327746,0.0015327746,0.0015327746,0
1791488752,0.0013690797,0.0013690797,0.0013690797,0.0013690797,0
1791489052,0.0013204664,0.0013204664,0.0013204664,0.0013204664,0
1791489352,0.0011818779,0.0011818779,0.0011818779,0.0011818779,0
1791489652,0.0010938985,0.0010938985,0.0010938985,0.0010938985,0
1791489952,0.0009714055,0.0009714055,0.0009714055,0.0009714055,0
1791490252,0.0007477711,0.0007477711,0.0007477711,0.0007477711,0
1791490552,0.0005182841,0.0005182841,0.0005182841,0.0005182841,0
1791490852,0.0002797672,0.0002797672,0.0002797672,0.0002797672,0
1791491152,0.0001048865,0.0001048865,0.0001048865,0.0001048865,0
1791491452,-0.0000927319,-0.0000927319,-0.0000927319,-0.0000927319,0
1791491752,-0.0001906173,-0.0001906173,-0.0001906173,-0.0001906173,0
1791492052,-0.0001901722,-0.0001901722,-0.0001901722,-0.0001901722,0
1791492352,-0.0001658448,-0.0001658448,-0.0001658448,-0.0001658448,0
1791492652,-0.000210677,-0.000210677,-0.000210677,-0.000210677,0
1791492952,-0.0002182793,-0.0002182793,-0.0002182793,-0.0002182793,0
1791493252,-0.0001511317,-0.0001511317,-0.0001511317,-0.0001511317,0
1791493552,-0.0002458667,-0.0002458667,-0.0002458667,-0.0002458667,0
1791493852,-0.0001883087,-0.0001883087,-0.0001883087,-0.0001883087,0
1791494152,-0.0001746122,-0.0001746122,-0.0001746122,-0.0001746122,0
1791494452,-0.0001805092,-0.0001805092,-0.0001805092,-0.0001805092,0
1791494752,-0.0001189704,-0.0001189704,-0.0001189704,-0.0001189704,0
1791495052,-0.0000194558,-0.0000194558,-0.0000194558,-0.0000194558,0
1791495352,0.0001431497,0.0001431497,0.0001431497,0.0001431497,0
1791495652,0.0002729781,0.0002729781,0.0002729781,0.0002729781,0
1791495952,0.0004058324,0.0004058324,0.0004058324,0.0004058324,0
1791496252,0.0004279321,0.0004279321,0.0004279321,0.0004279321,0
1791496552,0.0005663915,0.0005663915,0.0005663915,0.0005663915,0
1791496852,0.0006868222,0.0006868222,0.0006868222,0.0006868222,0
1791497152,0.0008136478,0.0008136478,0.0008136478,0.0008136478,0
1791497452,0.0010004204,0.0010004204,0.0010004204,0.0010004204,0
1791497752,0.0010672489,0.0010672489,0.0010672489,0.0010672489,0
1791498052,0.0011304468,0.0011304468,0.0011304468,0.0011304468,0
1791498352,0.0011226033,0.0011226033,0.0011226033,0.0011226033,0
1791498652,0.0010982744,0.0010982744,0.0010982744,0.0010982744,0
1791498952,0.0010798577,0.0010798577,0.0010798577,0.0010798577,0
1791499252,0.0012055581,0.0012055581,0.0012055581,0.0012055581,0
1791499552,0.0011880428,0.0011880428,0.0011880428,0.0011880428,0
1791499852,0.0011115556,0.0011115556,0.0011115556,0.0011115556,0
1791500152,0.0010621947,0.0010621947,0.0010621947,0.0010621947,0
1791500452,0.0010420442,0.0010420442,0.0010420442,0.0010420442,0
1791500752,0.001202179,0.001202179,0.001202179,0.001202179,0
1791501052,0.0013563021,0.0013563021,0.0013563021,0.0013563021,0
1791501352,0.0014244772,0.0014244772,0.0014244772,0.0014244772,0
1791501652,0.0015576792,0.0015576792,0.0015576792,0.0015576792,0
1791501952,0.001620362,0.001620362,0.001620362,0.001620362,0
1791502252,0.0016283603,0.0016283603,0.0016283603,0.0016283603,0
1791502552,0.001669334,0.001669334,0.001669334,0.001669334,0
1791502852,0.0016734771,0.0016734771,0.0016734771,0.0016734771,0
1791503152,0.0016589243,0.0016589243,0.0016589243,0.0016589243,0
1791503452,0.0016083242,0.0016083242,0.0016083242,0.0016083242,0
1791503752,0.0015693607,0.0015693607,0.0015693607,0.0015693607,0
1791504052,0.0014761435,0.0014761435,0.0014761435,0.0014761435,0
1791504352,0.0015233564,0.0015233564,0.0015233564,0.0015233564,0
1791504652,0.0016322441,0.0016322441,0.0016322441,0.0016322441,0
1791504952,0.0017099003,0.0017099003,0.0017099003,0.0017099003,0
1791505252,0.001749287,0.001749287,0.001749287,0.001749287,0
1791505552,0.0018204903,0.0018204903,0.0018204903,0.0018204903,0
1791505852,0.0018307457,0.0018307457,0.0018307457,0.0018307457,0
1791506152,0.0019690908,0.0019690908,0.0019690908,0.0019690908,0
1791506452,0.0020554018,0.0020554018,0.0020554018,0.0020554018,0
1791506752,0.0021747824,0.0021747824,0.0021747824,0.0021747824,0
1791507052,0.0023290212,0.0023290212,0.0023290212,0.0023290212,0
1791507352,0.0024276961,0.0024276961,0.0024276961,0.0024276961,0
1791507652,0.0025793182,0.0025793182,0.0025793182,0.0025793182,0
1791507952,0.0026929625,0.0026929625,0.0026929625,0.0026929625,0
1791508252,0.0028191805,0.0028191805,0.0028191805,0.0028191805,0
1791508552,0.0028913307,0.0028913307,0.0028913307,0.0028913307,0
1791508852,0.0029628733,0.0029628733,0.0029628733,0.0029628733,0
1791509152,0.0030990184,0.0030990184,0.0030990184,0.0030990184,0
1791509452,0.0032618575,0.0032618575,0.0032618575,0.0032618575,0
1791509752,0.0033732758,0.0033732758,0.0033732758,0.0033732758,0
1791510052,0.0034576324,0.0034576324,0.0034576324,0.0034576324,0
1791510352,0.0036424606,0.0036424606,0.0036424606,0.0036424606,0
1791510652,0.0037275599,0.0037275599,0.0037275599,0.0037275599,0
1791510952,0.003834584,0.003834584,0.003834584,0.003834584,0
1791511252,0.0038377645,0.0038377645,0.0038377645,0.0038377645,0
1791511552,0.0039794808,0.0039794808,0.0039794808,0.0039794808,0
1791511852,0.0041611103,0.0041611103,0.0041611103,0.0041611103,0
1791512152,0.0041301539,0.0041301539,0.0041301539,0.0041301539,0
1791512452,0.0041672335,0.0041672335,0.0041672335,0.0041672335,0
1791512752,0.0042340336,0.0042340336,0.0042340336,0.0042340336,0
1791513052,0.004198229,0.004198229,0.004198229,0.004198229,0
1791513352,0.0041556174,0.0041556174,0.0041556174,0.0041556174,0
1791513652,0.0041292394,0.0041292394,0.0041292394,0.0041292394,0
1791513952,0.0042534273,0.0042534273,0.0042534273,0.0042534273,0
1791514252,0.0044010447,0.0044010447,0.0044010447,0.0044010447,0
1791514552,0.0044887537,0.0044887537,0.0044887537,0.0044887537,0
1791514852,0.0046333759,0.0046333759,0.0046333759,0.0046333759,0
1791515152,0.0047509234,0.0047509234,0.0047509234,0.0047509234,0
1791515452,0.0048941519,0.0048941519,0.0048941519,0.0048941519,0
1791515752,0.0049939494,0.0049939494,0.0049939494,0.0049939494,0
1791516052,0.0052003884,0.0052003884,0.0052003884,0.0052003884,0
1791516352,0.0053116902,0.0053116902,0.0053116902,0.0053116902,0
1791516652,0.0053532112,0.0053532112,0.0053532112,0.0053532112,0
1791516952,0.0053535911,0.0053535911,0.0053535911,0.0053535911,0
1791517252,0.0054256383,0.0054256383,0.0054256383,0.0054256383,0
1791517552,0.0054671833,0.0054671833,0.0054671833,0.0054671833,0
1791517852,0.0055897459,0.0055897459,0.0055897459,0.0055897459,0
1791518152,0.0056503493,0.0056503493,0.0056503493,0.0056503493,0
1791518452,0.0056554433,0.0056554433,0.0056554433,0.0056554433,0
1791518752,0.0056495661,0.0056495661,0.0056495661,0.0056495661,0
1791519052,0.0056386754,0.0056386754,0.0056386754,0.0056386754,0
1791519352,0.0056297217,0.0056297217,0.0056297217,0.0056297217,0
1791519652,0.0056706635,0.0056706635,0.0056706635,0.0056706635,0
1791519952,0.0056178279,0.0056178279,0.0056178279,0.0056178279,0
1791520252,0.0055910652,0.0055910652,0.0055910652,0.0055910652,0
1791520552,0.0055551399,0.0055551399,0.0055551399,0.0055551399,0
1791520852,0.0055906479,0.0055906479,0.0055906479,0.0055906479,0
1791521152,0.0056823749,0.0056823749,0.0056823749,0.0056823749,0
1791521452,0.0057894953,0.0057894953,0.0057894953,0.0057894953,0
1791521752,0.0058078567,0.0058078567,0.0058078567,0.0058078567,0
1791522052,0.0059158147,0.0059158147,0.0059158147,0.0059158147,0
1791522352,0.0060170157,0.0060170157,0.0060170157,0.0060170157,0
1791522652,0.0061206498,0.0061206498,0.0061206498,0.0061206498,0
1791522952,0.0061781158,0.0061781158,0.0061781158,0.0061781158,0
1791523252,0.0062259325,0.0062259325,0.0062259325,0.0062259325,0
1791523552,0.006259696,0.006259696,0.006259696,0.006259696,0
1791523852,0.0063374761,0.0063374761,0.0063374761,0.0063374761,0
1791524152,0.0063731461,0.0063731461,0.0063731461,0.0063731461,0
1791524452,0.0064656013,0.0064656013,0.0064656013,0.0064656013,0
1791524752,0.0065672981,0.0065672981,0.0065672981,0.0065672981,0
1791525052,0.0066675557,0.0066675557,0.0066675557,0.0066675557,0
1791525352,0.0067188709,0.0067188709,0.0067188709,0.0067188709,0
1791525652,0.0068177888,0.0068177888,0.0068177888,0.0068177888,0
1791525952,0.0068825093,0.0068825093,0.0068825093,0.0068825093,0
1791526252,0.0069177278,0.0069177278,0.0069177278,0.0069177278,0
1791526552,0.0069528873,0.0069528873,0.0069528873,0.0069528873,0
1791526852,0.0070183405,0.0070183405,0.0070183405,0.0070183405,0
1791527152,0.0069981542,0.0069981542,0.0069981542,0.0069981542,0
1791527452,0.007084146,0.007084146,0.007084146,0.007084146,0
1791527752,0.0070498774,0.0070498774,0.0070498774,0.0070498774,0
1791528052,0.0070872403,0.0070872403,0.0070872403,0.0070872403,0
1791528352,0.0070826076,0.0070826076,0.0070826076,0.0070826076,0
1791528652,0.007015385,0.007015385,0.007015385,0.007015385,0
1791528952,0.0068510271,0.0068510271,0.0068510271,0.0068510271,0
1791529252,0.0067051062,0.0067051062,0.0067051062,0.0067051062,0
1791529552,0.0065929019,0.0065929019,0.0065929019,0.0065929019,0
1791529852,0.0065239126,0.0065239126,0.0065239126,0.0065239126,0
1791530152,0.0064677941,0.0064677941,0.0064677941,0.0064677941,0
1791530452,0.006404919,0.006404919,0.006404919,0.006404919,0
1791530752,0.0063720354,0.0063720354,0.0063720354,0.0063720354,0
1791531052,0.0063407013,0.0063407013,0.0063407013,0.0063407013,0
1791531352,0.0062570919,0.0062570919,0.0062570919,0.0062570919,0
1791531652,0.0057640059,0.0057640059,0.0057640059,0.0057640059,0
1791531952,0.0051450255,0.0051450255,0.0051450255,0.0051450255,0
1791532252,0.0048288787,0.0048288787,0.0048288787,0.0048288787,0
1791532552,0.004637391,0.004637391,0.004637391,0.004637391,0
1791532852,0.0044786432,0.0044786432,0.0044786432,0.0044786432,0
1791533152,0.0043193902,0.0043193902,0.0043193902,0.0043193902,0
1791533452,0.0042603817,0.0042603817,0.0042603817,0.0042603817,0
1791533752,0.0042162846,0.0042162846,0.0042162846,0.0042162846,0
1791534052,0.0041824335,0.0041824335,0.0041824335,0.0041824335,0
1791534352,0.0041226509,0.0041226509,0.0041226509,0.0041226509,0
1791534652,0.0040628285,0.0040628285,0.0040628285,0.0040628285,0
1791534952,0.0040212593,0.0040212593,0.0040212593,0.0040212593,0
1791535252,0.0039543329,0.0039543329,0.0039543329,0.0039543329,0
1791535552,0.0039449741,0.0039449741,0.0039449741,0.0039449741,0
1791535852,0.0039274393,0.0039274393,0.0039274393,0.0039274393,0
1791536152,0.0040064736,0.0040064736,0.0040064736,0.0040064736,0
1791536452,0.0040406075,0.0040406075,0.0040406075,0.0040406075,0
1791536752,0.0039478235,0.0039478235,0.0039478235,0.0039478235,0
1791537052,0.003850572,0.003850572,0.003850572,0.003850572,0
1791537352,0.0037087004,0.0037087004,0.0037087004,0.0037087004,0
1791537652,0.0036703846,0.0036703846,0.0036703846,0.0036703846,0
1791537952,0.003692053,0.003692053,0.003692053,0.003692053,0
1791538252,0.0036135381,0.0036135381,0.0036135381,0.0036135381,0
1791538552,0.0035796544,0.0035796544,0.0035796544,0.0035796544,0
1791538852,0.0035205232,0.0035205232,0.0035205232,0.0035205232,0
1791539152,0.0034023522,0.0034023522,0.0034023522,0.0034023522,0
1791539452,0.003312029,0.003312029,0.003312029,0.003312029,0
1791539752,0.0032640022,0.0032640022,0.0032640022,0.0032640022,0
1791540052,0.0032356651,0.0032356651,0.0032356651,0.0032356651,0
1791540352,0.0032035538,0.0032035538,0.0032035538,0.0032035538,0
1791540652,0.0031580181,0.0031580181,0.0031580181,0.0031580181,0
1791540952,0.0031617503,0.0031617503,0.0031617503,0.0031617503,0
1791541252,0.0031373923,0.0031373923,0.0031373923,0.0031373923,0
1791541552,0.0030439311,0.0030439311,0.0030439311,0.0030439311,0
1791541852,0.0029293152,0.0029293152,0.0029293152,0.0029293152,0
1791542152,0.0028759173,0.0028759173,0.0028759173,0.0028759173,0
1791542452,0.0028728187,0.0028728187,0.0028728187,0.0028728187,0
1791542752,0.0028853453,0.0028853453,0.0028853453,0.0028853453,0
1791543052,0.0029574209,0.0029574209,0.0029574209,0.0029574209,0
1791543352,0.0029649553,0.0029649553,0.0029649553,0.0029649553,0
1791543652,0.0029003821,0.0029003821,0.0029003821,0.0029003821,0
1791543952,0.0028706231,0.0028706231,0.0028706231,0.0028706231,0
1791544252,0.002863133,0.002863133,0.002863133,0.002863133,0
1791544552,0.0029057223,0.0029057223,0.0029057223,0.0029057223,0
1791544852,0.0029329955,0.0029329955,0.0029329955,0.0029329955,0
1791545152,0.0029268007,0.0029268007,0.0029268007,0.0029268007,0
1791545452,0.0029796261,0.0029796261,0.0029796261,0.0029796261,0
1791545752,0.003061469,0.003061469,0.003061469,0.003061469,0
1791546052,0.0031330143,0.0031330143,0.0031330143,0.0031330143,0
1791546352,0.0030433799,0.0030433799,0.0030433799,0.0030433799,0
1791546652,0.0029702498,0.0029702498,0.0029702498,0.0029702498,0
1791546952,0.0028143479,0.0028143479,0.0028143479,0.0028143479,0
1791547252,0.0026714018,0.0026714018,0.0026714018,0.0026714018,0
1791547552,0.0025466484,0.0025466484,0.0025466484,0.0025466484,0
1791547852,0.0025062798,0.0025062798,0.0025062798,0.0025062798,0
1791548152,0.0023794967,0.0023794967,0.0023794967,0.0023794967,0
1791548452,0.0021457017,0.0021457017,0.0021457017,0.0021457017,0
1791548752,0.0019489603,0.0019489603,0.0019489603,0.0019489603,0
1791549052,0.0018298802,0.0018298802,0.0018298802,0.0018298802,0
1791549352,0.0017793816,0.0017793816,0.0017793816,0.0017793816,0
1791549652,0.001655009,0.001655009,0.001655009,0.001655009,0
1791549952,0.001473528,0.001473528,0.001473528,0.001473528,0
1791550252,0.0013657711,0.0013657711,0.0013657711,0.0013657711,0
1791550552,0.0013139743,0.0013139743,0.0013139743,0.0013139743,0
1791550852,0.0012267374,0.0012267374,0.0012267374,0.0012267374,0
1791551152,0.0011966303,0.0011966303,0.0011966303,0.0011966303,0
1791551452,0.0011405489,0.0011405489,0.0011405489,0.0011405489,0
1791551752,0.0010339966,0.0010339966,0.0010339966,0.0010339966,0
1791552052,0.0008931064,0.0008931064,0.0008931064,0.0008931064,0
1791552352,0.0008153426,0.0008153426,0.0008153426,0.0008153426,0
1791552652,0.0006928389,0.0006928389,0.0006928389,0.0006928389,0
1791552952,0.0005946803,0.0005946803,0.0005946803,0.0005946803,0
1791553252,0.0006373908,0.0006373908,0.0006373908,0.0006373908,0
1791553552,0.0006726107,0.0006726107,0.0006726107,0.0006726107,0
1791553852,0.0006723177,0.0006723177,0.0006723177,0.0006723177,0
1791554152,0.0006352405,0.0006352405,0.0006352405,0.0006352405,0
1791554452,0.0006684378,0.0006684378,0.0006684378,0.0006684378,0
1791554752,0.0006659536,0.0006659536,0.0006659536,0.0006659536,0
1791555052,0.0007364316,0.0007364316,0.0007364316,0.0007364316,0
1791555352,0.0007862884,0.0007862884,0.0007862884,0.0007862884,0
1791555652,0.0007268028,0.0007268028,0.0007268028,0.0007268028,0
1791555952,0.0007751268,0.0007751268,0.0007751268,0.0007751268,0
1791556252,0.0007100482,0.0007100482,0.0007100482,0.0007100482,0
1791556552,0.0007110926,0.0007110926,0.0007110926,0.0007110926,0
1791556852,0.0006037047,0.0006037047,0.0006037047,0.0006037047,0
1791557152,0.0005703234,0.0005703234,0.0005703234,0.0005703234,0
1791557452,0.0005721739,0.0005721739,0.0005721739,0.0005721739,0
1791557752,0.0005360863,0.0005360863,0.0005360863,0.0005360863,0
1791558052,0.0005363371,0.0005363371,0.0005363371,0.0005363371,0
1791558352,0.0006378205,0.0006378205,0.0006378205,0.0006378205,0
1791558652,0.0006758797,0.0006758797,0.0006758797,0.0006758797,0
1791558952,0.0008127705,0.0008127705,0.0008127705,0.0008127705,0
1791559252,0.0009357982,0.0009357982,0.0009357982,0.0009357982,0
1791559552,0.00101537,0.00101537,0.00101537,0.00101537,0
1791559852,0.0010517066,0.0010517066,0.0010517066,0.0010517066,0
1791560152,0.0011134929,0.0011134929,0.0011134929,0.0011134929,0
1791560452,0.0011882086,0.0011882086,0.0011882086,0.0011882086,0
1791560752,0.0013294923,0.0013294923,0.0013294923,0.0013294923,0
1791561052,0.0014924344,0.0014924344,0.0014924344,0.0014924344,0
1791561352,0.0015398353,0.0015398353,0.0015398353,0.0015398353,0
1791561652,0.0015852031,0.0015852031,0.0015852031,0.0015852031,0
1791561952,0.0016719391,0.0016719391,0.0016719391,0.0016719391,0
1791562252,0.0017969395,0.0017969395,0.0017969395,0.0017969395,0
1791562552,0.0018598854,0.0018598854,0.0018598854,0.0018598854,0
1791562852,0.0018739861,0.0018739861,0.0018739861,0.0018739861,0
1791563152,0.0018790043,0.0018790043,0.0018790043,0.0018790043,0
1791563452,0.0018969206,0.0018969206,0.0018969206,0.0018969206,0
1791563752,0.0019640014,0.0019640014,0.0019640014,0.0019640014,0
1791564052,0.0021542777,0.0021542777,0.0021542777,0.0021542777,0
1791564352,0.002248591,0.002248591,0.002248591,0.002248591,0
1791564652,0.002277615,0.002277615,0.002277615,0.002277615,0
1791564952,0.0023759343,0.0023759343,0.0023759343,0.0023759343,0
1791565252,0.0024525723,0.0024525723,0.0024525723,0.0024525723,0
1791565552,0.002500642,0.002500642,0.002500642,0.002500642,0
1791565852,0.0025370258,0.0025370258,0.0025370258,0.0025370258,0
1791566152,0.0026591703,0.0026591703,0.0026591703,0.0026591703,0
1791566452,0.0027701471,0.0027701471,0.0027701471,0.0027701471,0
1791566752,0.0028634789,0.0028634789,0.0028634789,0.0028634789,0
1791567052,0.0029682921,0.0029682921,0.0029682921,0.0029682921,0
1791567352,0.0030874329,0.0030874329,0.0030874329,0.0030874329,0
1791567652,0.0032340263,0.0032340263,0.0032340263,0.0032340263,0
1791567952,0.0033402844,0.0033402844,0.0033402844,0.0033402844,0
1791568252,0.0034217268,0.0034217268,0.0034217268,0.0034217268,0
1791568552,0.0035288717,0.0035288717,0.0035288717,0.0035288717,0
1791568852,0.0036622023,0.0036622023,0.0036622023,0.0036622023,0
1791569152,0.0037127108,0.0037127108,0.0037127108,0.0037127108,0
1791569452,0.0038185427,0.0038185427,0.0038185427,0.0038185427,0
1791569752,0.0038755444,0.0038755444,0.0038755444,0.0038755444,0
1791570052,0.004015597,0.004015597,0.004015597,0.004015597,0
1791570352,0.003957471,0.003957471,0.003957471,0.003957471,0
1791570652,0.0040042366,0.0040042366,0.0040042366,0.0040042366,0
1791570952,0.0040633718,0.0040633718,0.0040633718,0.0040633718,0
1791571252,0.0041719067,0.0041719067,0.0041719067,0.0041719067,0
1791571552,0.0043230848,0.0043230848,0.0043230848,0.0043230848,0
1791571852,0.0044702727,0.0044702727,0.0044702727,0.0044702727,0
1791572152,0.0045588301,0.0045588301,0.0045588301,0.0045588301,0
1791572452,0.0045795267,0.0045795267,0.0045795267,0.0045795267,0
1791572752,0.0046330336,0.0046330336,0.0046330336,0.0046330336,0
1791573052,0.0047634349,0.0047634349,0.0047634349,0.0047634349,0
1791573352,0.0047879534,0.0047879534,0.0047879534,0.0047879534,0
1791573652,0.0048053375,0.0048053375,0.0048053375,0.0048053375,0
1791573952,0.0049274126,0.0049274126,0.0049274126,0.0049274126,0
1791574252,0.0050143928,0.0050143928,0.0050143928,0.0050143928,0
1791574552,0.0051495117,0.0051495117,0.0051495117,0.0051495117,0
1791574852,0.0053065665,0.0053065665,0.0053065665,0.0053065665,0
1791575152,0.0054473487,0.0054473487,0.0054473487,0.0054473487,0
1791575452,0.0056395493,0.0056395493,0.0056395493,0.0056395493,0
1791575752,0.0058347957,0.0058347957,0.0058347957,0.0058347957,0
1791576052,0.006043763,0.006043763,0.006043763,0.006043763,0
1791576352,0.006256317,0.006256317,0.006256317,0.006256317,0
1791576652,0.0063992672,0.0063992672,0.0063992672,0.0063992672,0
1791576952,0.0066280136,0.0066280136,0.0066280136,0.0066280136,0
1791577252,0.0068595727,0.0068595727,0.0068595727,0.0068595727,0
1791577552,0.0070551137,0.0070551137,0.0070551137,0.0070551137,0
1791577852,0.0071497978,0.0071497978,0.0071497978,0.0071497978,0
1791578152,0.0072744328,0.0072744328,0.0072744328,0.0072744328,0
1791578452,0.0074321627,0.0074321627,0.0074321627,0.0074321627,0
1791578752,0.0076292404,0.0076292404,0.0076292404,0.0076292404,0
1791579052,0.0078006614,0.0078006614,0.0078006614,0.0078006614,0
1791579352,0.007926959,0.007926959,0.007926959,0.007926959,0
1791579652,0.0079536918,0.0079536918,0.0079536918,0.0079536918,0
1791579952,0.0079617643,0.0079617643,0.0079617643,0.0079617643,0
1791580252,0.007954815,0.007954815,0.007954815,0.007954815,0
1791580552,0.007928557,0.007928557,0.007928557,0.007928557,0
1791580852,0.0078830525,0.0078830525,0.0078830525,0.0078830525,0
1791581152,0.0079188609,0.0079188609,0.0079188609,0.0079188609,0
1791581452,0.007873021,0.007873021,0.007873021,0.007873021,0
1791581752,0.0078336066,0.0078336066,0.0078336066,0.0078336066,0
1791582052,0.0078270307,0.0078270307,0.0078270307,0.0078270307,0
1791582352,0.0078194538,0.0078194538,0.0078194538,0.0078194538,0
1791582652,0.0079217385,0.0079217385,0.0079217385,0.0079217385,0
1791582952,0.0079678593,0.0079678593,0.0079678593,0.0079678593,0
1791583252,0.0080584422,0.0080584422,0.0080584422,0.0080584422,0
1791583552,0.0080479356,0.0080479356,0.0080479356,0.0080479356,0
1791583852,0.0079349608,0.0079349608,0.0079349608,0.0079349608,0
1791584152,0.0078370011,0.0078370011,0.0078370011,0.0078370011,0
1791584452,0.0078596926,0.0078596926,0.0078596926,0.0078596926,0
1791584752,0.007870887,0.007870887,0.007870887,0.007870887,0
1791585052,0.0078982833,0.0078982833,0.0078982833,0.0078982833,0
1791585352,0.0079055187,0.0079055187,0.0079055187,0.0079055187,0
1791585652,0.0078493615,0.0078493615,0.0078493615,0.0078493615,0
1791585952,0.0077900488,0.0077900488,0.0077900488,0.0077900488,0
1791586252,0.0077045444,0.0077045444,0.0077045444,0.0077045444,0
1791586552,0.0076258843,0.0076258843,0.0076258843,0.0076258843,0
1791586852,0.007506648,0.007506648,0.007506648,0.007506648,0
1791587152,0.0074004433,0.0074004433,0.0074004433,0.0074004433,0
1791587452,0.0072672476,0.0072672476,0.0072672476,0.0072672476,0
1791587752,0.0071046699,0.0071046699,0.0071046699,0.0071046699,0
1791588052,0.0069312731,0.0069312731,0.0069312731,0.0069312731,0
1791588352,0.0067815292,0.0067815292,0.0067815292,0.0067815292,0
1791588652,0.0067365145,0.0067365145,0.0067365145,0.0067365145,0
1791588952,0.006639986,0.006639986,0.006639986,0.006639986,0
1791589252,0.0065247902,0.0065247902,0.0065247902,0.0065247902,0
1791589552,0.0064300676,0.0064300676,0.0064300676,0.0064300676,0
1791589852,0.0063342598,0.0063342598,0.0063342598,0.0063342598,0
1791590152,0.006223437,0.006223437,0.006223437,0.006223437,0
1791590452,0.0060572602,0.0060572602,0.0060572602,0.0060572602,0
1791590752,0.005771789,0.005771789,0.005771789,0.005771789,0
1791591052,0.0055813703,0.0055813703,0.0055813703,0.0055813703,0
1791591352,0.0054443444,0.0054443444,0.0054443444,0.0054443444,0
1791591652,0.0053607023,0.0053607023,0.0053607023,0.0053607023,0
1791591952,0.0053381548,0.0053381548,0.0053381548,0.0053381548,0
1791592252,0.005230019,0.005230019,0.005230019,0.005230019,0
1791592552,0.0050168796,0.0050168796,0.0050168796,0.0050168796,0
1791592852,0.0049379719,0.0049379719,0.0049379719,0.0049379719,0
1791593152,0.0048034389,0.0048034389,0.0048034389,0.0048034389,0
1791593452,0.0046896374,0.0046896374,0.0046896374,0.0046896374,0
1791593752,0.0046268493,0.0046268493,0.0046268493,0.0046268493,0
1791594052,0.0046032544,0.0046032544,0.0046032544,0.0046032544,0
1791594352,0.0046211645,0.0046211645,0.0046211645,0.0046211645,0
1791594652,0.0045685152,0.0045685152,0.0045685152,0.0045685152,0
1791594952,0.0044926669,0.0044926669,0.0044926669,0.0044926669,0
1791595252,0.0043704498,0.0043704498,0.0043704498,0.0043704498,0
1791595552,0.0042157651,0.0042157651,0.0042157651,0.0042157651,0
1791595852,0.0040391214,0.0040391214,0.0040391214,0.0040391214,0
1791596152,0.0039125003,0.0039125003,0.0039125003,0.0039125003,0
1791596452,0.0038763504,0.0038763504,0.0038763504,0.0038763504,0
1791596752,0.0038110755,0.0038110755,0.0038110755,0.0038110755,0
1791597052,0.0038122171,0.0038122171,0.0038122171,0.0038122171,0
1791597352,0.0037522285,0.0037522285,0.0037522285,0.0037522285,0
1791597652,0.0036456064,0.0036456064,0.0036456064,0.0036456064,0
1791597952,0.0035351135,0.0035351135,0.0035351135,0.0035351135,0
1791598252,0.0034454557,0.0034454557,0.0034454557,0.0034454557,0
1791598552,0.0033693732,0.0033693732,0.0033693732,0.0033693732,0
1791598852,0.0032024645,0.0032024645,0.0032024645,0.0032024645,0
1791599152,0.0031392003,0.0031392003,0.0031392003,0.0031392003,0
1791599452,0.0030670922,0.0030670922,0.0030670922,0.0030670922,0
1791599752,0.0029205042,0.0029205042,0.0029205042,0.0029205042,0
